Aug 17 18:57:49 fedora kernel: Linux version 7.1.5-201.fc44.x86_64 (mockbuild@9b86e96a386140128351588d751166fd) (gcc (GCC) 16.1.1 20260515 (Red Hat 16.1.1-2), GNU ld version 2.46.1-1.fc44) #1 SMP PREEMPT_DYNAMIC Tue Jul 28 14:16:30 UTC 2026
Aug 17 18:57:49 fedora kernel: Command line: BOOT_IMAGE=/images/pxeboot/vmlinuz root=live:CDLABEL=Bunny-OS-Beta rd.live.image enforcing=0 plymouth.enable=0 console=tty0 rhgb quiet
Aug 17 18:57:49 fedora kernel: x86/CPU: Model not found in latest microcode list
Aug 17 18:57:49 fedora kernel: BIOS-provided physical RAM map:
Aug 17 18:57:49 fedora kernel: BIOS-e820: [mem 0x0000000000000000-0x000000000009ffff]  System RAM
Aug 17 18:57:49 fedora kernel: BIOS-e820: [gap 0x00000000000a0000-0x00000000000fffff]
Aug 17 18:57:49 fedora kernel: BIOS-e820: [mem 0x0000000000100000-0x00000000007fffff]  System RAM
Aug 17 18:57:49 fedora kernel: BIOS-e820: [mem 0x0000000000800000-0x0000000000807fff]  ACPI NVS
Aug 17 18:57:49 fedora kernel: BIOS-e820: [mem 0x0000000000808000-0x000000000080afff]  System RAM
Aug 17 18:57:49 fedora kernel: BIOS-e820: [mem 0x000000000080b000-0x000000000080bfff]  ACPI NVS
Aug 17 18:57:49 fedora kernel: BIOS-e820: [mem 0x000000000080c000-0x0000000000811fff]  System RAM
Aug 17 18:57:49 fedora kernel: BIOS-e820: [mem 0x0000000000812000-0x0000000000812fff]  device reserved
Aug 17 18:57:49 fedora kernel: BIOS-e820: [mem 0x0000000000813000-0x0000000000813fff]  System RAM
Aug 17 18:57:49 fedora kernel: BIOS-e820: [mem 0x0000000000814000-0x00000000008fffff]  ACPI NVS
Aug 17 18:57:49 fedora kernel: BIOS-e820: [mem 0x0000000000900000-0x000000007f8ecfff]  System RAM
Aug 17 18:57:49 fedora kernel: BIOS-e820: [mem 0x000000007f8ed000-0x000000007fb6cfff]  device reserved
Aug 17 18:57:49 fedora kernel: BIOS-e820: [mem 0x000000007fb6d000-0x000000007fb7efff]  ACPI data
Aug 17 18:57:49 fedora kernel: BIOS-e820: [mem 0x000000007fb7f000-0x000000007fbfefff]  ACPI NVS
Aug 17 18:57:49 fedora kernel: BIOS-e820: [mem 0x000000007fbff000-0x000000007ff3ffff]  System RAM
Aug 17 18:57:49 fedora kernel: BIOS-e820: [mem 0x000000007ff40000-0x000000007ff5ffff]  device reserved
Aug 17 18:57:49 fedora kernel: BIOS-e820: [mem 0x000000007ff60000-0x000000007fffffff]  ACPI NVS
Aug 17 18:57:49 fedora kernel: BIOS-e820: [gap 0x0000000080000000-0x00000000dfffffff]
Aug 17 18:57:49 fedora kernel: BIOS-e820: [mem 0x00000000e0000000-0x00000000efffffff]  device reserved
Aug 17 18:57:49 fedora kernel: BIOS-e820: [gap 0x00000000f0000000-0x00000000feffbfff]
Aug 17 18:57:49 fedora kernel: BIOS-e820: [mem 0x00000000feffc000-0x00000000feffffff]  device reserved
Aug 17 18:57:49 fedora kernel: BIOS-e820: [gap 0x00000000ff000000-0x00000000ffffffff]
Aug 17 18:57:49 fedora kernel: BIOS-e820: [mem 0x0000000100000000-0x00000001ffffffff]  System RAM
Aug 17 18:57:49 fedora kernel: NX (Execute Disable) protection: active
Aug 17 18:57:49 fedora kernel: APIC: Static calls initialized
Aug 17 18:57:49 fedora kernel: efi: EFI v2.7 by EDK II
Aug 17 18:57:49 fedora kernel: efi: SMBIOS=0x7f8f4000 ACPI=0x7fb7e000 ACPI 2.0=0x7fb7e014 MEMATTR=0x7def9018 MOKvar=0x7f8ef000 RNG=0x7fb73018 
Aug 17 18:57:49 fedora kernel: random: crng init done
Aug 17 18:57:49 fedora kernel: secureboot: Secure boot disabled
Aug 17 18:57:49 fedora kernel: DMI: SMBIOS 2.8 present.
Aug 17 18:57:49 fedora kernel: DMI: QEMU Standard PC (Q35 + ICH9, 2009), BIOS edk2-20260508-6.fc44 05/08/2026
Aug 17 18:57:49 fedora kernel: DMI: Memory slots populated: 1/1
Aug 17 18:57:49 fedora kernel: Hypervisor detected: KVM
Aug 17 18:57:49 fedora kernel: last_pfn = 0x7ff40 max_arch_pfn = 0x400000000
Aug 17 18:57:49 fedora kernel: kvm-clock: Using msrs 4b564d01 and 4b564d00
Aug 17 18:57:49 fedora kernel: kvm-clock: using sched offset of 18489124653 cycles
Aug 17 18:57:49 fedora kernel: clocksource: kvm-clock: mask: 0xffffffffffffffff max_cycles: 0x1cd42e4dffb, max_idle_ns: 881590591483 ns
Aug 17 18:57:49 fedora kernel: tsc: Detected 3071.998 MHz processor
Aug 17 18:57:49 fedora kernel: e820: update [mem 0x00000000-0x00000fff] System RAM ==> device reserved
Aug 17 18:57:49 fedora kernel: e820: remove [mem 0x000a0000-0x000fffff] System RAM
Aug 17 18:57:49 fedora kernel: last_pfn = 0x200000 max_arch_pfn = 0x400000000
Aug 17 18:57:49 fedora kernel: MTRR map: 4 entries (2 fixed + 2 variable; max 18), built from 8 variable MTRRs
Aug 17 18:57:49 fedora kernel: x86/PAT: Configuration [0-7]: WB  WC  UC- UC  WB  WP  UC- WT  
Aug 17 18:57:49 fedora kernel: last_pfn = 0x7ff40 max_arch_pfn = 0x400000000
Aug 17 18:57:49 fedora kernel: Using GB pages for direct mapping
Aug 17 18:57:49 fedora kernel: secureboot: Secure boot disabled
Aug 17 18:57:49 fedora kernel: RAMDISK: [mem 0x63c54000-0x749cafff]
Aug 17 18:57:49 fedora kernel: ACPI: Early table checksum verification disabled
Aug 17 18:57:49 fedora kernel: ACPI: RSDP 0x000000007FB7E014 000024 (v02 BOCHS )
Aug 17 18:57:49 fedora kernel: ACPI: XSDT 0x000000007FB7D0E8 000054 (v01 BOCHS  BXPC     00000001      01000013)
Aug 17 18:57:49 fedora kernel: ACPI: FACP 0x000000007FB79000 0000F4 (v03 BOCHS  BXPC     00000001 BXPC 00000001)
Aug 17 18:57:49 fedora kernel: ACPI: DSDT 0x000000007FB7A000 00220F (v01 BOCHS  BXPC     00000001 BXPC 00000001)
Aug 17 18:57:49 fedora kernel: ACPI: FACS 0x000000007FBDD000 000040
Aug 17 18:57:49 fedora kernel: ACPI: APIC 0x000000007FB78000 000090 (v03 BOCHS  BXPC     00000001 BXPC 00000001)
Aug 17 18:57:49 fedora kernel: ACPI: HPET 0x000000007FB77000 000038 (v01 BOCHS  BXPC     00000001 BXPC 00000001)
Aug 17 18:57:49 fedora kernel: ACPI: MCFG 0x000000007FB76000 00003C (v01 BOCHS  BXPC     00000001 BXPC 00000001)
Aug 17 18:57:49 fedora kernel: ACPI: WAET 0x000000007FB75000 000028 (v01 BOCHS  BXPC     00000001 BXPC 00000001)
Aug 17 18:57:49 fedora kernel: ACPI: BGRT 0x000000007FB74000 000038 (v01 INTEL  EDK2     00000002      01000013)
Aug 17 18:57:49 fedora kernel: ACPI: Reserving FACP table memory at [mem 0x7fb79000-0x7fb790f3]
Aug 17 18:57:49 fedora kernel: ACPI: Reserving DSDT table memory at [mem 0x7fb7a000-0x7fb7c20e]
Aug 17 18:57:49 fedora kernel: ACPI: Reserving FACS table memory at [mem 0x7fbdd000-0x7fbdd03f]
Aug 17 18:57:49 fedora kernel: ACPI: Reserving APIC table memory at [mem 0x7fb78000-0x7fb7808f]
Aug 17 18:57:49 fedora kernel: ACPI: Reserving HPET table memory at [mem 0x7fb77000-0x7fb77037]
Aug 17 18:57:49 fedora kernel: ACPI: Reserving MCFG table memory at [mem 0x7fb76000-0x7fb7603b]
Aug 17 18:57:49 fedora kernel: ACPI: Reserving WAET table memory at [mem 0x7fb75000-0x7fb75027]
Aug 17 18:57:49 fedora kernel: ACPI: Reserving BGRT table memory at [mem 0x7fb74000-0x7fb74037]
Aug 17 18:57:49 fedora kernel: No NUMA configuration found
Aug 17 18:57:49 fedora kernel: Faking a node at [mem 0x0000000000000000-0x00000001ffffffff]
Aug 17 18:57:49 fedora kernel: NODE_DATA(0) allocated [mem 0x1fffd4f80-0x1ffffffff]
Aug 17 18:57:49 fedora kernel: ACPI: PM-Timer IO Port: 0x608
Aug 17 18:57:49 fedora kernel: ACPI: LAPIC_NMI (acpi_id[0xff] dfl dfl lint[0x1])
Aug 17 18:57:49 fedora kernel: IOAPIC[0]: apic_id 0, version 17, address 0xfec00000, GSI 0-23
Aug 17 18:57:49 fedora kernel: ACPI: INT_SRC_OVR (bus 0 bus_irq 0 global_irq 2 dfl dfl)
Aug 17 18:57:49 fedora kernel: ACPI: INT_SRC_OVR (bus 0 bus_irq 5 global_irq 5 high level)
Aug 17 18:57:49 fedora kernel: ACPI: INT_SRC_OVR (bus 0 bus_irq 9 global_irq 9 high level)
Aug 17 18:57:49 fedora kernel: ACPI: INT_SRC_OVR (bus 0 bus_irq 10 global_irq 10 high level)
Aug 17 18:57:49 fedora kernel: ACPI: INT_SRC_OVR (bus 0 bus_irq 11 global_irq 11 high level)
Aug 17 18:57:49 fedora kernel: ACPI: Using ACPI (MADT) for SMP configuration information
Aug 17 18:57:49 fedora kernel: ACPI: HPET id: 0x8086a201 base: 0xfed00000
Aug 17 18:57:49 fedora kernel: e820: update [mem 0x7deff000-0x7df07fff] System RAM ==> device reserved
Aug 17 18:57:49 fedora kernel: TSC deadline timer available
Aug 17 18:57:49 fedora kernel: CPU topo: Max. logical packages:   1
Aug 17 18:57:49 fedora kernel: CPU topo: Max. logical nodes:      1
Aug 17 18:57:49 fedora kernel: CPU topo: Num. nodes per package:  1
Aug 17 18:57:49 fedora kernel: CPU topo: Max. logical dies:       1
Aug 17 18:57:49 fedora kernel: CPU topo: Max. dies per package:   1
Aug 17 18:57:49 fedora kernel: CPU topo: Max. threads per core:   1
Aug 17 18:57:49 fedora kernel: CPU topo: Num. cores per package:     4
Aug 17 18:57:49 fedora kernel: CPU topo: Num. threads per package:   4
Aug 17 18:57:49 fedora kernel: CPU topo: Allowing 4 present CPUs plus 0 hotplug CPUs
Aug 17 18:57:49 fedora kernel: kvm-guest: APIC: eoi() replaced with kvm_guest_apic_eoi_write()
Aug 17 18:57:49 fedora kernel: kvm-guest: KVM setup pv remote TLB flush
Aug 17 18:57:49 fedora kernel: kvm-guest: setup PV sched yield
Aug 17 18:57:49 fedora kernel: PM: hibernation: Registered nosave memory: [mem 0x00000000-0x00000fff]
Aug 17 18:57:49 fedora kernel: PM: hibernation: Registered nosave memory: [mem 0x000a0000-0x000fffff]
Aug 17 18:57:49 fedora kernel: PM: hibernation: Registered nosave memory: [mem 0x00800000-0x00807fff]
Aug 17 18:57:49 fedora kernel: PM: hibernation: Registered nosave memory: [mem 0x0080b000-0x0080bfff]
Aug 17 18:57:49 fedora kernel: PM: hibernation: Registered nosave memory: [mem 0x00812000-0x00812fff]
Aug 17 18:57:49 fedora kernel: PM: hibernation: Registered nosave memory: [mem 0x00814000-0x008fffff]
Aug 17 18:57:49 fedora kernel: PM: hibernation: Registered nosave memory: [mem 0x7deff000-0x7df07fff]
Aug 17 18:57:49 fedora kernel: PM: hibernation: Registered nosave memory: [mem 0x7f8ed000-0x7fbfefff]
Aug 17 18:57:49 fedora kernel: PM: hibernation: Registered nosave memory: [mem 0x7ff40000-0xffffffff]
Aug 17 18:57:49 fedora kernel: [gap 0x80000000-0xdfffffff] available for PCI devices
Aug 17 18:57:49 fedora kernel: Booting paravirtualized kernel on KVM
Aug 17 18:57:49 fedora kernel: clocksource: refined-jiffies: mask: 0xffffffff max_cycles: 0xffffffff, max_idle_ns: 1910969940391419 ns
Aug 17 18:57:49 fedora kernel: Zone ranges:
Aug 17 18:57:49 fedora kernel:   DMA      [mem 0x0000000000001000-0x0000000000ffffff]
Aug 17 18:57:49 fedora kernel:   DMA32    [mem 0x0000000001000000-0x00000000ffffffff]
Aug 17 18:57:49 fedora kernel:   Normal   [mem 0x0000000100000000-0x00000001ffffffff]
Aug 17 18:57:49 fedora kernel:   Device   empty
Aug 17 18:57:49 fedora kernel: Movable zone start for each node
Aug 17 18:57:49 fedora kernel: Early memory node ranges
Aug 17 18:57:49 fedora kernel:   node   0: [mem 0x0000000000001000-0x000000000009ffff]
Aug 17 18:57:49 fedora kernel:   node   0: [mem 0x0000000000100000-0x00000000007fffff]
Aug 17 18:57:49 fedora kernel:   node   0: [mem 0x0000000000808000-0x000000000080afff]
Aug 17 18:57:49 fedora kernel:   node   0: [mem 0x000000000080c000-0x0000000000811fff]
Aug 17 18:57:49 fedora kernel:   node   0: [mem 0x0000000000813000-0x0000000000813fff]
Aug 17 18:57:49 fedora kernel:   node   0: [mem 0x0000000000900000-0x000000007f8ecfff]
Aug 17 18:57:49 fedora kernel:   node   0: [mem 0x000000007fbff000-0x000000007ff3ffff]
Aug 17 18:57:49 fedora kernel:   node   0: [mem 0x0000000100000000-0x00000001ffffffff]
Aug 17 18:57:49 fedora kernel: Initmem setup node 0 [mem 0x0000000000001000-0x00000001ffffffff]
Aug 17 18:57:49 fedora kernel: On node 0, zone DMA: 1 pages in unavailable ranges
Aug 17 18:57:49 fedora kernel: On node 0, zone DMA: 96 pages in unavailable ranges
Aug 17 18:57:49 fedora kernel: On node 0, zone DMA: 8 pages in unavailable ranges
Aug 17 18:57:49 fedora kernel: On node 0, zone DMA: 1 pages in unavailable ranges
Aug 17 18:57:49 fedora kernel: On node 0, zone DMA: 1 pages in unavailable ranges
Aug 17 18:57:49 fedora kernel: On node 0, zone DMA: 236 pages in unavailable ranges
Aug 17 18:57:49 fedora kernel: On node 0, zone DMA32: 786 pages in unavailable ranges
Aug 17 18:57:49 fedora kernel: On node 0, zone Normal: 192 pages in unavailable ranges
Aug 17 18:57:49 fedora kernel: setup_percpu: NR_CPUS:8192 nr_cpumask_bits:4 nr_cpu_ids:4 nr_node_ids:1
Aug 17 18:57:49 fedora kernel: percpu: Embedded 85 pages/cpu s225280 r8192 d114688 u524288
Aug 17 18:57:49 fedora kernel: pcpu-alloc: s225280 r8192 d114688 u524288 alloc=1*2097152
Aug 17 18:57:49 fedora kernel: pcpu-alloc: [0] 0 1 2 3 
Aug 17 18:57:49 fedora kernel: kvm-guest: PV spinlocks enabled
Aug 17 18:57:49 fedora kernel: PV qspinlock hash table entries: 256 (order: 0, 4096 bytes, linear)
Aug 17 18:57:49 fedora kernel: Kernel command line: BOOT_IMAGE=/images/pxeboot/vmlinuz root=live:CDLABEL=Bunny-OS-Beta rd.live.image enforcing=0 plymouth.enable=0 console=tty0 rhgb quiet
Aug 17 18:57:49 fedora kernel: Unknown kernel command line parameters "rhgb", will be passed to user space.
Aug 17 18:57:49 fedora kernel: printk: log buffer data + meta data: 262144 + 1114112 = 1376256 bytes
Aug 17 18:57:49 fedora kernel: Dentry cache hash table entries: 1048576 (order: 11, 8388608 bytes, linear)
Aug 17 18:57:49 fedora kernel: Inode-cache hash table entries: 524288 (order: 10, 4194304 bytes, linear)
Aug 17 18:57:49 fedora kernel: software IO TLB: area num 4.
Aug 17 18:57:49 fedora kernel: Fallback order for Node 0: 0 
Aug 17 18:57:49 fedora kernel: Built 1 zonelists, mobility grouping on.  Total pages: 1571543
Aug 17 18:57:49 fedora kernel: Policy zone: Normal
Aug 17 18:57:49 fedora kernel: mem auto-init: stack:all(zero), heap alloc:on, heap free:off
Aug 17 18:57:49 fedora kernel: SLUB: HWalign=64, Order=0-3, MinObjects=0, CPUs=4, Nodes=1
Aug 17 18:57:49 fedora kernel: ftrace: allocating 64102 entries in 252 pages
Aug 17 18:57:49 fedora kernel: ftrace: allocated 252 pages with 6 groups
Aug 17 18:57:49 fedora kernel: Dynamic Preempt: lazy
Aug 17 18:57:49 fedora kernel: rcu: Preemptible hierarchical RCU implementation.
Aug 17 18:57:49 fedora kernel: rcu:         RCU event tracing is enabled.
Aug 17 18:57:49 fedora kernel: rcu:         RCU restricting CPUs from NR_CPUS=8192 to nr_cpu_ids=4.
Aug 17 18:57:49 fedora kernel:         Trampoline variant of Tasks RCU enabled.
Aug 17 18:57:49 fedora kernel:         Rude variant of Tasks RCU enabled.
Aug 17 18:57:49 fedora kernel:         Tracing variant of Tasks RCU enabled.
Aug 17 18:57:49 fedora kernel: rcu: RCU calculated value of scheduler-enlistment delay is 100 jiffies.
Aug 17 18:57:49 fedora kernel: rcu: Adjusting geometry for rcu_fanout_leaf=16, nr_cpu_ids=4
Aug 17 18:57:49 fedora kernel: RCU Tasks: Setting shift to 2 and lim to 1 rcu_task_cb_adjust=1 rcu_task_cpu_ids=4.
Aug 17 18:57:49 fedora kernel: RCU Tasks Rude: Setting shift to 2 and lim to 1 rcu_task_cb_adjust=1 rcu_task_cpu_ids=4.
Aug 17 18:57:49 fedora kernel: NR_IRQS: 524544, nr_irqs: 456, preallocated irqs: 16
Aug 17 18:57:49 fedora kernel: rcu: srcu_init: Setting srcu_struct sizes based on contention.
Aug 17 18:57:49 fedora kernel: clocksource: jiffies: mask: 0xffffffff max_cycles: 0xffffffff, max_idle_ns: 1911260446275000 ns
Aug 17 18:57:49 fedora kernel: kfence: initialized - using 2097152 bytes for 255 objects at 0x(____ptrval____)-0x(____ptrval____)
Aug 17 18:57:49 fedora kernel: Console: colour dummy device 80x25
Aug 17 18:57:49 fedora kernel: printk: legacy console [tty0] enabled
Aug 17 18:57:49 fedora kernel: ACPI: Core revision 20251212
Aug 17 18:57:49 fedora kernel: clocksource: hpet: mask: 0xffffffff max_cycles: 0xffffffff, max_idle_ns: 19112604467 ns
Aug 17 18:57:49 fedora kernel: APIC: Switch to symmetric I/O mode setup
Aug 17 18:57:49 fedora kernel: x2apic enabled
Aug 17 18:57:49 fedora kernel: APIC: Switched APIC routing to: physical x2apic
Aug 17 18:57:49 fedora kernel: kvm-guest: APIC: send_IPI_mask() replaced with kvm_send_ipi_mask()
Aug 17 18:57:49 fedora kernel: kvm-guest: APIC: send_IPI_mask_allbutself() replaced with kvm_send_ipi_mask_allbutself()
Aug 17 18:57:49 fedora kernel: kvm-guest: setup PV IPIs
Aug 17 18:57:49 fedora kernel: ..TIMER: vector=0x30 apic1=0 pin1=2 apic2=-1 pin2=-1
Aug 17 18:57:49 fedora kernel: clocksource: tsc-early: mask: 0xffffffffffffffff max_cycles: 0x2c47f303ceb, max_idle_ns: 440795213564 ns
Aug 17 18:57:49 fedora kernel: Calibrating delay loop (skipped) preset value.. 6143.99 BogoMIPS (lpj=3071998)
Aug 17 18:57:49 fedora kernel: x86/cpu: User Mode Instruction Prevention (UMIP) activated
Aug 17 18:57:49 fedora kernel: Last level iTLB entries: 4KB 0, 2MB 0, 4MB 0
Aug 17 18:57:49 fedora kernel: Last level dTLB entries: 4KB 0, 2MB 0, 4MB 0, 1GB 0
Aug 17 18:57:49 fedora kernel: mitigations: Enabled attack vectors: user_kernel, user_user, guest_host, guest_guest, SMT mitigations: auto
Aug 17 18:57:49 fedora kernel: Speculative Store Bypass: Mitigation: Speculative Store Bypass disabled via prctl
Aug 17 18:57:49 fedora kernel: Spectre V2 : Mitigation: Enhanced / Automatic IBRS
Aug 17 18:57:49 fedora kernel: RETBleed: Mitigation: Enhanced IBRS
Aug 17 18:57:49 fedora kernel: Spectre V1 : Mitigation: usercopy/swapgs barriers and __user pointer sanitization
Aug 17 18:57:49 fedora kernel: Spectre V2 : Spectre v2 / PBRSB-eIBRS: Retire a single CALL on VMEXIT
Aug 17 18:57:49 fedora kernel: Spectre V2 : Enabling IBPB for BPF
Aug 17 18:57:49 fedora kernel: Spectre V2 : mitigation: Enabling conditional Indirect Branch Prediction Barrier
Aug 17 18:57:49 fedora kernel: x86/fpu: Supporting XSAVE feature 0x001: 'x87 floating point registers'
Aug 17 18:57:49 fedora kernel: x86/fpu: Supporting XSAVE feature 0x002: 'SSE registers'
Aug 17 18:57:49 fedora kernel: x86/fpu: Supporting XSAVE feature 0x004: 'AVX registers'
Aug 17 18:57:49 fedora kernel: x86/fpu: xstate_offset[2]:  576, xstate_sizes[2]:  256
Aug 17 18:57:49 fedora kernel: x86/fpu: Enabled xstate features 0x7, context size is 832 bytes, using 'compacted' format.
Aug 17 18:57:49 fedora kernel: pid_max: default: 32768 minimum: 301
Aug 17 18:57:49 fedora kernel: Yama: becoming mindful.
Aug 17 18:57:49 fedora kernel: SELinux:  Initializing.
Aug 17 18:57:49 fedora kernel: LSM support for eBPF active
Aug 17 18:57:49 fedora kernel: landlock: Up and running.
Aug 17 18:57:49 fedora kernel: Mount-cache hash table entries: 16384 (order: 5, 131072 bytes, linear)
Aug 17 18:57:49 fedora kernel: Mountpoint-cache hash table entries: 16384 (order: 5, 131072 bytes, linear)
Aug 17 18:57:49 fedora kernel: VFS: Finished mounting rootfs on nullfs
Aug 17 18:57:49 fedora kernel: smpboot: CPU0: Intel(R) Core(TM) Ultra 9 185H (family: 0x6, model: 0xaa, stepping: 0x4)
Aug 17 18:57:49 fedora kernel: Performance Events: unsupported CPU family 6 model 170 no PMU driver, software events only.
Aug 17 18:57:49 fedora kernel: signal: max sigframe size: 1776
Aug 17 18:57:49 fedora kernel: rcu: Hierarchical SRCU implementation.
Aug 17 18:57:49 fedora kernel: rcu:         Max phase no-delay instances is 400.
Aug 17 18:57:49 fedora kernel: Timer migration: 1 hierarchy levels; 8 children per group; 1 crossnode level
Aug 17 18:57:49 fedora kernel: NMI watchdog: Perf NMI watchdog permanently disabled
Aug 17 18:57:49 fedora kernel: smp: Bringing up secondary CPUs ...
Aug 17 18:57:49 fedora kernel: smpboot: x86: Booting SMP configuration:
Aug 17 18:57:49 fedora kernel: .... node  #0, CPUs:      #1 #2 #3
Aug 17 18:57:49 fedora kernel: smp: Brought up 1 node, 4 CPUs
Aug 17 18:57:49 fedora kernel: smpboot: Total of 4 processors activated (24575.98 BogoMIPS)
Aug 17 18:57:49 fedora kernel: Memory: 5709464K/6286172K available (24186K kernel code, 4741K rwdata, 18604K rodata, 5272K init, 4408K bss, 567976K reserved, 0K cma-reserved)
Aug 17 18:57:49 fedora kernel: devtmpfs: initialized
Aug 17 18:57:49 fedora kernel: x86/mm: Memory block size: 128MB
Aug 17 18:57:49 fedora kernel: ACPI: PM: Registering ACPI NVS region [mem 0x00800000-0x00807fff] (32768 bytes)
Aug 17 18:57:49 fedora kernel: ACPI: PM: Registering ACPI NVS region [mem 0x0080b000-0x0080bfff] (4096 bytes)
Aug 17 18:57:49 fedora kernel: ACPI: PM: Registering ACPI NVS region [mem 0x00814000-0x008fffff] (966656 bytes)
Aug 17 18:57:49 fedora kernel: ACPI: PM: Registering ACPI NVS region [mem 0x7fb7f000-0x7fbfefff] (524288 bytes)
Aug 17 18:57:49 fedora kernel: ACPI: PM: Registering ACPI NVS region [mem 0x7ff60000-0x7fffffff] (655360 bytes)
Aug 17 18:57:49 fedora kernel: posixtimers hash table entries: 2048 (order: 3, 32768 bytes, linear)
Aug 17 18:57:49 fedora kernel: futex hash table entries: 1024 (65536 bytes on 1 NUMA nodes, total 64 KiB, linear).
Aug 17 18:57:49 fedora kernel: xor: automatically using best checksumming function   avx       
Aug 17 18:57:49 fedora kernel: PM: RTC time: 18:57:47, date: 2026-08-17
Aug 17 18:57:49 fedora kernel: NET: Registered PF_NETLINK/PF_ROUTE protocol family
Aug 17 18:57:49 fedora kernel: DMA: preallocated 1024 KiB GFP_KERNEL pool for atomic allocations
Aug 17 18:57:49 fedora kernel: DMA: preallocated 1024 KiB GFP_KERNEL|GFP_DMA pool for atomic allocations
Aug 17 18:57:49 fedora kernel: DMA: preallocated 1024 KiB GFP_KERNEL|GFP_DMA32 pool for atomic allocations
Aug 17 18:57:49 fedora kernel: audit: initializing netlink subsys (disabled)
Aug 17 18:57:49 fedora kernel: thermal_sys: Registered thermal governor 'fair_share'
Aug 17 18:57:49 fedora kernel: thermal_sys: Registered thermal governor 'bang_bang'
Aug 17 18:57:49 fedora kernel: thermal_sys: Registered thermal governor 'step_wise'
Aug 17 18:57:49 fedora kernel: thermal_sys: Registered thermal governor 'user_space'
Aug 17 18:57:49 fedora kernel: audit: type=2000 audit(1786993068.275:1): state=initialized audit_enabled=0 res=1
Aug 17 18:57:49 fedora kernel: cpuidle: using governor menu
Aug 17 18:57:49 fedora kernel: Freeing SMP alternatives memory: 60K
Aug 17 18:57:49 fedora kernel: efi: Freeing EFI boot services memory: 44612K
Aug 17 18:57:49 fedora kernel: acpiphp: ACPI Hot Plug PCI Controller Driver version: 0.5
Aug 17 18:57:49 fedora kernel: PCI: ECAM [mem 0xe0000000-0xefffffff] (base 0xe0000000) for domain 0000 [bus 00-ff]
Aug 17 18:57:49 fedora kernel: PCI: Using configuration type 1 for base access
Aug 17 18:57:49 fedora kernel: virt/tdx: TDX not supported by the host platform
Aug 17 18:57:49 fedora kernel: kprobes: kprobe jump-optimization is enabled. All kprobes are optimized if possible.
Aug 17 18:57:49 fedora kernel: HugeTLB: registered 1.00 GiB page size, pre-allocated 0 pages
Aug 17 18:57:49 fedora kernel: HugeTLB: 16380 KiB vmemmap can be freed for a 1.00 GiB page
Aug 17 18:57:49 fedora kernel: HugeTLB: registered 2.00 MiB page size, pre-allocated 0 pages
Aug 17 18:57:49 fedora kernel: HugeTLB: 28 KiB vmemmap can be freed for a 2.00 MiB page
Aug 17 18:57:49 fedora kernel: raid6: skipped pq benchmark and selected avx2x4
Aug 17 18:57:49 fedora kernel: raid6: using avx2x2 recovery algorithm
Aug 17 18:57:49 fedora kernel: ACPI: Added _OSI(Module Device)
Aug 17 18:57:49 fedora kernel: ACPI: Added _OSI(Processor Device)
Aug 17 18:57:49 fedora kernel: ACPI: Added _OSI(Processor Aggregator Device)
Aug 17 18:57:49 fedora kernel: ACPI: 1 ACPI AML tables successfully acquired and loaded
Aug 17 18:57:49 fedora kernel: ACPI: \_SB_: platform _OSC: OS support mask [006e7eff]
Aug 17 18:57:49 fedora kernel: ACPI: Interpreter enabled
Aug 17 18:57:49 fedora kernel: ACPI: PM: (supports S0 S3 S4 S5)
Aug 17 18:57:49 fedora kernel: ACPI: Using IOAPIC for interrupt routing
Aug 17 18:57:49 fedora kernel: PCI: Using host bridge windows from ACPI; if necessary, use "pci=nocrs" and report a bug
Aug 17 18:57:49 fedora kernel: PCI: Ignoring E820 reservations for host bridge windows
Aug 17 18:57:49 fedora kernel: ACPI: Enabled 2 GPEs in block 00 to 3F
Aug 17 18:57:49 fedora kernel: ACPI: PCI Root Bridge [PCI0] (domain 0000 [bus 00-ff])
Aug 17 18:57:49 fedora kernel: acpi PNP0A08:00: _OSC: OS supports [ExtendedConfig ASPM ClockPM Segments MSI EDR HPX-Type3]
Aug 17 18:57:49 fedora kernel: acpi PNP0A08:00: _OSC: platform does not support [PCIeHotplug LTR DPC]
Aug 17 18:57:49 fedora kernel: acpi PNP0A08:00: _OSC: OS now controls [SHPCHotplug PME AER PCIeCapability]
Aug 17 18:57:49 fedora kernel: PCI host bridge to bus 0000:00
Aug 17 18:57:49 fedora kernel: pci_bus 0000:00: root bus resource [io  0x0000-0x0cf7 window]
Aug 17 18:57:49 fedora kernel: pci_bus 0000:00: root bus resource [io  0x0d00-0xffff window]
Aug 17 18:57:49 fedora kernel: pci_bus 0000:00: root bus resource [mem 0x000a0000-0x000bffff window]
Aug 17 18:57:49 fedora kernel: pci_bus 0000:00: root bus resource [mem 0x80000000-0xdfffffff window]
Aug 17 18:57:49 fedora kernel: pci_bus 0000:00: root bus resource [mem 0xf0000000-0xfebfffff window]
Aug 17 18:57:49 fedora kernel: pci_bus 0000:00: root bus resource [mem 0x380000000000-0x3807ffffffff window]
Aug 17 18:57:49 fedora kernel: pci_bus 0000:00: root bus resource [bus 00-ff]
Aug 17 18:57:49 fedora kernel: pci 0000:00:00.0: [8086:29c0] type 00 class 0x060000 conventional PCI endpoint
Aug 17 18:57:49 fedora kernel: pci 0000:00:01.0: [1af4:1050] type 00 class 0x030000 conventional PCI endpoint
Aug 17 18:57:49 fedora kernel: pci 0000:00:01.0: BAR 0 [mem 0x80000000-0x807fffff pref]
Aug 17 18:57:49 fedora kernel: pci 0000:00:01.0: BAR 2 [mem 0x380000000000-0x380000003fff 64bit pref]
Aug 17 18:57:49 fedora kernel: pci 0000:00:01.0: BAR 4 [mem 0x80844000-0x80844fff]
Aug 17 18:57:49 fedora kernel: pci 0000:00:01.0: ROM [mem 0xffff0000-0xffffffff pref]
Aug 17 18:57:49 fedora kernel: pci 0000:00:01.0: Video device with shadowed ROM at [mem 0x000c0000-0x000dffff]
Aug 17 18:57:49 fedora kernel: pci 0000:00:02.0: [1af4:1052] type 00 class 0x098000 conventional PCI endpoint
Aug 17 18:57:49 fedora kernel: pci 0000:00:02.0: BAR 1 [mem 0x80843000-0x80843fff]
Aug 17 18:57:49 fedora kernel: pci 0000:00:02.0: BAR 4 [mem 0x380000004000-0x380000007fff 64bit pref]
Aug 17 18:57:49 fedora kernel: pci 0000:00:03.0: [1af4:1000] type 00 class 0x020000 conventional PCI endpoint
Aug 17 18:57:49 fedora kernel: pci 0000:00:03.0: BAR 0 [io  0x60e0-0x60ff]
Aug 17 18:57:49 fedora kernel: pci 0000:00:03.0: BAR 1 [mem 0x80842000-0x80842fff]
Aug 17 18:57:49 fedora kernel: pci 0000:00:03.0: BAR 4 [mem 0x380000008000-0x38000000bfff 64bit pref]
Aug 17 18:57:49 fedora kernel: pci 0000:00:03.0: ROM [mem 0xfffc0000-0xffffffff pref]
Aug 17 18:57:49 fedora kernel: pci 0000:00:04.0: [1af4:1001] type 00 class 0x010000 conventional PCI endpoint
Aug 17 18:57:49 fedora kernel: pci 0000:00:04.0: BAR 0 [io  0x6000-0x607f]
Aug 17 18:57:49 fedora kernel: pci 0000:00:04.0: BAR 1 [mem 0x80841000-0x80841fff]
Aug 17 18:57:49 fedora kernel: pci 0000:00:04.0: BAR 4 [mem 0x38000000c000-0x38000000ffff 64bit pref]
Aug 17 18:57:49 fedora kernel: pci 0000:00:1f.0: [8086:2918] type 00 class 0x060100 conventional PCI endpoint
Aug 17 18:57:49 fedora kernel: pci 0000:00:1f.0: quirk: [io  0x0600-0x067f] claimed by ICH6 ACPI/GPIO/TCO
Aug 17 18:57:49 fedora kernel: pci 0000:00:1f.2: [8086:2922] type 00 class 0x010601 conventional PCI endpoint
Aug 17 18:57:49 fedora kernel: pci 0000:00:1f.2: BAR 4 [io  0x60c0-0x60df]
Aug 17 18:57:49 fedora kernel: pci 0000:00:1f.2: BAR 5 [mem 0x80840000-0x80840fff]
Aug 17 18:57:49 fedora kernel: pci 0000:00:1f.3: [8086:2930] type 00 class 0x0c0500 conventional PCI endpoint
Aug 17 18:57:49 fedora kernel: pci 0000:00:1f.3: BAR 4 [io  0x6080-0x60bf]
Aug 17 18:57:49 fedora kernel: ACPI: PCI: Interrupt link LNKA configured for IRQ 10
Aug 17 18:57:49 fedora kernel: ACPI: PCI: Interrupt link LNKB configured for IRQ 10
Aug 17 18:57:49 fedora kernel: ACPI: PCI: Interrupt link LNKC configured for IRQ 11
Aug 17 18:57:49 fedora kernel: ACPI: PCI: Interrupt link LNKD configured for IRQ 11
Aug 17 18:57:49 fedora kernel: ACPI: PCI: Interrupt link LNKE configured for IRQ 10
Aug 17 18:57:49 fedora kernel: ACPI: PCI: Interrupt link LNKF configured for IRQ 10
Aug 17 18:57:49 fedora kernel: ACPI: PCI: Interrupt link LNKG configured for IRQ 11
Aug 17 18:57:49 fedora kernel: ACPI: PCI: Interrupt link LNKH configured for IRQ 11
Aug 17 18:57:49 fedora kernel: ACPI: PCI: Interrupt link GSIA configured for IRQ 16
Aug 17 18:57:49 fedora kernel: ACPI: PCI: Interrupt link GSIB configured for IRQ 17
Aug 17 18:57:49 fedora kernel: ACPI: PCI: Interrupt link GSIC configured for IRQ 18
Aug 17 18:57:49 fedora kernel: ACPI: PCI: Interrupt link GSID configured for IRQ 19
Aug 17 18:57:49 fedora kernel: ACPI: PCI: Interrupt link GSIE configured for IRQ 20
Aug 17 18:57:49 fedora kernel: ACPI: PCI: Interrupt link GSIF configured for IRQ 21
Aug 17 18:57:49 fedora kernel: ACPI: PCI: Interrupt link GSIG configured for IRQ 22
Aug 17 18:57:49 fedora kernel: ACPI: PCI: Interrupt link GSIH configured for IRQ 23
Aug 17 18:57:49 fedora kernel: iommu: Default domain type: Translated
Aug 17 18:57:49 fedora kernel: iommu: DMA domain TLB invalidation policy: lazy mode
Aug 17 18:57:49 fedora kernel: SCSI subsystem initialized
Aug 17 18:57:49 fedora kernel: libata version 3.00 loaded.
Aug 17 18:57:49 fedora kernel: ACPI: bus type USB registered
Aug 17 18:57:49 fedora kernel: usbcore: registered new interface driver usbfs
Aug 17 18:57:49 fedora kernel: usbcore: registered new interface driver hub
Aug 17 18:57:49 fedora kernel: usbcore: registered new device driver usb
Aug 17 18:57:49 fedora kernel: pps_core: LinuxPPS API ver. 1 registered
Aug 17 18:57:49 fedora kernel: pps_core: Software ver. 5.3.6 - Copyright 2005-2007 Rodolfo Giometti <giometti@linux.it>
Aug 17 18:57:49 fedora kernel: PTP clock support registered
Aug 17 18:57:49 fedora kernel: EDAC MC: Ver: 3.0.0
Aug 17 18:57:49 fedora kernel: efivars: Registered efivars operations
Aug 17 18:57:49 fedora kernel: NetLabel: Initializing
Aug 17 18:57:49 fedora kernel: NetLabel:  domain hash size = 128
Aug 17 18:57:49 fedora kernel: NetLabel:  protocols = UNLABELED CIPSOv4 CALIPSO
Aug 17 18:57:49 fedora kernel: NetLabel:  unlabeled traffic allowed by default
Aug 17 18:57:49 fedora kernel: mctp: management component transport protocol core
Aug 17 18:57:49 fedora kernel: NET: Registered PF_MCTP protocol family
Aug 17 18:57:49 fedora kernel: PCI: Using ACPI for IRQ routing
Aug 17 18:57:49 fedora kernel: PCI: pci_cache_line_size set to 64 bytes
Aug 17 18:57:49 fedora kernel: e820: register RAM buffer resource [mem 0x0080b000-0x008fffff]
Aug 17 18:57:49 fedora kernel: e820: register RAM buffer resource [mem 0x00812000-0x008fffff]
Aug 17 18:57:49 fedora kernel: e820: register RAM buffer resource [mem 0x00814000-0x008fffff]
Aug 17 18:57:49 fedora kernel: e820: register RAM buffer resource [mem 0x7deff000-0x7fffffff]
Aug 17 18:57:49 fedora kernel: e820: register RAM buffer resource [mem 0x7f8ed000-0x7fffffff]
Aug 17 18:57:49 fedora kernel: e820: register RAM buffer resource [mem 0x7ff40000-0x7fffffff]
Aug 17 18:57:49 fedora kernel: pci 0000:00:01.0: vgaarb: setting as boot VGA device
Aug 17 18:57:49 fedora kernel: pci 0000:00:01.0: vgaarb: bridge control possible
Aug 17 18:57:49 fedora kernel: pci 0000:00:01.0: vgaarb: VGA device added: decodes=io+mem,owns=io+mem,locks=none
Aug 17 18:57:49 fedora kernel: vgaarb: loaded
Aug 17 18:57:49 fedora kernel: hpet0: at MMIO 0xfed00000, IRQs 2, 8, 0
Aug 17 18:57:49 fedora kernel: hpet0: 3 comparators, 64-bit 100.000000 MHz counter
Aug 17 18:57:49 fedora kernel: clocksource: Switched to clocksource kvm-clock
Aug 17 18:57:49 fedora kernel: VFS: Disk quotas dquot_6.6.0
Aug 17 18:57:49 fedora kernel: VFS: Dquot-cache hash table entries: 512 (order 0, 4096 bytes)
Aug 17 18:57:49 fedora kernel: acpi PNP0C01:00: Reserved [mem 0xe0000000-0xefffffff]
Aug 17 18:57:49 fedora kernel: pnp: PnP ACPI init
Aug 17 18:57:49 fedora kernel: pnp: PnP ACPI: found 4 devices
Aug 17 18:57:49 fedora kernel: clocksource: acpi_pm: mask: 0xffffff max_cycles: 0xffffff, max_idle_ns: 2085701024 ns
Aug 17 18:57:49 fedora kernel: NET: Registered PF_INET protocol family
Aug 17 18:57:49 fedora kernel: IP idents hash table entries: 131072 (order: 8, 1048576 bytes, linear)
Aug 17 18:57:49 fedora kernel: tcp_listen_portaddr_hash hash table entries: 4096 (order: 4, 65536 bytes, linear)
Aug 17 18:57:49 fedora kernel: Table-perturb hash table entries: 65536 (order: 6, 262144 bytes, linear)
Aug 17 18:57:49 fedora kernel: TCP established hash table entries: 65536 (order: 7, 524288 bytes, linear)
Aug 17 18:57:49 fedora kernel: TCP bind hash table entries: 65536 (order: 9, 2097152 bytes, linear)
Aug 17 18:57:49 fedora kernel: TCP: Hash tables configured (established 65536 bind 65536)
Aug 17 18:57:49 fedora kernel: MPTCP token hash table entries: 8192 (order: 6, 196608 bytes, linear)
Aug 17 18:57:49 fedora kernel: UDP hash table entries: 4096 (order: 6, 262144 bytes, linear)
Aug 17 18:57:49 fedora kernel: NET: Registered PF_UNIX/PF_LOCAL protocol family
Aug 17 18:57:49 fedora kernel: NET: Registered PF_XDP protocol family
Aug 17 18:57:49 fedora kernel: pci 0000:00:03.0: ROM [mem 0xfffc0000-0xffffffff pref]: can't claim; no compatible bridge window
Aug 17 18:57:49 fedora kernel: pci 0000:00:03.0: ROM [mem 0x80800000-0x8083ffff pref]: assigned
Aug 17 18:57:49 fedora kernel: pci_bus 0000:00: resource 4 [io  0x0000-0x0cf7 window]
Aug 17 18:57:49 fedora kernel: pci_bus 0000:00: resource 5 [io  0x0d00-0xffff window]
Aug 17 18:57:49 fedora kernel: pci_bus 0000:00: resource 6 [mem 0x000a0000-0x000bffff window]
Aug 17 18:57:49 fedora kernel: pci_bus 0000:00: resource 7 [mem 0x80000000-0xdfffffff window]
Aug 17 18:57:49 fedora kernel: pci_bus 0000:00: resource 8 [mem 0xf0000000-0xfebfffff window]
Aug 17 18:57:49 fedora kernel: pci_bus 0000:00: resource 9 [mem 0x380000000000-0x3807ffffffff window]
Aug 17 18:57:49 fedora kernel: PCI: CLS 0 bytes, default 64
Aug 17 18:57:49 fedora kernel: PCI-DMA: Using software bounce buffering for IO (SWIOTLB)
Aug 17 18:57:49 fedora kernel: software IO TLB: mapped [mem 0x0000000077ebe000-0x000000007bebe000] (64MB)
Aug 17 18:57:49 fedora kernel: clocksource: tsc: mask: 0xffffffffffffffff max_cycles: 0x2c47f303ceb, max_idle_ns: 440795213564 ns
Aug 17 18:57:49 fedora kernel: Trying to unpack rootfs image as initramfs...
Aug 17 18:57:49 fedora kernel: Initialise system trusted keyrings
Aug 17 18:57:49 fedora kernel: Key type blacklist registered
Aug 17 18:57:49 fedora kernel: workingset: timestamp_bits=36 (anon: 32) max_order=21 bucket_order=0 (anon: 0)
Aug 17 18:57:49 fedora kernel: integrity: Platform Keyring initialized
Aug 17 18:57:49 fedora kernel: integrity: Machine keyring initialized
Aug 17 18:57:49 fedora kernel: cryptd: max_cpu_qlen set to 1000
Aug 17 18:57:49 fedora kernel: NET: Registered PF_ALG protocol family
Aug 17 18:57:49 fedora kernel: Key type asymmetric registered
Aug 17 18:57:49 fedora kernel: Asymmetric key parser 'x509' registered
Aug 17 18:57:49 fedora kernel: Block layer SCSI generic (bsg) driver version 0.4 loaded (major 244)
Aug 17 18:57:49 fedora kernel: io scheduler mq-deadline registered
Aug 17 18:57:49 fedora kernel: io scheduler kyber registered
Aug 17 18:57:49 fedora kernel: io scheduler bfq registered
Aug 17 18:57:49 fedora kernel: atomic64_test: passed for x86-64 platform with CX8 and with SSE
Aug 17 18:57:49 fedora kernel: input: Power Button as /devices/platform/LNXPWRBN:00/input/input0
Aug 17 18:57:49 fedora kernel: ACPI: button: Power Button [PWRF]
Aug 17 18:57:49 fedora kernel: ACPI: \_SB_.GSIF: Enabled at IRQ 21
Aug 17 18:57:49 fedora kernel: ACPI: \_SB_.GSIG: Enabled at IRQ 22
Aug 17 18:57:49 fedora kernel: ACPI: \_SB_.GSIH: Enabled at IRQ 23
Aug 17 18:57:49 fedora kernel: ACPI: \_SB_.GSIE: Enabled at IRQ 20
Aug 17 18:57:49 fedora kernel: Serial: 8250/16550 driver, 32 ports, IRQ sharing enabled
Aug 17 18:57:49 fedora kernel: 00:03: ttyS0 at I/O 0x3f8 (irq = 4, base_baud = 115200) is a 16550A
Aug 17 18:57:49 fedora kernel: Non-volatile memory driver v1.3
Aug 17 18:57:49 fedora kernel: ACPI: bus type drm_connector registered
Aug 17 18:57:49 fedora kernel: virtio_blk virtio3: 4/0/0 default/read/poll queues
Aug 17 18:57:49 fedora kernel: virtio_blk virtio3: [vda] 167772160 512-byte logical blocks (85.9 GB/80.0 GiB)
Aug 17 18:57:49 fedora kernel: ACPI: \_SB_.GSIA: Enabled at IRQ 16
Aug 17 18:57:49 fedora kernel: ahci 0000:00:1f.2: AHCI vers 0001.0000, 32 command slots, 1.5 Gbps, SATA mode
Aug 17 18:57:49 fedora kernel: ahci 0000:00:1f.2: 6/6 ports implemented (port mask 0x3f)
Aug 17 18:57:49 fedora kernel: ahci 0000:00:1f.2: flags: 64bit ncq only 
Aug 17 18:57:49 fedora kernel: scsi host0: ahci
Aug 17 18:57:49 fedora kernel: scsi host1: ahci
Aug 17 18:57:49 fedora kernel: scsi host2: ahci
Aug 17 18:57:49 fedora kernel: scsi host3: ahci
Aug 17 18:57:49 fedora kernel: scsi host4: ahci
Aug 17 18:57:49 fedora kernel: scsi host5: ahci
Aug 17 18:57:49 fedora kernel: ata1: SATA max UDMA/133 abar m4096@0x80840000 port 0x80840100 irq 29 lpm-pol 1
Aug 17 18:57:49 fedora kernel: ata2: SATA max UDMA/133 abar m4096@0x80840000 port 0x80840180 irq 29 lpm-pol 1
Aug 17 18:57:49 fedora kernel: ata3: SATA max UDMA/133 abar m4096@0x80840000 port 0x80840200 irq 29 lpm-pol 1
Aug 17 18:57:49 fedora kernel: ata4: SATA max UDMA/133 abar m4096@0x80840000 port 0x80840280 irq 29 lpm-pol 1
Aug 17 18:57:49 fedora kernel: ata5: SATA max UDMA/133 abar m4096@0x80840000 port 0x80840300 irq 29 lpm-pol 1
Aug 17 18:57:49 fedora kernel: ata6: SATA max UDMA/133 abar m4096@0x80840000 port 0x80840380 irq 29 lpm-pol 1
Aug 17 18:57:49 fedora kernel: CAN device driver interface
Aug 17 18:57:49 fedora kernel: usbcore: registered new interface driver usbserial_generic
Aug 17 18:57:49 fedora kernel: usbserial: USB Serial support registered for generic
Aug 17 18:57:49 fedora kernel: i8042: PNP: PS/2 Controller [PNP0303:KBD,PNP0f13:MOU] at 0x60,0x64 irq 1,12
Aug 17 18:57:49 fedora kernel: serio: i8042 KBD port at 0x60,0x64 irq 1
Aug 17 18:57:49 fedora kernel: serio: i8042 AUX port at 0x60,0x64 irq 12
Aug 17 18:57:49 fedora kernel: mousedev: PS/2 mouse device common for all mice
Aug 17 18:57:49 fedora kernel: rtc_cmos PNP0B00:00: RTC can wake from S4
Aug 17 18:57:49 fedora kernel: input: AT Translated Set 2 keyboard as /devices/platform/i8042/serio0/input/input1
Aug 17 18:57:49 fedora kernel: rtc_cmos PNP0B00:00: registered as rtc0
Aug 17 18:57:49 fedora kernel: rtc_cmos PNP0B00:00: setting system clock to 2026-08-17T18:57:47 UTC (1786993067)
Aug 17 18:57:49 fedora kernel: rtc_cmos PNP0B00:00: alarms up to one day, y3k, 242 bytes nvram
Aug 17 18:57:49 fedora kernel: device-mapper: core: CONFIG_IMA_DISABLE_HTABLE is disabled. Duplicate IMA measurements will not be recorded in the IMA log.
Aug 17 18:57:49 fedora kernel: device-mapper: uevent: version 1.0.3
Aug 17 18:57:49 fedora kernel: device-mapper: ioctl: 4.50.0-ioctl (2025-04-28) initialised: dm-devel@lists.linux.dev
Aug 17 18:57:49 fedora kernel: intel_pstate: CPU model not supported
Aug 17 18:57:49 fedora kernel: input: VirtualPS/2 VMware VMMouse as /devices/platform/i8042/serio1/input/input4
Aug 17 18:57:49 fedora kernel: simple-framebuffer simple-framebuffer.0: [drm] Registered 1 planes with drm panic
Aug 17 18:57:49 fedora kernel: [drm] Initialized simpledrm 1.0.0 for simple-framebuffer.0 on minor 0
Aug 17 18:57:49 fedora kernel: input: VirtualPS/2 VMware VMMouse as /devices/platform/i8042/serio1/input/input3
Aug 17 18:57:49 fedora kernel: fbcon: Deferring console take-over
Aug 17 18:57:49 fedora kernel: simple-framebuffer simple-framebuffer.0: [drm] fb0: simpledrmdrmfb frame buffer device
Aug 17 18:57:49 fedora kernel: hid: raw HID events driver (C) Jiri Kosina
Aug 17 18:57:49 fedora kernel: usbcore: registered new interface driver usbhid
Aug 17 18:57:49 fedora kernel: usbhid: USB HID core driver
Aug 17 18:57:49 fedora kernel: drop_monitor: Initializing network drop monitor service
Aug 17 18:57:49 fedora kernel: Initializing XFRM netlink socket
Aug 17 18:57:49 fedora kernel: NET: Registered PF_INET6 protocol family
Aug 17 18:57:49 fedora kernel: Segment Routing with IPv6
Aug 17 18:57:49 fedora kernel: RPL Segment Routing with IPv6
Aug 17 18:57:49 fedora kernel: In-situ OAM (IOAM) with IPv6
Aug 17 18:57:49 fedora kernel: mip6: Mobile IPv6
Aug 17 18:57:49 fedora kernel: NET: Registered PF_PACKET protocol family
Aug 17 18:57:49 fedora kernel: can: controller area network core
Aug 17 18:57:49 fedora kernel: NET: Registered PF_CAN protocol family
Aug 17 18:57:49 fedora kernel: IPI shorthand broadcast: enabled
Aug 17 18:57:49 fedora kernel: sched_clock: Marking stable (666004135, 5460689)->(703218945, -31754121)
Aug 17 18:57:49 fedora kernel: registered taskstats version 1
Aug 17 18:57:49 fedora kernel: Loading compiled-in X.509 certificates
Aug 17 18:57:49 fedora kernel: Loaded X.509 cert 'Fedora kernel signing key: 9490f9559ca762f01b8b79915c63f7c08cd8655c'
Aug 17 18:57:49 fedora kernel: ata2: SATA link down (SStatus 0 SControl 300)
Aug 17 18:57:49 fedora kernel: ata1: SATA link down (SStatus 0 SControl 300)
Aug 17 18:57:49 fedora kernel: ata4: SATA link down (SStatus 0 SControl 300)
Aug 17 18:57:49 fedora kernel: ata3: SATA link up 1.5 Gbps (SStatus 113 SControl 300)
Aug 17 18:57:49 fedora kernel: ata3.00: ATAPI: QEMU DVD-ROM, 2.5+, max UDMA/100
Aug 17 18:57:49 fedora kernel: ata3.00: applying bridge limits
Aug 17 18:57:49 fedora kernel: ata3.00: configured for UDMA/100
Aug 17 18:57:49 fedora kernel: ata6: SATA link down (SStatus 0 SControl 300)
Aug 17 18:57:49 fedora kernel: ata5: SATA link down (SStatus 0 SControl 300)
Aug 17 18:57:49 fedora kernel: scsi 2:0:0:0: CD-ROM            QEMU     QEMU DVD-ROM     2.5+ PQ: 0 ANSI: 5
Aug 17 18:57:49 fedora kernel: sr 2:0:0:0: [sr0] scsi3-mmc drive: 4x/4x cd/rw xa/form2 tray
Aug 17 18:57:49 fedora kernel: cdrom: Uniform CD-ROM driver Revision: 3.20
Aug 17 18:57:49 fedora kernel: sr 2:0:0:0: Attached scsi CD-ROM sr0
Aug 17 18:57:49 fedora kernel: sr 2:0:0:0: Attached scsi generic sg0 type 5
Aug 17 18:57:49 fedora kernel: clocksource: Watchdog remote CPU 2 read timed out
Aug 17 18:57:49 fedora kernel: Freeing initrd memory: 275932K
Aug 17 18:57:49 fedora kernel: Loaded X.509 cert 'Fedora IMA CA: a8a00c31663f853f9c6ff2564872e378af026b28'
Aug 17 18:57:49 fedora kernel: Demotion targets for Node 0: null
Aug 17 18:57:49 fedora kernel: page_owner is disabled
Aug 17 18:57:49 fedora kernel: Key type .fscrypt registered
Aug 17 18:57:49 fedora kernel: Key type fscrypt-provisioning registered
Aug 17 18:57:49 fedora kernel: Btrfs loaded, zoned=yes, fsverity=yes
Aug 17 18:57:49 fedora kernel: Key type big_key registered
Aug 17 18:57:49 fedora kernel: Key type encrypted registered
Aug 17 18:57:49 fedora kernel: ima: No TPM chip found, activating TPM-bypass!
Aug 17 18:57:49 fedora kernel: Loading compiled-in module X.509 certificates
Aug 17 18:57:49 fedora kernel: Loaded X.509 cert 'Fedora kernel signing key: 9490f9559ca762f01b8b79915c63f7c08cd8655c'
Aug 17 18:57:49 fedora kernel: ima: Allocated hash algorithm: sha256
Aug 17 18:57:49 fedora kernel: ima: No architecture policies found
Aug 17 18:57:49 fedora kernel: evm: Initialising EVM extended attributes:
Aug 17 18:57:49 fedora kernel: evm: security.selinux
Aug 17 18:57:49 fedora kernel: evm: security.SMACK64 (disabled)
Aug 17 18:57:49 fedora kernel: evm: security.SMACK64EXEC (disabled)
Aug 17 18:57:49 fedora kernel: evm: security.SMACK64TRANSMUTE (disabled)
Aug 17 18:57:49 fedora kernel: evm: security.SMACK64MMAP (disabled)
Aug 17 18:57:49 fedora kernel: evm: security.apparmor (disabled)
Aug 17 18:57:49 fedora kernel: evm: security.ima
Aug 17 18:57:49 fedora kernel: evm: security.capability
Aug 17 18:57:49 fedora kernel: evm: HMAC attrs: 0x1
Aug 17 18:57:49 fedora kernel: alg: No test for 842 (842-scomp)
Aug 17 18:57:49 fedora kernel: PM:   Magic number: 6:642:999
Aug 17 18:57:49 fedora kernel: block vda: hash matches
Aug 17 18:57:49 fedora kernel: i8042 aux 00:01: hash matches
Aug 17 18:57:49 fedora kernel:  pnp0: hash matches
Aug 17 18:57:49 fedora kernel: RAS: Correctable Errors collector initialized.
Aug 17 18:57:49 fedora kernel: clk: Disabling unused clocks
Aug 17 18:57:49 fedora kernel: PM: genpd: Disabling unused power domains
Aug 17 18:57:49 fedora kernel: Freeing unused decrypted memory: 2028K
Aug 17 18:57:49 fedora kernel: Freeing unused kernel image (initmem) memory: 5272K
Aug 17 18:57:49 fedora kernel: Write protecting the kernel read-only data: 45056k
Aug 17 18:57:49 fedora kernel: Freeing unused kernel image (text/rodata gap) memory: 388K
Aug 17 18:57:49 fedora kernel: Freeing unused kernel image (rodata/data gap) memory: 1876K
Aug 17 18:57:49 fedora kernel: x86/mm: Checked W+X mappings: passed, no W+X pages found.
Aug 17 18:57:49 fedora kernel: Run /init as init process
Aug 17 18:57:49 fedora kernel:   with arguments:
Aug 17 18:57:49 fedora kernel:     /init
Aug 17 18:57:49 fedora kernel:     rhgb
Aug 17 18:57:49 fedora kernel:   with environment:
Aug 17 18:57:49 fedora kernel:     HOME=/
Aug 17 18:57:49 fedora kernel:     TERM=linux
Aug 17 18:57:49 fedora kernel: fuse: init (API version 7.45)
Aug 17 18:57:49 fedora systemd[1]: Successfully made /usr/ read-only.
Aug 17 18:57:49 fedora systemd[1]: systemd 259.8-1.fc44 running in system mode (+PAM +AUDIT +SELINUX -APPARMOR +IMA +IPE +SMACK +SECCOMP -GCRYPT +GNUTLS +OPENSSL +ACL +BLKID +CURL +ELFUTILS +FIDO2 +IDN2 -IDN +KMOD +LIBCRYPTSETUP +LIBCRYPTSETUP_PLUGINS +LIBFDISK +PCRE2 +PWQUALITY +P11KIT +QRENCODE +TPM2 +BZIP2 +LZ4 +XZ +ZLIB +ZSTD +BPF_FRAMEWORK +BTF +XKBCOMMON +UTMP +SYSVINIT +LIBARCHIVE)
Aug 17 18:57:49 fedora systemd[1]: Detected virtualization kvm.
Aug 17 18:57:49 fedora systemd[1]: Detected architecture x86-64.
Aug 17 18:57:49 fedora systemd[1]: Running in initrd.
Aug 17 18:57:49 fedora systemd[1]: Initializing machine ID from random generator.
Aug 17 18:57:49 fedora systemd[1]: No hostname configured, using default hostname.
Aug 17 18:57:49 fedora systemd[1]: Hostname set to <fedora>.
Aug 17 18:57:49 fedora systemd[1]: bpf-restrict-fs: LSM BPF program attached
Aug 17 18:57:49 fedora systemd[1]: /usr/lib/systemd/system/systemd-udevd.service:56: System call bpf cannot be resolved as libseccomp is not available, ignoring: Operation not supported
Aug 17 18:57:49 fedora systemd[1]: Queued start job for default target initrd.target.
Aug 17 18:57:49 fedora systemd[1]: Created slice system-modprobe.slice - Slice /system/modprobe.
Aug 17 18:57:49 fedora systemd[1]: Started clevis-luks-askpass.path - Forward Password Requests to Clevis Directory Watch.
Aug 17 18:57:49 fedora systemd[1]: Expecting device dev-mapper-live\x2drw.device - /dev/mapper/live-rw...
Aug 17 18:57:49 fedora systemd[1]: Reached target initrd-usr-fs.target - Initrd /usr File System.
Aug 17 18:57:49 fedora systemd[1]: Reached target slices.target - Slice Units.
Aug 17 18:57:49 fedora systemd[1]: Reached target swap.target - Swaps.
Aug 17 18:57:49 fedora systemd[1]: Reached target timers.target - Timer Units.
Aug 17 18:57:49 fedora systemd[1]: Listening on dbus.socket - D-Bus System Message Bus Socket.
Aug 17 18:57:49 fedora systemd[1]: Listening on iscsid.socket - Open-iSCSI iscsid Socket.
Aug 17 18:57:49 fedora systemd[1]: Listening on iscsiuio.socket - Open-iSCSI iscsiuio Socket.
Aug 17 18:57:49 fedora systemd[1]: Listening on systemd-journald-dev-log.socket - Journal Socket (/dev/log).
Aug 17 18:57:49 fedora systemd[1]: Listening on systemd-journald.socket - Journal Sockets.
Aug 17 18:57:49 fedora systemd[1]: Listening on systemd-udevd-control.socket - udev Control Socket.
Aug 17 18:57:49 fedora systemd[1]: Listening on systemd-udevd-kernel.socket - udev Kernel Socket.
Aug 17 18:57:49 fedora systemd[1]: Reached target sockets.target - Socket Units.
Aug 17 18:57:49 fedora systemd[1]: Starting kmod-static-nodes.service - Create List of Static Device Nodes...
Aug 17 18:57:49 fedora systemd[1]: memstrack.service - Memstrack Anylazing Service skipped, no trigger condition checks were met.
Aug 17 18:57:49 fedora systemd[1]: Starting modprobe@dm_multipath.service - Load Kernel Module dm_multipath...
Aug 17 18:57:49 fedora systemd[1]: multipathd-configure.service - Device-Mapper Multipath Default Configuration skipped, unmet condition check ConditionKernelCommandLine=rd.multipath=default
Aug 17 18:57:49 fedora systemd[1]: Starting systemd-journald.service - Journal Service...
Aug 17 18:57:49 fedora systemd[1]: Starting systemd-modules-load.service - Load Kernel Modules...
Aug 17 18:57:49 fedora systemd[1]: systemd-pcrphase-initrd.service - TPM PCR Barrier (initrd) skipped, unmet condition check ConditionSecurity=measured-uki
Aug 17 18:57:49 fedora systemd[1]: Reached target cryptsetup-pre.target - Local Encrypted Volumes (Pre).
Aug 17 18:57:49 fedora systemd-journald[254]: Collecting audit messages is disabled.
Aug 17 18:57:49 fedora systemd[1]: Starting systemd-vconsole-setup.service - Virtual Console Setup...
Aug 17 18:57:49 fedora systemd[1]: Finished kmod-static-nodes.service - Create List of Static Device Nodes.
Aug 17 18:57:49 fedora systemd[1]: Starting systemd-tmpfiles-setup-dev-early.service - Create Static Device Nodes in /dev gracefully...
Aug 17 18:57:49 fedora systemd[1]: modprobe@dm_multipath.service: Deactivated successfully.
Aug 17 18:57:49 fedora systemd[1]: Finished modprobe@dm_multipath.service - Load Kernel Module dm_multipath.
Aug 17 18:57:49 fedora systemd[1]: multipathd.service - Device-Mapper Multipath Device Controller skipped, unmet condition check ConditionPathExists=/etc/multipath.conf
Aug 17 18:57:49 fedora kernel: emc: device handler registered
Aug 17 18:57:49 fedora kernel: i2c_dev: i2c /dev entries driver
Aug 17 18:57:49 fedora kernel: alua: device handler registered
Aug 17 18:57:49 fedora kernel: rdac: device handler registered
Aug 17 18:57:49 fedora systemd[1]: Finished systemd-modules-load.service - Load Kernel Modules.
Aug 17 18:57:49 fedora systemd[1]: Starting systemd-sysctl.service - Apply Kernel Variables...
Aug 17 18:57:49 fedora systemd-journald[254]: Journal started
Aug 17 18:57:49 fedora systemd-journald[254]: Runtime Journal (/run/log/journal/131a0c576b3c496f8ecf8c2a0b8e29c7) is 8M, max 118.1M, 110.1M free.
Aug 17 18:57:49 fedora systemd-modules-load[256]: Using 4 probe threads
Aug 17 18:57:49 fedora systemd-modules-load[256]: Module 'msr' is built in
Aug 17 18:57:49 fedora systemd-modules-load[256]: Inserted module 'i2c_dev'
Aug 17 18:57:49 fedora systemd-modules-load[256]: Inserted module 'scsi_dh_emc'
Aug 17 18:57:49 fedora systemd-modules-load[256]: Inserted module 'scsi_dh_alua'
Aug 17 18:57:49 fedora systemd-modules-load[256]: Inserted module 'scsi_dh_rdac'
Aug 17 18:57:49 fedora systemd[1]: Finished systemd-tmpfiles-setup-dev-early.service - Create Static Device Nodes in /dev gracefully.
Aug 17 18:57:49 fedora systemd[1]: Started systemd-journald.service - Journal Service.
Aug 17 18:57:49 fedora systemd[1]: Starting systemd-tmpfiles-setup-dev.service - Create Static Device Nodes in /dev...
Aug 17 18:57:49 fedora systemd[1]: Starting systemd-tmpfiles-setup.service - Create System Files and Directories...
Aug 17 18:57:49 fedora systemd[1]: Finished systemd-sysctl.service - Apply Kernel Variables.
Aug 17 18:57:49 fedora systemd[1]: Finished systemd-vconsole-setup.service - Virtual Console Setup.
Aug 17 18:57:49 fedora systemd[1]: Starting dracut-cmdline-ask.service - dracut ask for additional cmdline parameters...
Aug 17 18:57:49 fedora systemd-tmpfiles[275]: /usr/lib/tmpfiles.d/dnsconfd.conf:1: Failed to resolve user 'dnsconfd': Unknown user
Aug 17 18:57:49 fedora systemd[1]: Finished systemd-tmpfiles-setup-dev.service - Create Static Device Nodes in /dev.
Aug 17 18:57:49 fedora systemd[1]: Reached target local-fs-pre.target - Preparation for Local File Systems.
Aug 17 18:57:49 fedora systemd[1]: Reached target local-fs.target - Local File Systems.
Aug 17 18:57:49 fedora systemd-tmpfiles[275]: /usr/lib/tmpfiles.d/unbound.conf:1: Failed to resolve user 'unbound': Unknown user
Aug 17 18:57:49 fedora systemd-tmpfiles[275]: /usr/lib/tmpfiles.d/var.conf:14: Duplicate line for path "/var/log", ignoring.
Aug 17 18:57:49 fedora systemd[1]: Finished dracut-cmdline-ask.service - dracut ask for additional cmdline parameters.
Aug 17 18:57:49 fedora systemd[1]: Starting dracut-cmdline.service - dracut cmdline hook...
Aug 17 18:57:49 fedora systemd[1]: Finished systemd-tmpfiles-setup.service - Create System Files and Directories.
Aug 17 18:57:49 fedora dracut-cmdline[291]: dracut-108-7.fc44
Aug 17 18:57:49 fedora dracut-cmdline[291]: Using kernel command line parameters:  rd.driver.pre=btrfs   BOOT_IMAGE=/images/pxeboot/vmlinuz root=live:CDLABEL=Bunny-OS-Beta rd.live.image enforcing=0 plymouth.enable=0 console=tty0 rhgb quiet
Aug 17 18:57:49 fedora dracut-cmdline[291]: livenet: no url handler for CDLABEL=Bunny-OS-Beta
Aug 17 18:57:49 fedora kernel: loop: module loaded
Aug 17 18:57:49 fedora dracut-cmdline[291]: root was live:CDLABEL=Bunny-OS-Beta, is now live:/dev/disk/by-label/Bunny-OS-Beta
Aug 17 18:57:49 fedora kernel: Loading iSCSI transport class v2.0-870.
Aug 17 18:57:49 fedora kernel: iscsi: registered transport (tcp)
Aug 17 18:57:49 fedora kernel: iscsi: registered transport (qla4xxx)
Aug 17 18:57:49 fedora kernel: QLogic iSCSI HBA Driver
Aug 17 18:57:49 fedora kernel: libcxgbi:libcxgbi_init_module: Chelsio iSCSI driver library libcxgbi v0.9.1-ko (Apr. 2015)
Aug 17 18:57:49 fedora kernel: Chelsio T3 iSCSI Driver cxgb3i v2.0.1-ko (Apr. 2015)
Aug 17 18:57:49 fedora kernel: iscsi: registered transport (cxgb3i)
Aug 17 18:57:49 fedora kernel: Chelsio T4-T6 iSCSI Driver cxgb4i v0.9.5-ko (Apr. 2015)
Aug 17 18:57:49 fedora kernel: iscsi: registered transport (cxgb4i)
Aug 17 18:57:49 fedora kernel: cxgb4i:cxgb4i_init_module: cxgb4i dcb enabled.
Aug 17 18:57:49 fedora kernel: cnic: QLogic cnicDriver v2.5.22 (July 20, 2015)
Aug 17 18:57:49 fedora kernel: QLogic NetXtreme II iSCSI Driver bnx2i v2.7.10.1 (Jul 16, 2014)
Aug 17 18:57:49 fedora kernel: iscsi: registered transport (bnx2i)
Aug 17 18:57:49 fedora kernel: iscsi: registered transport (be2iscsi)
Aug 17 18:57:49 fedora kernel: In beiscsi_module_init, tt=000000000e5bd649
Aug 17 18:57:49 fedora systemd[1]: Finished dracut-cmdline.service - dracut cmdline hook.
Aug 17 18:57:49 fedora systemd[1]: Starting dracut-pre-udev.service - dracut pre-udev hook...
Aug 17 18:57:49 fedora kernel: RPC: Registered named UNIX socket transport module.
Aug 17 18:57:49 fedora kernel: RPC: Registered udp transport module.
Aug 17 18:57:49 fedora kernel: RPC: Registered tcp transport module.
Aug 17 18:57:49 fedora kernel: RPC: Registered tcp-with-tls transport module.
Aug 17 18:57:49 fedora kernel: RPC: Registered tcp NFSv4.1 backchannel transport module.
Aug 17 18:57:49 fedora rpc.statd[525]: Version 2.8.7 starting
Aug 17 18:57:49 fedora rpc.statd[525]: Failed to open directory sm: No such file or directory
Aug 17 18:57:49 fedora rpc.statd[525]: Initializing NSM state
Aug 17 18:57:49 fedora rpc.statd[525]: Failed to create /var/lib/nfs/statd/.state.new: No such file or directory
Aug 17 18:57:49 fedora rpc.idmapd[530]: Setting log level to 0
Aug 17 18:57:49 fedora rpc.idmapd[530]: libnfsidmap: Unable to determine the NFSv4 domain; Using 'localdomain' as the NFSv4 domain which means UIDs will be mapped to the 'Nobody-User' user defined in /etc/idmapd.conf
Aug 17 18:57:49 fedora systemd[1]: Finished dracut-pre-udev.service - dracut pre-udev hook.
Aug 17 18:57:49 fedora systemd[1]: Starting systemd-udevd.service - Rule-based Manager for Device Events and Files...
Aug 17 18:57:49 fedora systemd-udevd[546]: Using default interface naming scheme 'v259'.
Aug 17 18:57:49 fedora systemd[1]: Started systemd-udevd.service - Rule-based Manager for Device Events and Files.
Aug 17 18:57:49 fedora systemd[1]: Starting dracut-pre-trigger.service - dracut pre-trigger hook...
Aug 17 18:57:49 fedora lldpad[577]: config file failed to load,
Aug 17 18:57:49 fedora lldpad[577]: create a new file.
Aug 17 18:57:49 fedora lldpad[577]: bound ctrl iface to /com/intel/lldpad
Aug 17 18:57:49 fedora dracut-pre-trigger[579]: 578
Aug 17 18:57:49 fedora dracut-pre-trigger[548]: rd.md=0: removing MD RAID activation
Aug 17 18:57:49 fedora systemd[1]: Finished dracut-pre-trigger.service - dracut pre-trigger hook.
Aug 17 18:57:49 fedora systemd[1]: Starting systemd-udev-trigger.service - Coldplug All udev Devices...
Aug 17 18:57:49 fedora systemd[1]: Finished systemd-udev-trigger.service - Coldplug All udev Devices.
Aug 17 18:57:49 fedora systemd[1]: nm-initrd.service skipped, unmet condition check ConditionPathExists=/run/NetworkManager/initrd/neednet
Aug 17 18:57:49 fedora systemd[1]: Reached target network.target - Network.
Aug 17 18:57:49 fedora systemd[1]: nm-wait-online-initrd.service skipped, unmet condition check ConditionPathExists=/run/NetworkManager/initrd/neednet
Aug 17 18:57:49 fedora systemd[1]: Starting dracut-initqueue.service - dracut initqueue hook...
Aug 17 18:57:49 fedora systemd[1]: plymouth-start.service - Show Plymouth Boot Screen skipped, unmet condition check ConditionKernelCommandLine=!plymouth.enable=0
Aug 17 18:57:49 fedora systemd[1]: Started systemd-ask-password-console.path - Dispatch Password Requests to Console Directory Watch.
Aug 17 18:57:49 fedora systemd[1]: systemd-ask-password-plymouth.path - Forward Password Requests to Plymouth Directory Watch skipped, unmet condition check ConditionPathExists=/run/plymouth/pid
Aug 17 18:57:49 fedora systemd[1]: Reached target cryptsetup.target - Local Encrypted Volumes.
Aug 17 18:57:49 fedora systemd[1]: Reached target paths.target - Path Units.
Aug 17 18:57:49 fedora systemd[1]: Reached target sysinit.target - System Initialization.
Aug 17 18:57:49 fedora systemd[1]: Reached target basic.target - Basic System.
Aug 17 18:57:49 fedora systemd[1]: systemd-battery-check.service - Early Battery Level Check skipped, unmet condition check ConditionDirectoryNotEmpty=/sys/class/power_supply
Aug 17 18:57:49 fedora systemd[1]: Reached target initrd-root-device.target - Initrd Root Device.
Aug 17 18:57:49 fedora systemd[1]: modprobe@configfs.service - Load Kernel Module configfs skipped, unmet condition check ConditionKernelModuleLoaded=!configfs
Aug 17 18:57:49 fedora kernel: Key type psk registered
Aug 17 18:57:49 fedora kernel: [drm] pci: virtio-vga detected at 0000:00:01.0
Aug 17 18:57:49 fedora kernel: virtio-pci 0000:00:01.0: vgaarb: deactivate vga console
Aug 17 18:57:50 fedora kernel: [drm] features: -virgl +edid -resource_blob -host_visible
Aug 17 18:57:50 fedora kernel: [drm] features: -context_init
Aug 17 18:57:50 fedora kernel: [drm] number of scanouts: 1
Aug 17 18:57:50 fedora kernel: [drm] number of cap sets: 0
Aug 17 18:57:50 fedora kernel: virtio_net virtio2 enp0s3: renamed from eth0
Aug 17 18:57:50 fedora kernel: virtio-pci 0000:00:01.0: [drm] Registered 1 planes with drm panic
Aug 17 18:57:50 fedora systemd[1]: systemd-vconsole-setup.service: Deactivated successfully.
Aug 17 18:57:50 fedora systemd[1]: Stopped systemd-vconsole-setup.service - Virtual Console Setup.
Aug 17 18:57:50 fedora systemd[1]: Stopping systemd-vconsole-setup.service - Virtual Console Setup...
Aug 17 18:57:50 fedora systemd[1]: Starting systemd-vconsole-setup.service - Virtual Console Setup...
Aug 17 18:57:50 fedora kernel: [drm] Initialized virtio_gpu 0.1.0 for 0000:00:01.0 on minor 1
Aug 17 18:57:50 fedora kernel: fbcon: virtio_gpudrmfb (fb0) is primary device
Aug 17 18:57:50 fedora kernel: fbcon: Deferring console take-over
Aug 17 18:57:50 fedora kernel: virtio-pci 0000:00:01.0: [drm] fb0: virtio_gpudrmfb frame buffer device
Aug 17 18:57:50 fedora kernel: 8021q: 802.1Q VLAN Support v1.8
Aug 17 18:57:50 fedora systemd[1]: Finished systemd-vconsole-setup.service - Virtual Console Setup.
Aug 17 18:57:50 fedora systemd[1]: Mounting sys-kernel-config.mount - Kernel Configuration File System...
Aug 17 18:57:50 fedora kernel: ISO 9660 Extensions: Microsoft Joliet Level 3
Aug 17 18:57:50 fedora kernel: ISO 9660 Extensions: RRIP_1991A
Aug 17 18:57:50 fedora kernel: loop0: detected capacity change from 0 to 11220192
Aug 17 18:57:50 fedora systemd[1]: Mounted sys-kernel-config.mount - Kernel Configuration File System.
Aug 17 18:57:50 fedora kernel: squashfs: version 4.0 (2009/01/31) Phillip Lougher
Aug 17 18:57:50 fedora systemd[1]: Reload requested from client PID 760 ('systemctl') (unit dracut-initqueue.service)...
Aug 17 18:57:50 fedora systemd[1]: Reloading...
Aug 17 18:57:50 fedora systemd[1]: /usr/lib/systemd/system/systemd-udevd.service:56: System call bpf cannot be resolved as libseccomp is not available, ignoring: Operation not supported
Aug 17 18:57:50 fedora systemd[1]: Reloading finished in 66 ms.
Aug 17 18:57:50 fedora systemd[1]: Unnecessary job was removed for dev-mapper-live\x2drw.device - /dev/mapper/live-rw.
Aug 17 18:57:50 fedora systemd[1]: Finished dracut-initqueue.service - dracut initqueue hook.
Aug 17 18:57:50 fedora systemd[1]: Reached target remote-fs-pre.target - Preparation for Remote File Systems.
Aug 17 18:57:50 fedora systemd[1]: Reached target remote-cryptsetup.target - Remote Encrypted Volumes.
Aug 17 18:57:50 fedora systemd[1]: Reached target remote-fs.target - Remote File Systems.
Aug 17 18:57:50 fedora systemd[1]: Starting dracut-pre-mount.service - dracut pre-mount hook...
Aug 17 18:57:50 fedora systemd[1]: Finished dracut-pre-mount.service - dracut pre-mount hook.
Aug 17 18:57:51 fedora systemd[1]: run-initramfs-squashfs.mount: Deactivated successfully.
Aug 17 18:57:51 fedora systemd[1]: Mounting sysroot.mount - /sysroot...
Aug 17 18:57:51 fedora systemd[1]: Mounted sysroot.mount - /sysroot.
Aug 17 18:57:51 fedora systemd[1]: ostree-prepare-root.service - OSTree Prepare OS/ skipped, unmet condition check ConditionKernelCommandLine=ostree
Aug 17 18:57:51 fedora systemd[1]: bootc-root-setup.service - bootc setup root skipped, unmet condition check ConditionKernelCommandLine=composefs
Aug 17 18:57:51 fedora systemd[1]: Reached target initrd-root-fs.target - Initrd Root File System.
Aug 17 18:57:51 fedora systemd[1]: Starting initrd-parse-etc.service - Mountpoints Configured in the Real Root...
Aug 17 18:57:51 fedora systemd[1]: initrd-parse-etc.service: Deactivated successfully.
Aug 17 18:57:51 fedora systemd[1]: Finished initrd-parse-etc.service - Mountpoints Configured in the Real Root.
Aug 17 18:57:51 fedora systemd[1]: initrd-parse-etc.service: Triggering OnSuccess= dependencies.
Aug 17 18:57:51 fedora systemd[1]: Reached target initrd-fs.target - Initrd File Systems.
Aug 17 18:57:51 fedora systemd[1]: Reached target initrd.target - Initrd Default Target.
Aug 17 18:57:51 fedora systemd[1]: Starting dracut-mount.service - dracut mount hook...
Aug 17 18:57:51 fedora systemd[1]: Finished dracut-mount.service - dracut mount hook.
Aug 17 18:57:51 fedora systemd[1]: Starting dracut-pre-pivot.service - dracut pre-pivot and cleanup hook...
Aug 17 18:57:51 fedora dracut-pre-pivot[889]: 4.370661 | /etc/multipath.conf does not exist, blacklisting all devices.
Aug 17 18:57:51 fedora dracut-pre-pivot[889]: 4.370710 | You can run "/sbin/mpathconf --enable" to create
Aug 17 18:57:51 fedora dracut-pre-pivot[889]: 4.370711 | /etc/multipath.conf. See man mpathconf(8) for more details
Aug 17 18:57:51 fedora dracut-pre-pivot[889]: 4.370860 | updated bindings file /etc/multipath/bindings
Aug 17 18:57:51 fedora kernel: fbcon: Taking over console
Aug 17 18:57:51 fedora systemd[1]: systemd-vconsole-setup.service: Deactivated successfully.
Aug 17 18:57:51 fedora systemd[1]: Stopped systemd-vconsole-setup.service - Virtual Console Setup.
Aug 17 18:57:51 fedora systemd[1]: Stopping systemd-vconsole-setup.service - Virtual Console Setup...
Aug 17 18:57:51 fedora systemd[1]: Starting systemd-vconsole-setup.service - Virtual Console Setup...
Aug 17 18:57:51 fedora kernel: Console: switching to colour frame buffer device 160x64
Aug 17 18:57:51 fedora rpc.idmapd[530]: exiting on signal 15
Aug 17 18:57:51 fedora rpcbind[521]: cannot open file = /run/rpcbind/rpcbind.xdr for writing
Aug 17 18:57:51 fedora rpcbind[521]: cannot save any registration
Aug 17 18:57:51 fedora rpcbind[521]: cannot open file = /run/rpcbind/portmap.xdr for writing
Aug 17 18:57:51 fedora rpcbind[521]: cannot save any registration
Aug 17 18:57:51 fedora systemd[1]: var-lib-nfs-rpc_pipefs.mount: Deactivated successfully.
Aug 17 18:57:51 fedora systemd[1]: Finished dracut-pre-pivot.service - dracut pre-pivot and cleanup hook.
Aug 17 18:57:51 fedora systemd[1]: Starting initrd-cleanup.service - Cleaning Up and Shutting Down Daemons...
Aug 17 18:57:51 fedora systemd[1]: Stopped target network.target - Network.
Aug 17 18:57:51 fedora systemd[1]: Stopped target remote-cryptsetup.target - Remote Encrypted Volumes.
Aug 17 18:57:51 fedora systemd[1]: Stopped target timers.target - Timer Units.
Aug 17 18:57:51 fedora systemd[1]: dbus.socket: Deactivated successfully.
Aug 17 18:57:51 fedora systemd[1]: Closed dbus.socket - D-Bus System Message Bus Socket.
Aug 17 18:57:51 fedora systemd[1]: dracut-pre-pivot.service: Deactivated successfully.
Aug 17 18:57:51 fedora systemd[1]: Stopped dracut-pre-pivot.service - dracut pre-pivot and cleanup hook.
Aug 17 18:57:51 fedora systemd[1]: Stopped target initrd.target - Initrd Default Target.
Aug 17 18:57:51 fedora systemd[1]: Stopped target basic.target - Basic System.
Aug 17 18:57:51 fedora systemd[1]: Stopped target initrd-root-device.target - Initrd Root Device.
Aug 17 18:57:51 fedora systemd[1]: Stopped target initrd-usr-fs.target - Initrd /usr File System.
Aug 17 18:57:51 fedora systemd[1]: Stopped target paths.target - Path Units.
Aug 17 18:57:51 fedora systemd[1]: Stopped target remote-fs.target - Remote File Systems.
Aug 17 18:57:51 fedora systemd[1]: Stopped target remote-fs-pre.target - Preparation for Remote File Systems.
Aug 17 18:57:51 fedora systemd[1]: Stopped target slices.target - Slice Units.
Aug 17 18:57:51 fedora systemd[1]: Stopped target sockets.target - Socket Units.
Aug 17 18:57:51 fedora systemd[1]: Stopped target sysinit.target - System Initialization.
Aug 17 18:57:51 fedora systemd[1]: Stopped target local-fs.target - Local File Systems.
Aug 17 18:57:51 fedora systemd[1]: Stopped target local-fs-pre.target - Preparation for Local File Systems.
Aug 17 18:57:51 fedora systemd[1]: Stopped target swap.target - Swaps.
Aug 17 18:57:51 fedora systemd[1]: iscsid.socket: Deactivated successfully.
Aug 17 18:57:51 fedora systemd[1]: Closed iscsid.socket - Open-iSCSI iscsid Socket.
Aug 17 18:57:51 fedora systemd[1]: iscsiuio.socket: Deactivated successfully.
Aug 17 18:57:51 fedora systemd[1]: Closed iscsiuio.socket - Open-iSCSI iscsiuio Socket.
Aug 17 18:57:51 fedora systemd[1]: dracut-mount.service: Deactivated successfully.
Aug 17 18:57:51 fedora systemd[1]: Stopped dracut-mount.service - dracut mount hook.
Aug 17 18:57:51 fedora systemd[1]: dracut-pre-mount.service: Deactivated successfully.
Aug 17 18:57:51 fedora systemd[1]: Stopped dracut-pre-mount.service - dracut pre-mount hook.
Aug 17 18:57:51 fedora systemd[1]: Stopped target cryptsetup.target - Local Encrypted Volumes.
Aug 17 18:57:51 fedora systemd[1]: systemd-ask-password-console.path: Deactivated successfully.
Aug 17 18:57:51 fedora systemd[1]: Stopped systemd-ask-password-console.path - Dispatch Password Requests to Console Directory Watch.
Aug 17 18:57:51 fedora systemd[1]: Stopped target cryptsetup-pre.target - Local Encrypted Volumes (Pre).
Aug 17 18:57:51 fedora systemd[1]: clevis-luks-askpass.path: Deactivated successfully.
Aug 17 18:57:51 fedora systemd[1]: Stopped clevis-luks-askpass.path - Forward Password Requests to Clevis Directory Watch.
Aug 17 18:57:51 fedora systemd[1]: dracut-initqueue.service: Deactivated successfully.
Aug 17 18:57:51 fedora systemd[1]: Stopped dracut-initqueue.service - dracut initqueue hook.
Aug 17 18:57:51 fedora systemd[1]: ostree-prepare-root.service - OSTree Prepare OS/ skipped, unmet condition check ConditionKernelCommandLine=ostree
Aug 17 18:57:51 fedora systemd[1]: bootc-root-setup.service - bootc setup root skipped, unmet condition check ConditionKernelCommandLine=composefs
Aug 17 18:57:51 fedora systemd[1]: Starting plymouth-switch-root.service - Plymouth switch root service...
Aug 17 18:57:51 fedora systemd[1]: systemd-sysctl.service: Deactivated successfully.
Aug 17 18:57:51 fedora systemd[1]: Stopped systemd-sysctl.service - Apply Kernel Variables.
Aug 17 18:57:51 fedora systemd[1]: systemd-modules-load.service: Deactivated successfully.
Aug 17 18:57:51 fedora systemd[1]: Stopped systemd-modules-load.service - Load Kernel Modules.
Aug 17 18:57:51 fedora systemd[1]: systemd-tmpfiles-setup.service: Deactivated successfully.
Aug 17 18:57:51 fedora systemd[1]: Stopped systemd-tmpfiles-setup.service - Create System Files and Directories.
Aug 17 18:57:51 fedora systemd[1]: systemd-udev-trigger.service: Deactivated successfully.
Aug 17 18:57:51 fedora systemd[1]: Stopped systemd-udev-trigger.service - Coldplug All udev Devices.
Aug 17 18:57:51 fedora systemd[1]: dracut-pre-trigger.service: Deactivated successfully.
Aug 17 18:57:51 fedora systemd[1]: Stopped dracut-pre-trigger.service - dracut pre-trigger hook.
Aug 17 18:57:51 fedora systemd[1]: Stopping systemd-udevd.service - Rule-based Manager for Device Events and Files...
Aug 17 18:57:51 fedora systemd[1]: initrd-cleanup.service: Deactivated successfully.
Aug 17 18:57:51 fedora systemd[1]: Finished initrd-cleanup.service - Cleaning Up and Shutting Down Daemons.
Aug 17 18:57:51 fedora systemd[1]: systemd-udevd.service: Deactivated successfully.
Aug 17 18:57:51 fedora systemd[1]: Stopped systemd-udevd.service - Rule-based Manager for Device Events and Files.
Aug 17 18:57:51 fedora systemd[1]: systemd-udevd-control.socket: Deactivated successfully.
Aug 17 18:57:51 fedora systemd[1]: Closed systemd-udevd-control.socket - udev Control Socket.
Aug 17 18:57:51 fedora systemd[1]: dracut-pre-udev.service: Deactivated successfully.
Aug 17 18:57:51 fedora systemd[1]: Stopped dracut-pre-udev.service - dracut pre-udev hook.
Aug 17 18:57:51 fedora systemd[1]: dracut-cmdline.service: Deactivated successfully.
Aug 17 18:57:51 fedora systemd[1]: Stopped dracut-cmdline.service - dracut cmdline hook.
Aug 17 18:57:51 fedora systemd[1]: dracut-cmdline-ask.service: Deactivated successfully.
Aug 17 18:57:51 fedora systemd[1]: Stopped dracut-cmdline-ask.service - dracut ask for additional cmdline parameters.
Aug 17 18:57:51 fedora systemd[1]: Starting initrd-udevadm-cleanup-db.service - Cleanup udev Database...
Aug 17 18:57:51 fedora systemd[1]: systemd-tmpfiles-setup-dev.service: Deactivated successfully.
Aug 17 18:57:51 fedora systemd[1]: Stopped systemd-tmpfiles-setup-dev.service - Create Static Device Nodes in /dev.
Aug 17 18:57:51 fedora systemd[1]: systemd-tmpfiles-setup-dev-early.service: Deactivated successfully.
Aug 17 18:57:51 fedora systemd[1]: Stopped systemd-tmpfiles-setup-dev-early.service - Create Static Device Nodes in /dev gracefully.
Aug 17 18:57:51 fedora systemd[1]: kmod-static-nodes.service: Deactivated successfully.
Aug 17 18:57:51 fedora systemd[1]: Stopped kmod-static-nodes.service - Create List of Static Device Nodes.
Aug 17 18:57:51 fedora systemd[1]: Finished systemd-vconsole-setup.service - Virtual Console Setup.
Aug 17 18:57:51 fedora systemd[1]: plymouth-start.service - Show Plymouth Boot Screen skipped, unmet condition check ConditionKernelCommandLine=!plymouth.enable=0
Aug 17 18:57:51 fedora systemd[1]: systemd-ask-password-plymouth.path - Forward Password Requests to Plymouth Directory Watch skipped, unmet condition check ConditionPathExists=/run/plymouth/pid
Aug 17 18:57:51 fedora systemd[1]: Finished plymouth-switch-root.service - Plymouth switch root service.
Aug 17 18:57:51 fedora systemd[1]: initrd-udevadm-cleanup-db.service: Deactivated successfully.
Aug 17 18:57:51 fedora systemd[1]: Finished initrd-udevadm-cleanup-db.service - Cleanup udev Database.
Aug 17 18:57:51 fedora systemd[1]: Reached target initrd-switch-root.target - Switch Root.
Aug 17 18:57:51 fedora systemd[1]: Starting initrd-switch-root.service - Switch Root...
Aug 17 18:57:51 fedora systemd[1]: Switching root.
Aug 17 18:57:51 fedora systemd-journald[254]: Journal stopped
Aug 17 18:57:52 fedora systemd-journald[254]: Received SIGTERM from PID 1 (systemd).
Aug 17 18:57:52 fedora kernel: SELinux:  Permission firmware_load in class system not defined in policy.
Aug 17 18:57:52 fedora kernel: SELinux:  Permission kexec_image_load in class system not defined in policy.
Aug 17 18:57:52 fedora kernel: SELinux:  Permission kexec_initramfs_load in class system not defined in policy.
Aug 17 18:57:52 fedora kernel: SELinux:  Permission policy_load in class system not defined in policy.
Aug 17 18:57:52 fedora kernel: SELinux:  Permission x509_certificate_load in class system not defined in policy.
Aug 17 18:57:52 fedora kernel: SELinux:  Permission map_create_as in class bpf not defined in policy.
Aug 17 18:57:52 fedora kernel: SELinux:  Permission prog_load_as in class bpf not defined in policy.
Aug 17 18:57:52 fedora kernel: SELinux:  Permission allowed in class io_uring not defined in policy.
Aug 17 18:57:52 fedora kernel: SELinux:  Class memfd_file not defined in policy.
Aug 17 18:57:52 fedora kernel: SELinux: the above unknown classes and permissions will be allowed
Aug 17 18:57:52 fedora kernel: SELinux:  policy capability network_peer_controls=1
Aug 17 18:57:52 fedora kernel: SELinux:  policy capability open_perms=1
Aug 17 18:57:52 fedora kernel: SELinux:  policy capability extended_socket_class=1
Aug 17 18:57:52 fedora kernel: SELinux:  policy capability always_check_network=0
Aug 17 18:57:52 fedora kernel: SELinux:  policy capability cgroup_seclabel=1
Aug 17 18:57:52 fedora kernel: SELinux:  policy capability nnp_nosuid_transition=1
Aug 17 18:57:52 fedora kernel: SELinux:  policy capability genfs_seclabel_symlinks=1
Aug 17 18:57:52 fedora kernel: SELinux:  policy capability ioctl_skip_cloexec=0
Aug 17 18:57:52 fedora kernel: SELinux:  policy capability userspace_initial_context=0
Aug 17 18:57:52 fedora kernel: SELinux:  policy capability netlink_xperm=0
Aug 17 18:57:52 fedora kernel: SELinux:  policy capability netif_wildcard=0
Aug 17 18:57:52 fedora kernel: SELinux:  policy capability genfs_seclabel_wildcard=0
Aug 17 18:57:52 fedora kernel: SELinux:  policy capability functionfs_seclabel=0
Aug 17 18:57:52 fedora kernel: SELinux:  policy capability memfd_class=0
Aug 17 18:57:52 fedora kernel: SELinux:  policy capability bpf_token_perms=0
Aug 17 18:57:52 fedora kernel: audit: type=1403 audit(1786993071.555:2): auid=4294967295 ses=4294967295 lsm=selinux res=1
Aug 17 18:57:52 fedora systemd[1]: Successfully loaded SELinux policy in 79.713ms.
Aug 17 18:57:52 fedora kernel: audit: type=1400 audit(1786993071.576:3): avc:  denied  { write } for  pid=1 comm="systemd" name="core_pattern" dev="proc" ino=66 scontext=system_u:system_r:kernel_t:s0 tcontext=system_u:object_r:usermodehelper_t:s0 tclass=file permissive=1
Aug 17 18:57:52 fedora kernel: audit: type=1400 audit(1786993071.622:4): avc:  denied  { module_load } for  pid=1 comm="systemd" path="/usr/lib/modules/7.1.5-201.fc44.x86_64/kernel/net/vmw_vsock/vsock.ko.xz" dev="overlay" ino=35014 scontext=system_u:system_r:kernel_t:s0 tcontext=system_u:object_r:unlabeled_t:s0 tclass=system permissive=1
Aug 17 18:57:52 fedora kernel: NET: Registered PF_VSOCK protocol family
Aug 17 18:57:52 fedora kernel: audit: type=1400 audit(1786993071.647:5): avc:  denied  { relabelto } for  pid=1 comm="systemd" name="loop0" dev="devtmpfs" ino=367 scontext=system_u:system_r:kernel_t:s0 tcontext=system_u:object_r:fixed_disk_device_t:s0 tclass=blk_file permissive=1
Aug 17 18:57:52 fedora kernel: audit: type=1400 audit(1786993071.648:6): avc:  denied  { relabelto } for  pid=1 comm="systemd" name="card1" dev="devtmpfs" ino=360 scontext=system_u:system_r:kernel_t:s0 tcontext=system_u:object_r:dri_device_t:s0 tclass=chr_file permissive=1
Aug 17 18:57:52 fedora kernel: audit: type=1400 audit(1786993071.648:7): avc:  denied  { relabelto } for  pid=1 comm="systemd" name="nvme-fabrics" dev="devtmpfs" ino=325 scontext=system_u:system_r:kernel_t:s0 tcontext=system_u:object_r:fixed_disk_device_t:s0 tclass=chr_file permissive=1
Aug 17 18:57:52 fedora kernel: audit: type=1400 audit(1786993071.649:8): avc:  denied  { relabelto } for  pid=1 comm="systemd" name="rfkill" dev="devtmpfs" ino=174 scontext=system_u:system_r:kernel_t:s0 tcontext=system_u:object_r:wireless_device_t:s0 tclass=chr_file permissive=1
Aug 17 18:57:52 fedora kernel: audit: type=1400 audit(1786993071.649:9): avc:  denied  { relabelto } for  pid=1 comm="systemd" name="uhid" dev="devtmpfs" ino=173 scontext=system_u:system_r:kernel_t:s0 tcontext=system_u:object_r:uhid_device_t:s0 tclass=chr_file permissive=1
Aug 17 18:57:52 fedora kernel: audit: type=1400 audit(1786993071.649:10): avc:  denied  { relabelto } for  pid=1 comm="systemd" name="tun" dev="devtmpfs" ino=172 scontext=system_u:system_r:kernel_t:s0 tcontext=system_u:object_r:tun_tap_device_t:s0 tclass=chr_file permissive=1
Aug 17 18:57:52 fedora systemd[1]: Relabeled /dev/, /dev/shm/, /run/ in 12.355ms.
Aug 17 18:57:52 fedora systemd[1]: systemd 259.8-1.fc44 running in system mode (+PAM +AUDIT +SELINUX -APPARMOR +IMA +IPE +SMACK +SECCOMP -GCRYPT +GNUTLS +OPENSSL +ACL +BLKID +CURL +ELFUTILS +FIDO2 +IDN2 -IDN +KMOD +LIBCRYPTSETUP +LIBCRYPTSETUP_PLUGINS +LIBFDISK +PCRE2 +PWQUALITY +P11KIT +QRENCODE +TPM2 +BZIP2 +LZ4 +XZ +ZLIB +ZSTD +BPF_FRAMEWORK +BTF +XKBCOMMON +UTMP +SYSVINIT +LIBARCHIVE)
Aug 17 18:57:52 fedora systemd[1]: Detected virtualization kvm.
Aug 17 18:57:52 fedora systemd[1]: Detected architecture x86-64.
Aug 17 18:57:52 fedora systemd[1]: Initializing machine ID from random generator.
Aug 17 18:57:52 fedora kernel: evm: overlay not supported
Aug 17 18:57:52 fedora systemd[1]: bpf-restrict-fs: LSM BPF program attached
Aug 17 18:57:52 fedora kernel: zram: Added device: zram0
Aug 17 18:57:52 fedora kernel: kauditd_printk_skb: 48 callbacks suppressed
Aug 17 18:57:52 fedora kernel: audit: type=1400 audit(1786993072.286:59): avc:  denied  { create } for  pid=1 comm="systemd" scontext=system_u:system_r:kernel_t:s0 tcontext=system_u:system_r:kernel_t:s0 tclass=netlink_kobject_uevent_socket permissive=1
Aug 17 18:57:52 fedora kernel: audit: type=1400 audit(1786993072.412:60): avc:  denied  { read } for  pid=1 comm="systemd" name="net" dev="proc" ino=4026531843 scontext=system_u:system_r:kernel_t:s0 tcontext=system_u:object_r:proc_net_t:s0 tclass=lnk_file permissive=1
Aug 17 18:57:52 fedora kernel: audit: type=1400 audit(1786993072.686:61): avc:  denied  { create } for  pid=1 comm="systemd" scontext=system_u:system_r:kernel_t:s0 tcontext=system_u:system_r:kernel_t:s0 tclass=netlink_audit_socket permissive=1
Aug 17 18:57:52 fedora systemd[1]: initrd-switch-root.service: Deactivated successfully.
Aug 17 18:57:52 fedora systemd[1]: Stopped initrd-switch-root.service - Switch Root.
Aug 17 18:57:52 fedora systemd[1]: systemd-journald.service: Scheduled restart job, restart counter is at 1.
Aug 17 18:57:52 fedora systemd[1]: Created slice system-getty.slice - Slice /system/getty.
Aug 17 18:57:52 fedora systemd[1]: Created slice system-sshd\x2dkeygen.slice - Slice /system/sshd-keygen.
Aug 17 18:57:52 fedora systemd[1]: Created slice system-systemd\x2dzram\x2dsetup.slice - Slice /system/systemd-zram-setup.
Aug 17 18:57:52 fedora systemd[1]: Created slice user.slice - User and Session Slice.
Aug 17 18:57:52 fedora systemd[1]: Started clevis-luks-askpass.path - Forward Password Requests to Clevis Directory Watch.
Aug 17 18:57:52 fedora systemd[1]: Started systemd-ask-password-wall.path - Forward Password Requests to Wall Directory Watch.
Aug 17 18:57:52 fedora kernel: audit: type=1400 audit(1786993072.689:62): avc:  denied  { mounton } for  pid=1 comm="systemd" path="/proc/sys/fs/binfmt_misc" dev="proc" ino=10630 scontext=system_u:system_r:kernel_t:s0 tcontext=system_u:object_r:sysctl_fs_t:s0 tclass=dir permissive=1
Aug 17 18:57:52 fedora systemd[1]: Set up automount proc-sys-fs-binfmt_misc.automount - Arbitrary Executable File Formats File System Automount Point.
Aug 17 18:57:52 fedora systemd[1]: Expecting device dev-zram0.device - /dev/zram0...
Aug 17 18:57:52 fedora systemd[1]: Reached target getty.target - Login Prompts.
Aug 17 18:57:52 fedora systemd[1]: Reached target imports.target - Image Downloads.
Aug 17 18:57:52 fedora systemd[1]: Stopped target initrd-switch-root.target - Switch Root.
Aug 17 18:57:52 fedora systemd[1]: Stopped target initrd-fs.target - Initrd File Systems.
Aug 17 18:57:52 fedora systemd[1]: Stopped target initrd-root-fs.target - Initrd Root File System.
Aug 17 18:57:52 fedora systemd[1]: Reached target integritysetup.target - Local Integrity Protected Volumes.
Aug 17 18:57:52 fedora systemd[1]: Reached target rpc_pipefs.target.
Aug 17 18:57:52 fedora systemd[1]: Reached target slices.target - Slice Units.
Aug 17 18:57:52 fedora systemd[1]: Reached target veritysetup.target - Local Verity Protected Volumes.
Aug 17 18:57:52 fedora systemd[1]: Listening on dm-event.socket - Device-mapper event daemon FIFOs.
Aug 17 18:57:52 fedora systemd[1]: Listening on lvm2-lvmpolld.socket - LVM2 poll daemon socket.
Aug 17 18:57:52 fedora systemd[1]: Listening on systemd-ask-password.socket - Query the User Interactively for a Password.
Aug 17 18:57:52 fedora systemd[1]: Listening on systemd-coredump.socket - Process Core Dump Socket.
Aug 17 18:57:52 fedora systemd[1]: Listening on systemd-creds.socket - Credential Encryption/Decryption.
Aug 17 18:57:52 fedora systemd[1]: Listening on systemd-factory-reset.socket - Factory Reset Management.
Aug 17 18:57:52 fedora systemd[1]: Listening on systemd-journald-audit.socket - Journal Audit Socket.
Aug 17 18:57:52 fedora systemd[1]: Listening on systemd-mute-console.socket - Console Output Muting Service Socket.
Aug 17 18:57:52 fedora systemd[1]: Listening on systemd-oomd.socket - Userspace Out-Of-Memory (OOM) Killer Socket.
Aug 17 18:57:52 fedora systemd[1]: systemd-pcrextend.socket - TPM PCR Measurements skipped, unmet condition check ConditionSecurity=measured-uki
Aug 17 18:57:52 fedora systemd[1]: systemd-pcrlock.socket - Make TPM PCR Policy skipped, unmet condition check ConditionSecurity=measured-uki
Aug 17 18:57:52 fedora systemd[1]: Listening on systemd-repart.socket - Disk Repartitioning Service Socket.
Aug 17 18:57:52 fedora systemd[1]: Listening on systemd-resolved-monitor.socket - Resolve Monitor Varlink Socket.
Aug 17 18:57:52 fedora systemd[1]: Listening on systemd-resolved-varlink.socket - Resolve Service Varlink Socket.
Aug 17 18:57:52 fedora systemd[1]: Listening on systemd-udevd-control.socket - udev Control Socket.
Aug 17 18:57:52 fedora systemd[1]: Listening on systemd-udevd-varlink.socket - udev Varlink Socket.
Aug 17 18:57:52 fedora systemd[1]: Listening on systemd-userdbd.socket - User Database Manager Socket.
Aug 17 18:57:52 fedora systemd[1]: Mounting dev-hugepages.mount - Huge Pages File System...
Aug 17 18:57:52 fedora systemd[1]: Mounting dev-mqueue.mount - POSIX Message Queue File System...
Aug 17 18:57:52 fedora systemd[1]: Mounting sys-kernel-debug.mount - Kernel Debug File System...
Aug 17 18:57:52 fedora systemd[1]: Mounting sys-kernel-tracing.mount - Kernel Trace File System...
Aug 17 18:57:52 fedora systemd[1]: auth-rpcgss-module.service - Kernel Module supporting RPCSEC_GSS skipped, unmet condition check ConditionPathExists=/etc/krb5.keytab
Aug 17 18:57:52 fedora systemd[1]: fips-crypto-policy-overlay.service - Bind-mount FIPS crypto-policy in FIPS mode skipped, unmet condition check ConditionKernelCommandLine=fips=1
Aug 17 18:57:52 fedora systemd[1]: iscsi-starter.service skipped, unmet condition check ConditionDirectoryNotEmpty=/var/lib/iscsi/nodes
Aug 17 18:57:52 fedora systemd[1]: Starting kmod-static-nodes.service - Create List of Static Device Nodes...
Aug 17 18:57:52 fedora systemd[1]: Starting lvm2-monitor.service - Monitoring of LVM2 mirrors, snapshots etc. using dmeventd or progress polling...
Aug 17 18:57:52 fedora systemd[1]: modprobe@configfs.service - Load Kernel Module configfs skipped, unmet condition check ConditionKernelModuleLoaded=!configfs
Aug 17 18:57:52 fedora systemd[1]: modprobe@dm_multipath.service - Load Kernel Module dm_multipath skipped, unmet condition check ConditionKernelModuleLoaded=!dm_multipath
Aug 17 18:57:52 fedora systemd[1]: modprobe@drm.service - Load Kernel Module drm skipped, unmet condition check ConditionKernelModuleLoaded=!drm
Aug 17 18:57:52 fedora systemd[1]: modprobe@efi_pstore.service - Load Kernel Module efi_pstore skipped, unmet condition check ConditionKernelModuleLoaded=!efi_pstore
Aug 17 18:57:52 fedora systemd[1]: modprobe@fuse.service - Load Kernel Module fuse skipped, unmet condition check ConditionKernelModuleLoaded=!fuse
Aug 17 18:57:52 fedora systemd[1]: Mounting sys-fs-fuse-connections.mount - FUSE Control File System...
Aug 17 18:57:52 fedora systemd[1]: plymouth-switch-root.service: Deactivated successfully.
Aug 17 18:57:52 fedora systemd[1]: Stopped plymouth-switch-root.service - Plymouth switch root service.
Aug 17 18:57:52 fedora systemd[1]: systemd-boot-clear-sysfail.service - Clear SysFail Entry If The Boot Is Successful skipped, unmet condition check ConditionPathExists=/sys/firmware/efi/efivars/LoaderEntrySysFail-4a67b082-0a4c-41cf-b6c7-440b29bb8c4f
Aug 17 18:57:52 fedora systemd[1]: systemd-hibernate-clear.service - Clear Stale Hibernate Storage Info skipped, unmet condition check ConditionPathExists=/sys/firmware/efi/efivars/HibernateLocation-8cf2644b-4b0b-428f-9387-6d876050dc67
Aug 17 18:57:52 fedora systemd[1]: Starting systemd-journald.service - Journal Service...
Aug 17 18:57:52 fedora systemd[1]: Starting systemd-modules-load.service - Load Kernel Modules...
Aug 17 18:57:52 fedora systemd[1]: Starting systemd-network-generator.service - Generate Network Units from Kernel Command Line...
Aug 17 18:57:52 fedora systemd[1]: systemd-pcrmachine.service - TPM PCR Machine ID Measurement skipped, unmet condition check ConditionSecurity=measured-uki
Aug 17 18:57:52 fedora systemd[1]: Starting systemd-remount-fs.service - Remount Root and Kernel File Systems...
Aug 17 18:57:52 fedora systemd[1]: systemd-tpm2-setup-early.service - Early TPM SRK Setup skipped, unmet condition check ConditionSecurity=measured-uki
Aug 17 18:57:52 fedora systemd[1]: systemd-pcrnvdone.service - TPM PCR NvPCR Initialization Separator skipped, unmet condition check ConditionPathExists=/etc/initrd-release
Aug 17 18:57:52 fedora systemd[1]: Reached target cryptsetup-pre.target - Local Encrypted Volumes (Pre).
Aug 17 18:57:52 fedora systemd[1]: systemd-pcrproduct.service - TPM NvPCR Product ID Measurement skipped, unmet condition check ConditionSecurity=measured-uki
Aug 17 18:57:52 fedora systemd[1]: Starting systemd-udev-load-credentials.service - Load udev Rules from Credentials...
Aug 17 18:57:52 fedora systemd[1]: Starting systemd-udev-trigger.service - Coldplug All udev Devices...
Aug 17 18:57:52 fedora kernel: audit: type=1400 audit(1786993072.744:63): avc:  denied  { create } for  pid=992 comm="(systemd-journ)" scontext=system_u:system_r:kernel_t:s0 tcontext=system_u:system_r:kernel_t:s0 tclass=user_namespace permissive=1
Aug 17 18:57:52 fedora kernel: audit: type=1400 audit(1786993072.745:64): avc:  denied  { sys_admin } for  pid=992 comm="(systemd-journ)" capability=21  scontext=system_u:system_r:kernel_t:s0 tcontext=system_u:system_r:kernel_t:s0 tclass=cap_userns permissive=1
Aug 17 18:57:52 fedora kernel: audit: type=1400 audit(1786993072.745:65): avc:  denied  { sys_ptrace } for  pid=992 comm="(systemd-journ)" capability=19  scontext=system_u:system_r:kernel_t:s0 tcontext=system_u:system_r:kernel_t:s0 tclass=cap_userns permissive=1
Aug 17 18:57:52 fedora kernel: audit: type=1400 audit(1786993072.745:66): avc:  denied  { read open } for  pid=992 comm="(systemd-journ)" path="user:[4026532202]" dev="nsfs" ino=4026532202 scontext=system_u:system_r:kernel_t:s0 tcontext=system_u:object_r:nsfs_t:s0 tclass=file permissive=1
Aug 17 18:57:52 fedora systemd[1]: Finished kmod-static-nodes.service - Create List of Static Device Nodes.
Aug 17 18:57:52 fedora systemd[1]: Starting systemd-tmpfiles-setup-dev-early.service - Create Static Device Nodes in /dev gracefully...
Aug 17 18:57:52 fedora systemd[1]: Finished systemd-remount-fs.service - Remount Root and Kernel File Systems.
Aug 17 18:57:52 fedora systemd[1]: multipathd.service - Device-Mapper Multipath Device Controller skipped, unmet condition check ConditionPathExists=/etc/multipath.conf
Aug 17 18:57:52 fedora systemd[1]: iscsi-onboot.service - Special handling of early boot iSCSI sessions skipped, unmet condition check ConditionDirectoryNotEmpty=/sys/class/iscsi_session
Aug 17 18:57:52 fedora systemd[1]: ostree-remount.service - OSTree Remount OS/ Bind Mounts skipped, unmet condition check ConditionKernelCommandLine=ostree
Aug 17 18:57:52 fedora kernel: audit: type=1400 audit(1786993072.762:67): avc:  denied  { mounton } for  pid=985 comm="mount" path="/dev/hugepages" dev="devtmpfs" ino=380 scontext=system_u:system_r:kernel_t:s0 tcontext=system_u:object_r:hugetlbfs_t:s0 tclass=dir permissive=1
Aug 17 18:57:52 fedora kernel: audit: type=1400 audit(1786993072.763:68): avc:  denied  { mounton } for  pid=988 comm="mount" path="/sys/kernel/tracing" dev="sysfs" ino=1179 scontext=system_u:system_r:kernel_t:s0 tcontext=system_u:object_r:sysfs_t:s0 tclass=dir permissive=1
Aug 17 18:57:52 fedora systemd[1]: Starting systemd-hwdb-update.service - Rebuild Hardware Database...
Aug 17 18:57:52 fedora systemd[1]: systemd-pstore.service - Platform Persistent Storage Archival skipped, unmet condition check ConditionDirectoryNotEmpty=/sys/fs/pstore
Aug 17 18:57:52 fedora systemd[1]: Starting systemd-random-seed.service - Load/Save OS Random Seed...
Aug 17 18:57:52 fedora systemd[1]: systemd-tpm2-setup.service - TPM SRK Setup skipped, unmet condition check ConditionSecurity=measured-uki
Aug 17 18:57:52 fedora systemd[1]: Mounted dev-hugepages.mount - Huge Pages File System.
Aug 17 18:57:52 fedora systemd[1]: Mounted dev-mqueue.mount - POSIX Message Queue File System.
Aug 17 18:57:52 fedora systemd[1]: Mounted sys-kernel-debug.mount - Kernel Debug File System.
Aug 17 18:57:52 fedora systemd[1]: Mounted sys-kernel-tracing.mount - Kernel Trace File System.
Aug 17 18:57:52 fedora systemd[1]: Mounted sys-fs-fuse-connections.mount - FUSE Control File System.
Aug 17 18:57:52 fedora systemd[1]: Finished systemd-random-seed.service - Load/Save OS Random Seed.
Aug 17 18:57:52 fedora systemd[1]: first-boot-complete.target - First Boot Complete skipped, unmet condition check ConditionFirstBoot=yes
Aug 17 18:57:52 fedora systemd[1]: Finished systemd-udev-load-credentials.service - Load udev Rules from Credentials.
Aug 17 18:57:52 fedora systemd[1]: Finished systemd-network-generator.service - Generate Network Units from Kernel Command Line.
Aug 17 18:57:52 fedora systemd[1]: Finished systemd-modules-load.service - Load Kernel Modules.
Aug 17 18:57:52 fedora systemd[1]: Starting systemd-sysctl.service - Apply Kernel Variables...
Aug 17 18:57:52 fedora systemd-journald[992]: Collecting audit messages is enabled.
Aug 17 18:57:52 fedora systemd-journald[992]: Journal started
Aug 17 18:57:52 fedora systemd-journald[992]: Runtime Journal (/run/log/journal/f8f2c5f3a8584801abb7a7e7c240af93) is 8M, max 118.1M, 110.1M free.
Aug 17 18:57:52 fedora audit[992]: AVC avc:  denied  { create } for  pid=992 comm="(systemd-journ)" scontext=system_u:system_r:kernel_t:s0 tcontext=system_u:system_r:kernel_t:s0 tclass=user_namespace permissive=1
Aug 17 18:57:52 fedora audit[992]: AVC avc:  denied  { sys_admin } for  pid=992 comm="(systemd-journ)" capability=21  scontext=system_u:system_r:kernel_t:s0 tcontext=system_u:system_r:kernel_t:s0 tclass=cap_userns permissive=1
Aug 17 18:57:52 fedora audit[992]: AVC avc:  denied  { sys_ptrace } for  pid=992 comm="(systemd-journ)" capability=19  scontext=system_u:system_r:kernel_t:s0 tcontext=system_u:system_r:kernel_t:s0 tclass=cap_userns permissive=1
Aug 17 18:57:52 fedora audit[992]: AVC avc:  denied  { read open } for  pid=992 comm="(systemd-journ)" path="user:[4026532202]" dev="nsfs" ino=4026532202 scontext=system_u:system_r:kernel_t:s0 tcontext=system_u:object_r:nsfs_t:s0 tclass=file permissive=1
Aug 17 18:57:52 fedora audit[985]: AVC avc:  denied  { mounton } for  pid=985 comm="mount" path="/dev/hugepages" dev="devtmpfs" ino=380 scontext=system_u:system_r:kernel_t:s0 tcontext=system_u:object_r:hugetlbfs_t:s0 tclass=dir permissive=1
Aug 17 18:57:52 fedora audit[988]: AVC avc:  denied  { mounton } for  pid=988 comm="mount" path="/sys/kernel/tracing" dev="sysfs" ino=1179 scontext=system_u:system_r:kernel_t:s0 tcontext=system_u:object_r:sysfs_t:s0 tclass=dir permissive=1
Aug 17 18:57:52 fedora audit[999]: AVC avc:  denied  { mounton } for  pid=999 comm="(systemd-tmpfi)" path="/run/credentials/systemd-tmpfiles-setup-dev-early.service" dev="tmpfs" ino=795 scontext=system_u:system_r:kernel_t:s0 tcontext=system_u:object_r:var_run_t:s0 tclass=dir permissive=1
Aug 17 18:57:52 fedora audit[996]: AVC avc:  denied  { mounton } for  pid=996 comm="(udevadm)" path="/run/credentials/systemd-udev-load-credentials.service" dev="tmpfs" ino=791 scontext=system_u:system_r:kernel_t:s0 tcontext=system_u:object_r:var_run_t:s0 tclass=dir permissive=1
Aug 17 18:57:52 fedora systemd[1]: Queued start job for default target graphical.target.
Aug 17 18:57:52 fedora systemd[1]: systemd-journald.service: Deactivated successfully.
Aug 17 18:57:52 fedora systemd-modules-load[993]: Using 4 probe threads
Aug 17 18:57:52 fedora audit[1]: SERVICE_START pid=1 uid=0 auid=4294967295 ses=4294967295 subj=system_u:system_r:kernel_t:s0 msg='unit=systemd-journald comm="systemd" exe="/usr/lib/systemd/systemd" hostname=? addr=? terminal=? res=success'
Aug 17 18:57:52 fedora systemd-modules-load[993]: Module 'msr' is built in
Aug 17 18:57:52 fedora systemd[1]: Started systemd-journald.service - Journal Service.
Aug 17 18:57:52 fedora systemd[1]: Starting systemd-journal-flush.service - Flush Journal to Persistent Storage...
Aug 17 18:57:52 fedora systemd-journald[992]: Time spent on flushing to /var/log/journal/f8f2c5f3a8584801abb7a7e7c240af93 is 4.888ms for 965 entries.
Aug 17 18:57:52 fedora systemd-journald[992]: System Journal (/var/log/journal/f8f2c5f3a8584801abb7a7e7c240af93) is 8M, max 118.1M, 110.1M free.
Aug 17 18:57:52 fedora audit[1]: SERVICE_START pid=1 uid=0 auid=4294967295 ses=4294967295 subj=system_u:system_r:kernel_t:s0 msg='unit=systemd-udev-trigger comm="systemd" exe="/usr/lib/systemd/systemd" hostname=? addr=? terminal=? res=success'
Aug 17 18:57:52 fedora audit[1005]: AVC avc:  denied  { read write } for  pid=1005 comm="systemd-sysctl" name="max_map_count" dev="proc" ino=198 scontext=system_u:system_r:kernel_t:s0 tcontext=system_u:object_r:sysctl_vm_t:s0 tclass=file permissive=1
Aug 17 18:57:52 fedora audit[1005]: AVC avc:  denied  { open } for  pid=1005 comm="systemd-sysctl" path="/proc/sys/vm/max_map_count" dev="proc" ino=198 scontext=system_u:system_r:kernel_t:s0 tcontext=system_u:object_r:sysctl_vm_t:s0 tclass=file permissive=1
Aug 17 18:57:52 fedora audit[1005]: AVC avc:  denied  { getattr } for  pid=1005 comm="systemd-sysctl" path="/proc/sys/vm/max_map_count" dev="proc" ino=198 scontext=system_u:system_r:kernel_t:s0 tcontext=system_u:object_r:sysctl_vm_t:s0 tclass=file permissive=1
Aug 17 18:57:52 fedora audit[1005]: AVC avc:  denied  { write } for  pid=1005 comm="systemd-sysctl" name="core_pipe_limit" dev="proc" ino=199 scontext=system_u:system_r:kernel_t:s0 tcontext=system_u:object_r:sysctl_kernel_t:s0 tclass=file permissive=1
Aug 17 18:57:52 fedora audit[1005]: AVC avc:  denied  { read write } for  pid=1005 comm="systemd-sysctl" name="suid_dumpable" dev="proc" ino=200 scontext=system_u:system_r:kernel_t:s0 tcontext=system_u:object_r:proc_security_t:s0 tclass=file permissive=1
Aug 17 18:57:52 fedora audit[1005]: AVC avc:  denied  { open } for  pid=1005 comm="systemd-sysctl" path="/proc/sys/fs/suid_dumpable" dev="proc" ino=200 scontext=system_u:system_r:kernel_t:s0 tcontext=system_u:object_r:proc_security_t:s0 tclass=file permissive=1
Aug 17 18:57:52 fedora audit[1005]: AVC avc:  denied  { getattr } for  pid=1005 comm="systemd-sysctl" path="/proc/sys/fs/suid_dumpable" dev="proc" ino=200 scontext=system_u:system_r:kernel_t:s0 tcontext=system_u:object_r:proc_security_t:s0 tclass=file permissive=1
Aug 17 18:57:52 fedora audit[1005]: AVC avc:  denied  { read write } for  pid=1005 comm="systemd-sysctl" name="rp_filter" dev="proc" ino=206 scontext=system_u:system_r:kernel_t:s0 tcontext=system_u:object_r:sysctl_net_t:s0 tclass=file permissive=1
Aug 17 18:57:52 fedora audit[1005]: AVC avc:  denied  { open } for  pid=1005 comm="systemd-sysctl" path="/proc/sys/net/ipv4/conf/default/rp_filter" dev="proc" ino=206 scontext=system_u:system_r:kernel_t:s0 tcontext=system_u:object_r:sysctl_net_t:s0 tclass=file permissive=1
Aug 17 18:57:52 fedora audit[1005]: AVC avc:  denied  { getattr } for  pid=1005 comm="systemd-sysctl" path="/proc/sys/net/ipv4/conf/default/rp_filter" dev="proc" ino=206 scontext=system_u:system_r:kernel_t:s0 tcontext=system_u:object_r:sysctl_net_t:s0 tclass=file permissive=1
Aug 17 18:57:52 fedora audit[1005]: AVC avc:  denied  { read } for  pid=1005 comm="systemd-sysctl" name="conf" dev="proc" ino=204 scontext=system_u:system_r:kernel_t:s0 tcontext=system_u:object_r:sysctl_net_t:s0 tclass=dir permissive=1
Aug 17 18:57:52 fedora audit[1005]: AVC avc:  denied  { read open } for  pid=1005 comm="systemd-sysctl" path="/proc/sys/net/ipv4/conf" dev="proc" ino=204 scontext=system_u:system_r:kernel_t:s0 tcontext=system_u:object_r:sysctl_net_t:s0 tclass=dir permissive=1
Aug 17 18:57:52 fedora audit[1005]: AVC avc:  denied  { getattr } for  pid=1005 comm="systemd-sysctl" path="/proc/sys/net/ipv4/conf" dev="proc" ino=204 scontext=system_u:system_r:kernel_t:s0 tcontext=system_u:object_r:sysctl_net_t:s0 tclass=dir permissive=1
Aug 17 18:57:52 fedora audit[1]: SERVICE_START pid=1 uid=0 auid=4294967295 ses=4294967295 subj=system_u:system_r:kernel_t:s0 msg='unit=systemd-sysctl comm="systemd" exe="/usr/lib/systemd/systemd" hostname=? addr=? terminal=? res=success'
Aug 17 18:57:52 fedora audit[1]: SERVICE_START pid=1 uid=0 auid=4294967295 ses=4294967295 subj=system_u:system_r:kernel_t:s0 msg='unit=lvm2-monitor comm="systemd" exe="/usr/lib/systemd/systemd" hostname=? addr=? terminal=? res=success'
Aug 17 18:57:52 fedora systemd-journald[992]: Received client request to flush runtime journal.
Aug 17 18:57:52 fedora systemd[1]: Finished systemd-udev-trigger.service - Coldplug All udev Devices.
Aug 17 18:57:52 fedora systemd[1]: Finished systemd-sysctl.service - Apply Kernel Variables.
Aug 17 18:57:52 fedora systemd[1]: Finished lvm2-monitor.service - Monitoring of LVM2 mirrors, snapshots etc. using dmeventd or progress polling.
Aug 17 18:57:52 fedora systemd[1]: Finished systemd-journal-flush.service - Flush Journal to Persistent Storage.
Aug 17 18:57:52 fedora audit[1]: SERVICE_START pid=1 uid=0 auid=4294967295 ses=4294967295 subj=system_u:system_r:kernel_t:s0 msg='unit=systemd-journal-flush comm="systemd" exe="/usr/lib/systemd/systemd" hostname=? addr=? terminal=? res=success'
Aug 17 18:57:52 fedora audit: BPF prog-id=53 op=LOAD
Aug 17 18:57:52 fedora audit: BPF prog-id=54 op=LOAD
Aug 17 18:57:52 fedora audit: BPF prog-id=55 op=LOAD
Aug 17 18:57:52 fedora systemd[1]: Starting systemd-userdbd.service - User Database Manager...
Aug 17 18:57:52 fedora audit[1024]: AVC avc:  denied  { mounton } for  pid=1024 comm="(systemd-userd)" path="/run/systemd/mount-rootfs" dev="tmpfs" ino=4 scontext=system_u:system_r:kernel_t:s0 tcontext=system_u:object_r:init_var_run_t:s0 tclass=dir permissive=1
Aug 17 18:57:52 fedora audit[1024]: SYSCALL arch=c000003e syscall=165 success=yes exit=0 a0=5609a6f5ce95 a1=7ffc3b5a7220 a2=0 a3=5000 items=1 ppid=1 pid=1024 auid=4294967295 uid=0 gid=0 euid=0 suid=0 fsuid=0 egid=0 sgid=0 fsgid=0 tty=(none) ses=4294967295 comm="(systemd-userd)" exe="/usr/lib/systemd/systemd-executor" subj=system_u:system_r:kernel_t:s0 key=(null)
Aug 17 18:57:52 fedora audit: CWD cwd="/"
Aug 17 18:57:52 fedora audit: PATH item=0 name="/" inode=2 dev=00:24 mode=040755 ouid=0 ogid=0 rdev=00:00 obj=system_u:object_r:tmpfs_t:s0 nametype=NORMAL cap_fp=0 cap_fi=0 cap_fe=0 cap_fver=0 cap_frootid=0
Aug 17 18:57:52 fedora audit: PROCTITLE proctitle="(systemd-userdbd)"
Aug 17 18:57:52 fedora audit[1024]: AVC avc:  denied  { mounton } for  pid=1024 comm="(systemd-userd)" path="/run/systemd/namespace-z318L4/dev/pts" dev="tmpfs" ino=2 scontext=system_u:system_r:kernel_t:s0 tcontext=system_u:object_r:devpts_t:s0 tclass=dir permissive=1
Aug 17 18:57:52 fedora audit[1024]: SYSCALL arch=c000003e syscall=165 success=yes exit=0 a0=5609a6f5cede a1=7ffc3b5a6f30 a2=0 a3=1000 items=1 ppid=1 pid=1024 auid=4294967295 uid=0 gid=0 euid=0 suid=0 fsuid=0 egid=0 sgid=0 fsgid=0 tty=(none) ses=4294967295 comm="(systemd-userd)" exe="/usr/lib/systemd/systemd-executor" subj=system_u:system_r:kernel_t:s0 key=(null)
Aug 17 18:57:52 fedora audit: CWD cwd="/"
Aug 17 18:57:52 fedora audit: PATH item=0 name="/dev/pts" inode=1 dev=00:1c mode=040755 ouid=0 ogid=0 rdev=00:00 obj=system_u:object_r:devpts_t:s0 nametype=NORMAL cap_fp=0 cap_fi=0 cap_fe=0 cap_fver=0 cap_frootid=0
Aug 17 18:57:52 fedora audit: PROCTITLE proctitle="(systemd-userdbd)"
Aug 17 18:57:52 fedora audit[1024]: AVC avc:  denied  { mounton } for  pid=1024 comm="(systemd-userd)" path="/run/systemd/mount-rootfs/proc/kmsg" dev="proc" ino=4026532027 scontext=system_u:system_r:kernel_t:s0 tcontext=system_u:object_r:proc_kmsg_t:s0 tclass=file permissive=1
Aug 17 18:57:52 fedora audit[1024]: SYSCALL arch=c000003e syscall=165 success=yes exit=0 a0=5609b4feed80 a1=7ffc3b5a70d0 a2=0 a3=5000 items=1 ppid=1 pid=1024 auid=4294967295 uid=0 gid=0 euid=0 suid=0 fsuid=0 egid=0 sgid=0 fsgid=0 tty=(none) ses=4294967295 comm="(systemd-userd)" exe="/usr/lib/systemd/systemd-executor" subj=system_u:system_r:kernel_t:s0 key=(null)
Aug 17 18:57:52 fedora audit: CWD cwd="/"
Aug 17 18:57:52 fedora audit: PATH item=0 name="/run/systemd/inaccessible/reg" inode=7 dev=00:1d mode=0100000 ouid=0 ogid=0 rdev=00:00 obj=system_u:object_r:init_var_run_t:s0 nametype=NORMAL cap_fp=0 cap_fi=0 cap_fe=0 cap_fver=0 cap_frootid=0
Aug 17 18:57:52 fedora audit: PROCTITLE proctitle="(systemd-userdbd)"
Aug 17 18:57:52 fedora audit[1024]: AVC avc:  denied  { mounton } for  pid=1024 comm="(systemd-userd)" path="/run/systemd/mount-rootfs/proc/sys/kernel/domainname" dev="proc" ino=12428 scontext=system_u:system_r:kernel_t:s0 tcontext=system_u:object_r:sysctl_kernel_t:s0 tclass=file permissive=1
Aug 17 18:57:52 fedora audit[1024]: SYSCALL arch=c000003e syscall=165 success=yes exit=0 a0=5609b53a9160 a1=7ffc3b5a70d0 a2=0 a3=5000 items=1 ppid=1 pid=1024 auid=4294967295 uid=0 gid=0 euid=0 suid=0 fsuid=0 egid=0 sgid=0 fsgid=0 tty=(none) ses=4294967295 comm="(systemd-userd)" exe="/usr/lib/systemd/systemd-executor" subj=system_u:system_r:kernel_t:s0 key=(null)
Aug 17 18:57:52 fedora audit: CWD cwd="/"
Aug 17 18:57:52 fedora audit: PATH item=0 name="/run/systemd/mount-rootfs/proc/sys/kernel/domainname" inode=12428 dev=00:29 mode=0100644 ouid=0 ogid=0 rdev=00:00 obj=system_u:object_r:sysctl_kernel_t:s0 nametype=NORMAL cap_fp=0 cap_fi=0 cap_fe=0 cap_fver=0 cap_frootid=0
Aug 17 18:57:52 fedora audit: PROCTITLE proctitle="(systemd-userdbd)"
Aug 17 18:57:52 fedora audit[1024]: AVC avc:  denied  { mounton } for  pid=1024 comm="(systemd-userd)" path="/run/systemd/mount-rootfs/run/user" dev="tmpfs" ino=82 scontext=system_u:system_r:kernel_t:s0 tcontext=system_u:object_r:user_tmp_t:s0 tclass=dir permissive=1
Aug 17 18:57:52 fedora audit[1024]: SYSCALL arch=c000003e syscall=165 success=yes exit=0 a0=5609b4ff7970 a1=7ffc3b5a70d0 a2=0 a3=5000 items=1 ppid=1 pid=1024 auid=4294967295 uid=0 gid=0 euid=0 suid=0 fsuid=0 egid=0 sgid=0 fsgid=0 tty=(none) ses=4294967295 comm="(systemd-userd)" exe="/usr/lib/systemd/systemd-executor" subj=system_u:system_r:kernel_t:s0 key=(null)
Aug 17 18:57:52 fedora audit: CWD cwd="/"
Aug 17 18:57:52 fedora audit: PATH item=0 name="/run/systemd/inaccessible/dir" inode=8 dev=00:1d mode=040000 ouid=0 ogid=0 rdev=00:00 obj=system_u:object_r:init_var_run_t:s0 nametype=NORMAL cap_fp=0 cap_fi=0 cap_fe=0 cap_fver=0 cap_frootid=0
Aug 17 18:57:52 fedora audit: PROCTITLE proctitle="(systemd-userdbd)"
Aug 17 18:57:52 fedora audit[1024]: AVC avc:  denied  { mounton } for  pid=1024 comm="(systemd-userd)" path="/run/systemd/mount-rootfs/sys/fs/cgroup/system.slice/systemd-userdbd.service/memory.pressure" dev="cgroup2" ino=2817 scontext=system_u:system_r:kernel_t:s0 tcontext=system_u:object_r:cgroup_t:s0 tclass=file permissive=1
Aug 17 18:57:52 fedora audit[1024]: SYSCALL arch=c000003e syscall=165 success=yes exit=0 a0=5609b53a90d0 a1=7ffc3b5a70d0 a2=0 a3=5000 items=1 ppid=1 pid=1024 auid=4294967295 uid=0 gid=0 euid=0 suid=0 fsuid=0 egid=0 sgid=0 fsgid=0 tty=(none) ses=4294967295 comm="(systemd-userd)" exe="/usr/lib/systemd/systemd-executor" subj=system_u:system_r:kernel_t:s0 key=(null)
Aug 17 18:57:52 fedora audit: CWD cwd="/"
Aug 17 18:57:52 fedora audit: PATH item=0 name="/run/systemd/mount-rootfs/sys/fs/cgroup/system.slice/systemd-userdbd.service/memory.pressure" inode=2817 dev=00:1e mode=0100644 ouid=0 ogid=0 rdev=00:00 obj=system_u:object_r:cgroup_t:s0 nametype=NORMAL cap_fp=0 cap_fi=0 cap_fe=0 cap_fver=0 cap_frootid=0
Aug 17 18:57:52 fedora audit: PROCTITLE proctitle="(systemd-userdbd)"
Aug 17 18:57:52 fedora audit[1024]: AVC avc:  denied  { remount } for  pid=1024 comm="(systemd-userd)" scontext=system_u:system_r:kernel_t:s0 tcontext=system_u:object_r:tmpfs_t:s0 tclass=filesystem permissive=1
Aug 17 18:57:52 fedora audit[1024]: SYSCALL arch=c000003e syscall=165 success=yes exit=0 a0=0 a1=7ffc3b5a71b0 a2=0 a3=1027 items=0 ppid=1 pid=1024 auid=4294967295 uid=0 gid=0 euid=0 suid=0 fsuid=0 egid=0 sgid=0 fsgid=0 tty=(none) ses=4294967295 comm="(systemd-userd)" exe="/usr/lib/systemd/systemd-executor" subj=system_u:system_r:kernel_t:s0 key=(null)
Aug 17 18:57:52 fedora audit: PROCTITLE proctitle="(systemd-userdbd)"
Aug 17 18:57:52 fedora audit[1024]: AVC avc:  denied  { remount } for  pid=1024 comm="(systemd-userd)" scontext=system_u:system_r:kernel_t:s0 tcontext=system_u:object_r:proc_t:s0 tclass=filesystem permissive=1
Aug 17 18:57:52 fedora audit[1024]: SYSCALL arch=c000003e syscall=165 success=yes exit=0 a0=0 a1=7ffc3b5a71b0 a2=0 a3=102f items=0 ppid=1 pid=1024 auid=4294967295 uid=0 gid=0 euid=0 suid=0 fsuid=0 egid=0 sgid=0 fsgid=0 tty=(none) ses=4294967295 comm="(systemd-userd)" exe="/usr/lib/systemd/systemd-executor" subj=system_u:system_r:kernel_t:s0 key=(null)
Aug 17 18:57:52 fedora audit: PROCTITLE proctitle="(systemd-userdbd)"
Aug 17 18:57:52 fedora audit[1024]: AVC avc:  denied  { remount } for  pid=1024 comm="(systemd-userd)" scontext=system_u:system_r:kernel_t:s0 tcontext=system_u:object_r:cgroup_t:s0 tclass=filesystem permissive=1
Aug 17 18:57:52 fedora audit[1024]: SYSCALL arch=c000003e syscall=165 success=yes exit=0 a0=0 a1=7ffc3b5a71b0 a2=0 a3=102f items=0 ppid=1 pid=1024 auid=4294967295 uid=0 gid=0 euid=0 suid=0 fsuid=0 egid=0 sgid=0 fsgid=0 tty=(none) ses=4294967295 comm="(systemd-userd)" exe="/usr/lib/systemd/systemd-executor" subj=system_u:system_r:kernel_t:s0 key=(null)
Aug 17 18:57:52 fedora audit: PROCTITLE proctitle="(systemd-userdbd)"
Aug 17 18:57:52 fedora systemd[1]: Started systemd-userdbd.service - User Database Manager.
Aug 17 18:57:52 fedora audit[1]: SERVICE_START pid=1 uid=0 auid=4294967295 ses=4294967295 subj=system_u:system_r:kernel_t:s0 msg='unit=systemd-userdbd comm="systemd" exe="/usr/lib/systemd/systemd" hostname=? addr=? terminal=? res=success'
Aug 17 18:57:52 fedora systemd[1]: Finished systemd-tmpfiles-setup-dev-early.service - Create Static Device Nodes in /dev gracefully.
Aug 17 18:57:52 fedora audit[1]: SERVICE_START pid=1 uid=0 auid=4294967295 ses=4294967295 subj=system_u:system_r:kernel_t:s0 msg='unit=systemd-tmpfiles-setup-dev-early comm="systemd" exe="/usr/lib/systemd/systemd" hostname=? addr=? terminal=? res=success'
Aug 17 18:57:52 fedora systemd[1]: Starting systemd-sysusers.service - Create System Users...
Aug 17 18:57:53 fedora systemd[1]: Finished systemd-sysusers.service - Create System Users.
Aug 17 18:57:53 fedora audit[1]: SERVICE_START pid=1 uid=0 auid=4294967295 ses=4294967295 subj=system_u:system_r:kernel_t:s0 msg='unit=systemd-sysusers comm="systemd" exe="/usr/lib/systemd/systemd" hostname=? addr=? terminal=? res=success'
Aug 17 18:57:53 fedora audit: BPF prog-id=56 op=LOAD
Aug 17 18:57:53 fedora systemd[1]: Starting systemd-resolved.service - Network Name Resolution...
Aug 17 18:57:53 fedora systemd[1]: Starting systemd-tmpfiles-setup-dev.service - Create Static Device Nodes in /dev...
Aug 17 18:57:53 fedora audit[1032]: AVC avc:  denied  { mounton } for  pid=1032 comm="(systemd-resol)" path="/run/systemd/mount-rootfs/proc/acpi" dev="proc" ino=4026531997 scontext=system_u:system_r:kernel_t:s0 tcontext=system_u:object_r:proc_t:s0 tclass=dir permissive=1
Aug 17 18:57:53 fedora audit[1032]: SYSCALL arch=c000003e syscall=165 success=yes exit=0 a0=55d2cc966f80 a1=7fffbc8db990 a2=0 a3=5000 items=1 ppid=1 pid=1032 auid=4294967295 uid=0 gid=0 euid=0 suid=0 fsuid=0 egid=0 sgid=0 fsgid=0 tty=(none) ses=4294967295 comm="(systemd-resol)" exe="/usr/lib/systemd/systemd-executor" subj=system_u:system_r:kernel_t:s0 key=(null)
Aug 17 18:57:53 fedora audit: CWD cwd="/"
Aug 17 18:57:53 fedora audit: PATH item=0 name="/run/systemd/mount-rootfs/proc/acpi" inode=4026531997 dev=00:30 mode=040555 ouid=0 ogid=0 rdev=00:00 obj=system_u:object_r:proc_t:s0 nametype=NORMAL cap_fp=0 cap_fi=0 cap_fe=0 cap_fver=0 cap_frootid=0
Aug 17 18:57:53 fedora audit: PROCTITLE proctitle="(systemd-resolved)"
Aug 17 18:57:53 fedora audit[1032]: AVC avc:  denied  { getattr } for  pid=1032 comm="(systemd-resol)" path="/run/systemd/mount-rootfs/proc/irq" dev="proc" ino=4026531861 scontext=system_u:system_r:kernel_t:s0 tcontext=system_u:object_r:sysctl_irq_t:s0 tclass=dir permissive=1
Aug 17 18:57:53 fedora audit[1032]: SYSCALL arch=c000003e syscall=5 success=yes exit=0 a0=5 a1=7fffbc8db930 a2=80100 a3=21 items=0 ppid=1 pid=1032 auid=4294967295 uid=0 gid=0 euid=0 suid=0 fsuid=0 egid=0 sgid=0 fsgid=0 tty=(none) ses=4294967295 comm="(systemd-resol)" exe="/usr/lib/systemd/systemd-executor" subj=system_u:system_r:kernel_t:s0 key=(null)
Aug 17 18:57:53 fedora audit: PROCTITLE proctitle="(systemd-resolved)"
Aug 17 18:57:53 fedora audit[1032]: AVC avc:  denied  { mounton } for  pid=1032 comm="(systemd-resol)" path="/run/systemd/mount-rootfs/proc/irq" dev="proc" ino=4026531861 scontext=system_u:system_r:kernel_t:s0 tcontext=system_u:object_r:sysctl_irq_t:s0 tclass=dir permissive=1
Aug 17 18:57:53 fedora audit[1032]: SYSCALL arch=c000003e syscall=165 success=yes exit=0 a0=55d2cd0ca0d0 a1=7fffbc8db990 a2=0 a3=5000 items=1 ppid=1 pid=1032 auid=4294967295 uid=0 gid=0 euid=0 suid=0 fsuid=0 egid=0 sgid=0 fsgid=0 tty=(none) ses=4294967295 comm="(systemd-resol)" exe="/usr/lib/systemd/systemd-executor" subj=system_u:system_r:kernel_t:s0 key=(null)
Aug 17 18:57:53 fedora audit: CWD cwd="/"
Aug 17 18:57:53 fedora audit: PATH item=0 name="/run/systemd/mount-rootfs/proc/irq" inode=4026531861 dev=00:30 mode=040555 ouid=0 ogid=0 rdev=00:00 obj=system_u:object_r:sysctl_irq_t:s0 nametype=NORMAL cap_fp=0 cap_fi=0 cap_fe=0 cap_fver=0 cap_frootid=0
Aug 17 18:57:53 fedora audit: PROCTITLE proctitle="(systemd-resolved)"
Aug 17 18:57:53 fedora audit[1032]: AVC avc:  denied  { mounton } for  pid=1032 comm="(systemd-resol)" path="/run/systemd/mount-rootfs/proc/kallsyms" dev="proc" ino=4026532066 scontext=system_u:system_r:kernel_t:s0 tcontext=system_u:object_r:system_map_t:s0 tclass=file permissive=1
Aug 17 18:57:53 fedora audit[1032]: SYSCALL arch=c000003e syscall=165 success=yes exit=0 a0=55d2cd0cca00 a1=7fffbc8db990 a2=0 a3=5000 items=1 ppid=1 pid=1032 auid=4294967295 uid=0 gid=0 euid=0 suid=0 fsuid=0 egid=0 sgid=0 fsgid=0 tty=(none) ses=4294967295 comm="(systemd-resol)" exe="/usr/lib/systemd/systemd-executor" subj=system_u:system_r:kernel_t:s0 key=(null)
Aug 17 18:57:53 fedora audit: CWD cwd="/"
Aug 17 18:57:53 fedora audit: PATH item=0 name="/run/systemd/inaccessible/reg" inode=7 dev=00:1d mode=0100000 ouid=0 ogid=0 rdev=00:00 obj=system_u:object_r:init_var_run_t:s0 nametype=NORMAL cap_fp=0 cap_fi=0 cap_fe=0 cap_fver=0 cap_frootid=0
Aug 17 18:57:53 fedora audit: PROCTITLE proctitle="(systemd-resolved)"
Aug 17 18:57:53 fedora audit[1032]: AVC avc:  denied  { mounton } for  pid=1032 comm="(systemd-resol)" path="/run/systemd/mount-rootfs/proc/kcore" dev="proc" ino=4026532026 scontext=system_u:system_r:kernel_t:s0 tcontext=system_u:object_r:proc_kcore_t:s0 tclass=file permissive=1
Aug 17 18:57:53 fedora audit[1032]: SYSCALL arch=c000003e syscall=165 success=yes exit=0 a0=55d2cd0cab30 a1=7fffbc8db990 a2=0 a3=5000 items=1 ppid=1 pid=1032 auid=4294967295 uid=0 gid=0 euid=0 suid=0 fsuid=0 egid=0 sgid=0 fsgid=0 tty=(none) ses=4294967295 comm="(systemd-resol)" exe="/usr/lib/systemd/systemd-executor" subj=system_u:system_r:kernel_t:s0 key=(null)
Aug 17 18:57:53 fedora audit: CWD cwd="/"
Aug 17 18:57:53 fedora audit: PATH item=0 name="/run/systemd/inaccessible/reg" inode=7 dev=00:1d mode=0100000 ouid=0 ogid=0 rdev=00:00 obj=system_u:object_r:init_var_run_t:s0 nametype=NORMAL cap_fp=0 cap_fi=0 cap_fe=0 cap_fver=0 cap_frootid=0
Aug 17 18:57:53 fedora audit: PROCTITLE proctitle="(systemd-resolved)"
Aug 17 18:57:53 fedora audit[1032]: AVC avc:  denied  { mounton } for  pid=1032 comm="(systemd-resol)" path="/run/systemd/mount-rootfs/proc/latency_stats" dev="proc" ino=4026532067 scontext=system_u:system_r:kernel_t:s0 tcontext=system_u:object_r:proc_t:s0 tclass=file permissive=1
Aug 17 18:57:53 fedora audit[1032]: SYSCALL arch=c000003e syscall=165 success=yes exit=0 a0=55d2cd0ca1c0 a1=7fffbc8db990 a2=0 a3=5000 items=1 ppid=1 pid=1032 auid=4294967295 uid=0 gid=0 euid=0 suid=0 fsuid=0 egid=0 sgid=0 fsgid=0 tty=(none) ses=4294967295 comm="(systemd-resol)" exe="/usr/lib/systemd/systemd-executor" subj=system_u:system_r:kernel_t:s0 key=(null)
Aug 17 18:57:53 fedora audit: CWD cwd="/"
Aug 17 18:57:53 fedora audit: PATH item=0 name="/run/systemd/mount-rootfs/proc/latency_stats" inode=4026532067 dev=00:30 mode=0100644 ouid=0 ogid=0 rdev=00:00 obj=system_u:object_r:proc_t:s0 nametype=NORMAL cap_fp=0 cap_fi=0 cap_fe=0 cap_fver=0 cap_frootid=0
Aug 17 18:57:53 fedora audit: PROCTITLE proctitle="(systemd-resolved)"
Aug 17 18:57:53 fedora audit[1032]: AVC avc:  denied  { mounton } for  pid=1032 comm="(systemd-resol)" path="/run/systemd/mount-rootfs/proc/mtrr" dev="proc" ino=4026531994 scontext=system_u:system_r:kernel_t:s0 tcontext=system_u:object_r:mtrr_device_t:s0 tclass=file permissive=1
Aug 17 18:57:53 fedora audit[1032]: SYSCALL arch=c000003e syscall=165 success=yes exit=0 a0=55d2cd0ca210 a1=7fffbc8db990 a2=0 a3=5000 items=1 ppid=1 pid=1032 auid=4294967295 uid=0 gid=0 euid=0 suid=0 fsuid=0 egid=0 sgid=0 fsgid=0 tty=(none) ses=4294967295 comm="(systemd-resol)" exe="/usr/lib/systemd/systemd-executor" subj=system_u:system_r:kernel_t:s0 key=(null)
Aug 17 18:57:53 fedora audit: CWD cwd="/"
Aug 17 18:57:53 fedora audit: PATH item=0 name="/run/systemd/mount-rootfs/proc/mtrr" inode=4026531994 dev=00:30 mode=0100644 ouid=0 ogid=0 rdev=00:00 obj=system_u:object_r:mtrr_device_t:s0 nametype=NORMAL cap_fp=0 cap_fi=0 cap_fe=0 cap_fver=0 cap_frootid=0
Aug 17 18:57:53 fedora audit: PROCTITLE proctitle="(systemd-resolved)"
Aug 17 18:57:53 fedora audit[1032]: AVC avc:  denied  { mounton } for  pid=1032 comm="(systemd-resol)" path="/run/systemd/mount-rootfs/proc/sys" dev="proc" ino=4026531854 scontext=system_u:system_r:kernel_t:s0 tcontext=system_u:object_r:sysctl_t:s0 tclass=dir permissive=1
Aug 17 18:57:53 fedora audit[1032]: SYSCALL arch=c000003e syscall=165 success=yes exit=0 a0=55d2cd0ca2b0 a1=7fffbc8db990 a2=0 a3=5000 items=1 ppid=1 pid=1032 auid=4294967295 uid=0 gid=0 euid=0 suid=0 fsuid=0 egid=0 sgid=0 fsgid=0 tty=(none) ses=4294967295 comm="(systemd-resol)" exe="/usr/lib/systemd/systemd-executor" subj=system_u:system_r:kernel_t:s0 key=(null)
Aug 17 18:57:53 fedora audit: CWD cwd="/"
Aug 17 18:57:53 fedora audit: PATH item=0 name="/run/systemd/mount-rootfs/proc/sys" inode=4026531854 dev=00:30 mode=040555 ouid=0 ogid=0 rdev=00:00 obj=system_u:object_r:sysctl_t:s0 nametype=NORMAL cap_fp=0 cap_fi=0 cap_fe=0 cap_fver=0 cap_frootid=0
Aug 17 18:57:53 fedora audit: PROCTITLE proctitle="(systemd-resolved)"
Aug 17 18:57:53 fedora audit[1032]: AVC avc:  denied  { mounton } for  pid=1032 comm="(systemd-resol)" path="/run/systemd/mount-rootfs/proc/sysrq-trigger" dev="proc" ino=4026532093 scontext=system_u:system_r:kernel_t:s0 tcontext=system_u:object_r:sysctl_t:s0 tclass=file permissive=1
Aug 17 18:57:53 fedora audit[1032]: SYSCALL arch=c000003e syscall=165 success=yes exit=0 a0=55d2cd0ca300 a1=7fffbc8db990 a2=0 a3=5000 items=1 ppid=1 pid=1032 auid=4294967295 uid=0 gid=0 euid=0 suid=0 fsuid=0 egid=0 sgid=0 fsgid=0 tty=(none) ses=4294967295 comm="(systemd-resol)" exe="/usr/lib/systemd/systemd-executor" subj=system_u:system_r:kernel_t:s0 key=(null)
Aug 17 18:57:53 fedora audit: CWD cwd="/"
Aug 17 18:57:53 fedora audit: PATH item=0 name="/run/systemd/mount-rootfs/proc/sysrq-trigger" inode=4026532093 dev=00:30 mode=0100200 ouid=0 ogid=0 rdev=00:00 obj=system_u:object_r:sysctl_t:s0 nametype=NORMAL cap_fp=0 cap_fi=0 cap_fe=0 cap_fver=0 cap_frootid=0
Aug 17 18:57:53 fedora audit: PROCTITLE proctitle="(systemd-resolved)"
Aug 17 18:57:53 fedora audit[1032]: AVC avc:  denied  { mounton } for  pid=1032 comm="(systemd-resol)" path="/run/systemd/mount-rootfs/run/systemd/resolve" dev="tmpfs" ino=768 scontext=system_u:system_r:kernel_t:s0 tcontext=system_u:object_r:systemd_resolved_var_run_t:s0 tclass=dir permissive=1
Aug 17 18:57:53 fedora audit[1032]: SYSCALL arch=c000003e syscall=165 success=yes exit=0 a0=55d2cd0cc820 a1=7fffbc8db990 a2=0 a3=5000 items=1 ppid=1 pid=1032 auid=4294967295 uid=0 gid=0 euid=0 suid=0 fsuid=0 egid=0 sgid=0 fsgid=0 tty=(none) ses=4294967295 comm="(systemd-resol)" exe="/usr/lib/systemd/systemd-executor" subj=system_u:system_r:kernel_t:s0 key=(null)
Aug 17 18:57:53 fedora audit: CWD cwd="/"
Aug 17 18:57:53 fedora audit: PATH item=0 name="/run/systemd/resolve" inode=768 dev=00:1d mode=040755 ouid=990 ogid=989 rdev=00:00 obj=system_u:object_r:systemd_resolved_var_run_t:s0 nametype=NORMAL cap_fp=0 cap_fi=0 cap_fe=0 cap_fver=0 cap_frootid=0
Aug 17 18:57:53 fedora audit: PROCTITLE proctitle="(systemd-resolved)"
Aug 17 18:57:53 fedora audit[1032]: AVC avc:  denied  { remount } for  pid=1032 comm="(systemd-resol)" scontext=system_u:system_r:kernel_t:s0 tcontext=system_u:object_r:bpf_t:s0 tclass=filesystem permissive=1
Aug 17 18:57:53 fedora audit[1032]: SYSCALL arch=c000003e syscall=165 success=yes exit=0 a0=0 a1=7fffbc8dba70 a2=0 a3=102f items=0 ppid=1 pid=1032 auid=4294967295 uid=0 gid=0 euid=0 suid=0 fsuid=0 egid=0 sgid=0 fsgid=0 tty=(none) ses=4294967295 comm="(systemd-resol)" exe="/usr/lib/systemd/systemd-executor" subj=system_u:system_r:kernel_t:s0 key=(null)
Aug 17 18:57:53 fedora audit: PROCTITLE proctitle="(systemd-resolved)"
Aug 17 18:57:53 fedora audit[1032]: AVC avc:  denied  { remount } for  pid=1032 comm="(systemd-resol)" scontext=system_u:system_r:kernel_t:s0 tcontext=system_u:object_r:debugfs_t:s0 tclass=filesystem permissive=1
Aug 17 18:57:53 fedora audit[1032]: SYSCALL arch=c000003e syscall=165 success=yes exit=0 a0=0 a1=7fffbc8dba70 a2=0 a3=102f items=0 ppid=1 pid=1032 auid=4294967295 uid=0 gid=0 euid=0 suid=0 fsuid=0 egid=0 sgid=0 fsgid=0 tty=(none) ses=4294967295 comm="(systemd-resol)" exe="/usr/lib/systemd/systemd-executor" subj=system_u:system_r:kernel_t:s0 key=(null)
Aug 17 18:57:53 fedora audit: PROCTITLE proctitle="(systemd-resolved)"
Aug 17 18:57:53 fedora audit[1032]: AVC avc:  denied  { remount } for  pid=1032 comm="(systemd-resol)" scontext=system_u:system_r:kernel_t:s0 tcontext=system_u:object_r:tracefs_t:s0 tclass=filesystem permissive=1
Aug 17 18:57:53 fedora audit[1032]: SYSCALL arch=c000003e syscall=165 success=yes exit=0 a0=0 a1=7fffbc8dba70 a2=0 a3=102f items=0 ppid=1 pid=1032 auid=4294967295 uid=0 gid=0 euid=0 suid=0 fsuid=0 egid=0 sgid=0 fsgid=0 tty=(none) ses=4294967295 comm="(systemd-resol)" exe="/usr/lib/systemd/systemd-executor" subj=system_u:system_r:kernel_t:s0 key=(null)
Aug 17 18:57:53 fedora audit: PROCTITLE proctitle="(systemd-resolved)"
Aug 17 18:57:53 fedora systemd[1]: Finished systemd-tmpfiles-setup-dev.service - Create Static Device Nodes in /dev.
Aug 17 18:57:53 fedora audit[1]: SERVICE_START pid=1 uid=0 auid=4294967295 ses=4294967295 subj=system_u:system_r:kernel_t:s0 msg='unit=systemd-tmpfiles-setup-dev comm="systemd" exe="/usr/lib/systemd/systemd" hostname=? addr=? terminal=? res=success'
Aug 17 18:57:53 fedora systemd[1]: Reached target local-fs-pre.target - Preparation for Local File Systems.
Aug 17 18:57:53 fedora systemd[1]: systemd-repart.service - Repartition Root Disk skipped, no trigger condition checks were met.
Aug 17 18:57:53 fedora systemd-resolved[1032]: Positive Trust Anchors:
Aug 17 18:57:53 fedora systemd-resolved[1032]: . IN DS 20326 8 2 e06d44b80b8f1d39a95c0b0d7c65d08458e880409bbc683457104237c7f8ec8d
Aug 17 18:57:53 fedora systemd-resolved[1032]: . IN DS 38696 8 2 683d2d0acb8c9b712a1948b27f741219298d0a450d612c483af444a4c0fb2b16
Aug 17 18:57:53 fedora systemd-resolved[1032]: Negative trust anchors: home.arpa 10.in-addr.arpa 16.172.in-addr.arpa 17.172.in-addr.arpa 18.172.in-addr.arpa 19.172.in-addr.arpa 20.172.in-addr.arpa 21.172.in-addr.arpa 22.172.in-addr.arpa 23.172.in-addr.arpa 24.172.in-addr.arpa 25.172.in-addr.arpa 26.172.in-addr.arpa 27.172.in-addr.arpa 28.172.in-addr.arpa 29.172.in-addr.arpa 30.172.in-addr.arpa 31.172.in-addr.arpa 170.0.0.192.in-addr.arpa 171.0.0.192.in-addr.arpa 168.192.in-addr.arpa d.f.ip6.arpa ipv4only.arpa resolver.arpa corp home internal intranet lan local private test
Aug 17 18:57:53 fedora systemd-resolved[1032]: Using system hostname 'fedora'.
Aug 17 18:57:53 fedora audit[1032]: AVC avc:  denied  { name_bind } for  pid=1032 comm="systemd-resolve" src=5355 scontext=system_u:system_r:kernel_t:s0 tcontext=system_u:object_r:llmnr_port_t:s0 tclass=udp_socket permissive=1
Aug 17 18:57:53 fedora audit[1032]: SYSCALL arch=c000003e syscall=49 success=yes exit=0 a0=c a1=7ffe0747eb20 a2=10 a3=7ffe0747eb1c items=0 ppid=1 pid=1032 auid=4294967295 uid=990 gid=989 euid=990 suid=990 fsuid=990 egid=989 sgid=989 fsgid=989 tty=(none) ses=4294967295 comm="systemd-resolve" exe="/usr/lib/systemd/systemd-resolved" subj=system_u:system_r:kernel_t:s0 key=(null)
Aug 17 18:57:53 fedora audit: PROCTITLE proctitle="(systemd-resolved)"
Aug 17 18:57:53 fedora audit[1032]: AVC avc:  denied  { name_bind } for  pid=1032 comm="systemd-resolve" src=5355 scontext=system_u:system_r:kernel_t:s0 tcontext=system_u:object_r:llmnr_port_t:s0 tclass=tcp_socket permissive=1
Aug 17 18:57:53 fedora audit[1032]: AVC avc:  denied  { node_bind } for  pid=1032 comm="systemd-resolve" src=5355 scontext=system_u:system_r:kernel_t:s0 tcontext=system_u:object_r:node_t:s0 tclass=tcp_socket permissive=1
Aug 17 18:57:53 fedora audit[1032]: SYSCALL arch=c000003e syscall=49 success=yes exit=0 a0=d a1=7ffe0747ec60 a2=10 a3=7ffe0747ec38 items=0 ppid=1 pid=1032 auid=4294967295 uid=990 gid=989 euid=990 suid=990 fsuid=990 egid=989 sgid=989 fsgid=989 tty=(none) ses=4294967295 comm="systemd-resolve" exe="/usr/lib/systemd/systemd-resolved" subj=system_u:system_r:kernel_t:s0 key=(null)
Aug 17 18:57:53 fedora audit: PROCTITLE proctitle="(systemd-resolved)"
Aug 17 18:57:53 fedora audit[1032]: AVC avc:  denied  { name_bind } for  pid=1032 comm="systemd-resolve" src=53 scontext=system_u:system_r:kernel_t:s0 tcontext=system_u:object_r:dns_port_t:s0 tclass=udp_socket permissive=1
Aug 17 18:57:53 fedora audit[1032]: SYSCALL arch=c000003e syscall=49 success=yes exit=0 a0=13 a1=7ffe0747ec60 a2=10 a3=7ffe0747ec34 items=0 ppid=1 pid=1032 auid=4294967295 uid=990 gid=989 euid=990 suid=990 fsuid=990 egid=989 sgid=989 fsgid=989 tty=(none) ses=4294967295 comm="systemd-resolve" exe="/usr/lib/systemd/systemd-resolved" subj=system_u:system_r:kernel_t:s0 key=(null)
Aug 17 18:57:53 fedora audit: PROCTITLE proctitle="(systemd-resolved)"
Aug 17 18:57:53 fedora audit[1032]: AVC avc:  denied  { name_bind } for  pid=1032 comm="systemd-resolve" src=53 scontext=system_u:system_r:kernel_t:s0 tcontext=system_u:object_r:dns_port_t:s0 tclass=tcp_socket permissive=1
Aug 17 18:57:53 fedora audit[1032]: SYSCALL arch=c000003e syscall=49 success=yes exit=0 a0=14 a1=7ffe0747ec60 a2=10 a3=7ffe0747ec34 items=0 ppid=1 pid=1032 auid=4294967295 uid=990 gid=989 euid=990 suid=990 fsuid=990 egid=989 sgid=989 fsgid=989 tty=(none) ses=4294967295 comm="systemd-resolve" exe="/usr/lib/systemd/systemd-resolved" subj=system_u:system_r:kernel_t:s0 key=(null)
Aug 17 18:57:53 fedora audit: PROCTITLE proctitle="(systemd-resolved)"
Aug 17 18:57:53 fedora systemd[1]: Started systemd-resolved.service - Network Name Resolution.
Aug 17 18:57:53 fedora audit[1]: SERVICE_START pid=1 uid=0 auid=4294967295 ses=4294967295 subj=system_u:system_r:kernel_t:s0 msg='unit=systemd-resolved comm="systemd" exe="/usr/lib/systemd/systemd" hostname=? addr=? terminal=? res=success'
Aug 17 18:57:53 fedora systemd[1]: Reached target nss-lookup.target - Host and Network Name Lookups.
Aug 17 18:57:53 fedora systemd[1]: Finished systemd-hwdb-update.service - Rebuild Hardware Database.
Aug 17 18:57:53 fedora audit[1]: SERVICE_START pid=1 uid=0 auid=4294967295 ses=4294967295 subj=system_u:system_r:kernel_t:s0 msg='unit=systemd-hwdb-update comm="systemd" exe="/usr/lib/systemd/systemd" hostname=? addr=? terminal=? res=success'
Aug 17 18:57:53 fedora audit: BPF prog-id=25 op=UNLOAD
Aug 17 18:57:53 fedora audit: BPF prog-id=24 op=UNLOAD
Aug 17 18:57:53 fedora audit: BPF prog-id=57 op=LOAD
Aug 17 18:57:53 fedora audit: BPF prog-id=58 op=LOAD
Aug 17 18:57:53 fedora systemd[1]: Starting systemd-udevd.service - Rule-based Manager for Device Events and Files...
Aug 17 18:57:53 fedora systemd-udevd[1040]: Using default interface naming scheme 'v259'.
Aug 17 18:57:53 fedora systemd[1]: Started systemd-udevd.service - Rule-based Manager for Device Events and Files.
Aug 17 18:57:53 fedora systemd[1]: plymouth-start.service - Show Plymouth Boot Screen skipped, unmet condition check ConditionKernelCommandLine=!plymouth.enable=0
Aug 17 18:57:53 fedora systemd[1]: Started systemd-ask-password-console.path - Dispatch Password Requests to Console Directory Watch.
Aug 17 18:57:53 fedora systemd[1]: systemd-ask-password-plymouth.path - Forward Password Requests to Plymouth Directory Watch skipped, unmet condition check ConditionPathExists=/run/plymouth/pid
Aug 17 18:57:53 fedora systemd[1]: Reached target cryptsetup.target - Local Encrypted Volumes.
Aug 17 18:57:53 fedora audit[1]: SERVICE_START pid=1 uid=0 auid=4294967295 ses=4294967295 subj=system_u:system_r:kernel_t:s0 msg='unit=systemd-udevd comm="systemd" exe="/usr/lib/systemd/systemd" hostname=? addr=? terminal=? res=success'
Aug 17 18:57:53 fedora nfsrahead[1061]: skipping non-NFS device 251:0
Aug 17 18:57:53 fedora systemd[1]: modprobe@configfs.service - Load Kernel Module configfs skipped, unmet condition check ConditionKernelModuleLoaded=!configfs
Aug 17 18:57:53 fedora audit[1040]: AVC avc:  denied  { watch } for  pid=1040 comm="systemd-udevd" path="/dev/zram0" dev="devtmpfs" ino=379 scontext=system_u:system_r:kernel_t:s0 tcontext=system_u:object_r:fixed_disk_device_t:s0 tclass=blk_file permissive=1
Aug 17 18:57:53 fedora audit[1040]: SYSCALL arch=c000003e syscall=254 success=yes exit=4 a0=6 a1=55808829fda0 a2=8 a3=0 items=0 ppid=1 pid=1040 auid=4294967295 uid=0 gid=0 euid=0 suid=0 fsuid=0 egid=0 sgid=0 fsgid=0 tty=(none) ses=4294967295 comm="systemd-udevd" exe="/usr/bin/udevadm" subj=system_u:system_r:kernel_t:s0 key=(null)
Aug 17 18:57:53 fedora audit: PROCTITLE proctitle="/usr/lib/systemd/systemd-udevd"
Aug 17 18:57:53 fedora systemd[1]: Found device dev-zram0.device - /dev/zram0.
Aug 17 18:57:53 fedora systemd[1]: Starting systemd-zram-setup@zram0.service - Create swap on /dev/zram0...
Aug 17 18:57:53 fedora systemd[1]: modprobe@fuse.service - Load Kernel Module fuse skipped, unmet condition check ConditionKernelModuleLoaded=!fuse
Aug 17 18:57:53 fedora kernel: zram0: detected capacity change from 0 to 12095488
Aug 17 18:57:53 fedora systemd-makefs[1072]: /dev/zram0 successfully formatted as swap (label "zram0", uuid 270ca245-9f20-4025-899c-439510a70515)
Aug 17 18:57:53 fedora audit[1]: SERVICE_START pid=1 uid=0 auid=4294967295 ses=4294967295 subj=system_u:system_r:kernel_t:s0 msg='unit=systemd-zram-setup@zram0 comm="systemd" exe="/usr/lib/systemd/systemd" hostname=? addr=? terminal=? res=success'
Aug 17 18:57:53 fedora systemd[1]: Finished systemd-zram-setup@zram0.service - Create swap on /dev/zram0.
Aug 17 18:57:53 fedora systemd[1]: Activating swap dev-zram0.swap - Compressed Swap on /dev/zram0...
Aug 17 18:57:53 fedora kernel: Adding 6047740k swap on /dev/zram0.  Priority:100 extents:1 across:6047740k SSDsc
Aug 17 18:57:53 fedora systemd[1]: Activated swap dev-zram0.swap - Compressed Swap on /dev/zram0.
Aug 17 18:57:53 fedora systemd[1]: Reached target swap.target - Swaps.
Aug 17 18:57:53 fedora audit: BPF prog-id=59 op=LOAD
Aug 17 18:57:53 fedora audit: BPF prog-id=60 op=LOAD
Aug 17 18:57:53 fedora audit: BPF prog-id=61 op=LOAD
Aug 17 18:57:53 fedora systemd[1]: Starting systemd-oomd.service - Userspace Out-Of-Memory (OOM) Killer...
Aug 17 18:57:53 fedora audit[1]: SERVICE_START pid=1 uid=0 auid=4294967295 ses=4294967295 subj=system_u:system_r:kernel_t:s0 msg='unit=systemd-oomd comm="systemd" exe="/usr/lib/systemd/systemd" hostname=? addr=? terminal=? res=success'
Aug 17 18:57:53 fedora systemd[1]: Started systemd-oomd.service - Userspace Out-Of-Memory (OOM) Killer.
Aug 17 18:57:53 fedora (udev-worker)[1045]: sr0: Process '/usr/sbin/pktsetup -i -d 11:0' failed with exit code 1.
Aug 17 18:57:53 fedora kernel: parport_pc 00:02: reported by Plug and Play ACPI
Aug 17 18:57:53 fedora kernel: parport0: PC-style at 0x378, irq 7 [PCSPP,TRISTATE]
Aug 17 18:57:53 fedora kernel: lpc_ich 0000:00:1f.0: I/O space for GPIO uninitialized
Aug 17 18:57:53 fedora systemd[1]: Mounting tmp.mount - Temporary Directory /tmp...
Aug 17 18:57:53 fedora kernel: input: QEMU Virtio Tablet as /devices/pci0000:00/0000:00:02.0/virtio1/input/input5
Aug 17 18:57:53 fedora systemd[1]: Mounted tmp.mount - Temporary Directory /tmp.
Aug 17 18:57:53 fedora systemd[1]: Reached target local-fs.target - Local File Systems.
Aug 17 18:57:53 fedora nfsrahead[1094]: skipping non-NFS device 7:0
Aug 17 18:57:53 fedora nfsrahead[1093]: skipping non-NFS device 253:0
Aug 17 18:57:53 fedora kernel: i801_smbus 0000:00:1f.3: Enabling SMBus device
Aug 17 18:57:53 fedora kernel: i801_smbus 0000:00:1f.3: SMBus using PCI interrupt
Aug 17 18:57:53 fedora nfsrahead[1095]: skipping non-NFS device 11:0
Aug 17 18:57:53 fedora systemd[1]: Listening on systemd-bootctl.socket - Boot Entries Service Socket.
Aug 17 18:57:53 fedora kernel: i2c i2c-0: Memory type 0x07 not supported yet, not instantiating SPD
Aug 17 18:57:53 fedora systemd[1]: Listening on systemd-sysext.socket - System Extension Image Management.
Aug 17 18:57:53 fedora nfsrahead[1098]: skipping non-NFS device 251:0
Aug 17 18:57:53 fedora systemd[1]: Starting plymouth-read-write.service - Tell Plymouth To Write Out Runtime Data...
Aug 17 18:57:53 fedora systemd[1]: Starting rpc-statd-notify.service - Notify NFS peers of a restart...
Aug 17 18:57:53 fedora systemd[1]: selinux-autorelabel-mark.service - Mark the need to relabel after reboot skipped, unmet condition check ConditionSecurity=!selinux
Aug 17 18:57:53 fedora systemd[1]: Starting systemd-binfmt.service - Set Up Additional Binary Formats...
Aug 17 18:57:53 fedora systemd[1]: systemd-boot-random-seed.service - Update Boot Loader Random Seed skipped, no trigger condition checks were met.
Aug 17 18:57:53 fedora sm-notify[1100]: Version 2.8.7 starting
Aug 17 18:57:53 fedora sm-notify[1100]: Failed to open sm: No such file or directory
Aug 17 18:57:53 fedora systemd[1]: systemd-confext.service - Merge System Configuration Images into /etc/ skipped, no trigger condition checks were met.
Aug 17 18:57:53 fedora sm-notify[1100]: Failed to open directory sm.bak: No such file or directory
Aug 17 18:57:53 fedora systemd[1]: systemd-machine-id-commit.service - Save Transient machine-id to Disk skipped, unmet condition check ConditionPathIsMountPoint=/etc/machine-id
Aug 17 18:57:53 fedora systemd[1]: systemd-sysext.service - Merge System Extension Images into /usr/ and /opt/ skipped, no trigger condition checks were met.
Aug 17 18:57:53 fedora systemd[1]: Starting systemd-tmpfiles-setup.service - Create System Files and Directories...
Aug 17 18:57:53 fedora systemd[1]: Starting systemd-userdb-load-credentials.service - Load JSON user/group Records from Credentials...
Aug 17 18:57:53 fedora systemd[1]: Started rpc-statd-notify.service - Notify NFS peers of a restart.
Aug 17 18:57:53 fedora audit[1]: SERVICE_START pid=1 uid=0 auid=4294967295 ses=4294967295 subj=system_u:system_r:kernel_t:s0 msg='unit=rpc-statd-notify comm="systemd" exe="/usr/lib/systemd/systemd" hostname=? addr=? terminal=? res=success'
Aug 17 18:57:53 fedora audit[1]: AVC avc:  denied  { compute_av } for  pid=1 comm="systemd" scontext=system_u:system_r:kernel_t:s0 tcontext=system_u:object_r:security_t:s0 tclass=security permissive=1
Aug 17 18:57:53 fedora audit[1]: USER_AVC pid=1 uid=0 auid=4294967295 ses=4294967295 subj=system_u:system_r:kernel_t:s0 msg='avc:  denied  { start } for auid=n/a uid=0 gid=0 path="/usr/lib/systemd/system/systemd-vconsole-setup.service" cmdline="" function="bus_unit_method_start_generic" scontext=system_u:system_r:kernel_t:s0 tcontext=system_u:object_r:unlabeled_t:s0 tclass=service permissive=1 exe="/usr/lib/systemd/systemd" sauid=0 hostname=? addr=? terminal=?'
Aug 17 18:57:53 fedora audit[1]: USER_AVC pid=1 uid=0 auid=4294967295 ses=4294967295 subj=system_u:system_r:kernel_t:s0 msg='avc:  denied  { status } for auid=n/a uid=0 gid=0 path="/usr/lib/systemd/system/systemd-vconsole-setup.service" cmdline="" function="reply_unit_path" scontext=system_u:system_r:kernel_t:s0 tcontext=system_u:object_r:unlabeled_t:s0 tclass=service permissive=1 exe="/usr/lib/systemd/systemd" sauid=0 hostname=? addr=? terminal=?'
Aug 17 18:57:53 fedora systemd[1]: systemd-vconsole-setup.service: Deactivated successfully.
Aug 17 18:57:53 fedora audit[1]: SERVICE_STOP pid=1 uid=0 auid=4294967295 ses=4294967295 subj=system_u:system_r:kernel_t:s0 msg='unit=systemd-vconsole-setup comm="systemd" exe="/usr/lib/systemd/systemd" hostname=? addr=? terminal=? res=success'
Aug 17 18:57:53 fedora systemd[1]: Stopped systemd-vconsole-setup.service - Virtual Console Setup.
Aug 17 18:57:53 fedora systemd[1]: Stopping systemd-vconsole-setup.service - Virtual Console Setup...
Aug 17 18:57:53 fedora systemd[1]: Starting systemd-vconsole-setup.service - Virtual Console Setup...
Aug 17 18:57:53 fedora kernel: iTCO_wdt iTCO_wdt.1.auto: Found a ICH9 TCO device (Version=2, TCOBASE=0x0660)
Aug 17 18:57:53 fedora kernel: iTCO_wdt iTCO_wdt.1.auto: initialized. heartbeat=30 sec (nowayout=0)
Aug 17 18:57:53 fedora kernel: RAPL PMU: API unit is 2^-32 Joules, 0 fixed counters, 10737418240 ms ovfl timer
Aug 17 18:57:53 fedora systemd[1]: Finished plymouth-read-write.service - Tell Plymouth To Write Out Runtime Data.
Aug 17 18:57:53 fedora audit[1]: SERVICE_START pid=1 uid=0 auid=4294967295 ses=4294967295 subj=system_u:system_r:kernel_t:s0 msg='unit=plymouth-read-write comm="systemd" exe="/usr/lib/systemd/systemd" hostname=? addr=? terminal=? res=success'
Aug 17 18:57:53 fedora systemd[1]: Finished systemd-userdb-load-credentials.service - Load JSON user/group Records from Credentials.
Aug 17 18:57:53 fedora audit[1]: SERVICE_START pid=1 uid=0 auid=4294967295 ses=4294967295 subj=system_u:system_r:kernel_t:s0 msg='unit=systemd-userdb-load-credentials comm="systemd" exe="/usr/lib/systemd/systemd" hostname=? addr=? terminal=? res=success'
Aug 17 18:57:53 fedora audit[1054]: AVC avc:  denied  { relabelto } for  pid=1054 comm="(udev-worker)" name="watchdog0" dev="devtmpfs" ino=590 scontext=system_u:system_r:kernel_t:s0 tcontext=system_u:object_r:watchdog_device_t:s0 tclass=chr_file permissive=1
Aug 17 18:57:53 fedora audit[1054]: SYSCALL arch=c000003e syscall=188 success=yes exit=0 a0=7ffd635e50d0 a1=7f0930de006f a2=5580885a7ae0 a3=27 items=0 ppid=1040 pid=1054 auid=4294967295 uid=0 gid=0 euid=0 suid=0 fsuid=0 egid=0 sgid=0 fsgid=0 tty=(none) ses=4294967295 comm="(udev-worker)" exe="/usr/bin/udevadm" subj=system_u:system_r:kernel_t:s0 key=(null)
Aug 17 18:57:53 fedora audit: PROCTITLE proctitle="(udev-worker)"
Aug 17 18:57:53 fedora systemd[1]: proc-sys-fs-binfmt_misc.automount: Got automount request for /proc/sys/fs/binfmt_misc, triggered by 1103 (systemd-binfmt)
Aug 17 18:57:53 fedora kernel: ppdev: user-space parallel port driver
Aug 17 18:57:53 fedora audit[1054]: AVC avc:  denied  { relabelto } for  pid=1054 comm="(udev-worker)" name="parport0" dev="devtmpfs" ino=593 scontext=system_u:system_r:kernel_t:s0 tcontext=system_u:object_r:printer_device_t:s0 tclass=chr_file permissive=1
Aug 17 18:57:53 fedora audit[1054]: SYSCALL arch=c000003e syscall=188 success=yes exit=0 a0=7ffd635e50d0 a1=7f0930de006f a2=558088909c50 a3=26 items=0 ppid=1040 pid=1054 auid=4294967295 uid=0 gid=0 euid=0 suid=0 fsuid=0 egid=0 sgid=0 fsgid=0 tty=(none) ses=4294967295 comm="(udev-worker)" exe="/usr/bin/udevadm" subj=system_u:system_r:kernel_t:s0 key=(null)
Aug 17 18:57:53 fedora audit: PROCTITLE proctitle="(udev-worker)"
Aug 17 18:57:53 fedora audit[1]: SERVICE_START pid=1 uid=0 auid=4294967295 ses=4294967295 subj=system_u:system_r:kernel_t:s0 msg='unit=systemd-vconsole-setup comm="systemd" exe="/usr/lib/systemd/systemd" hostname=? addr=? terminal=? res=success'
Aug 17 18:57:53 fedora systemd[1]: Finished systemd-vconsole-setup.service - Virtual Console Setup.
Aug 17 18:57:53 fedora systemd[1]: Finished systemd-tmpfiles-setup.service - Create System Files and Directories.
Aug 17 18:57:53 fedora audit[1]: SERVICE_START pid=1 uid=0 auid=4294967295 ses=4294967295 subj=system_u:system_r:kernel_t:s0 msg='unit=systemd-tmpfiles-setup comm="systemd" exe="/usr/lib/systemd/systemd" hostname=? addr=? terminal=? res=success'
Aug 17 18:57:53 fedora audit: BPF prog-id=62 op=LOAD
Aug 17 18:57:53 fedora systemd[1]: Starting bunny-brlapi-key.service - Generate the per-device BrlAPI authorisation key...
Aug 17 18:57:53 fedora systemd[1]: Starting ldconfig.service - Rebuild Dynamic Linker Cache...
Aug 17 18:57:53 fedora systemd[1]: Starting systemd-journal-catalog-update.service - Rebuild Journal Catalog...
Aug 17 18:57:53 fedora audit[1118]: AVC avc:  denied  { search } for  pid=1118 comm="(ldconfig)" name="pressure" dev="proc" ino=4026532058 scontext=system_u:system_r:kernel_t:s0 tcontext=system_u:object_r:proc_psi_t:s0 tclass=dir permissive=1
Aug 17 18:57:53 fedora audit[1117]: AVC avc:  denied  { search } for  pid=1117 comm="(bunny-brlapi-)" name="pressure" dev="proc" ino=4026532058 scontext=system_u:system_r:kernel_t:s0 tcontext=system_u:object_r:proc_psi_t:s0 tclass=dir permissive=1
Aug 17 18:57:53 fedora audit[1117]: AVC avc:  denied  { read } for  pid=1117 comm="(bunny-brlapi-)" name="cpu" dev="proc" ino=4026532061 scontext=system_u:system_r:kernel_t:s0 tcontext=system_u:object_r:proc_psi_t:s0 tclass=file permissive=1
Aug 17 18:57:53 fedora audit[1118]: AVC avc:  denied  { read } for  pid=1118 comm="(ldconfig)" name="cpu" dev="proc" ino=4026532061 scontext=system_u:system_r:kernel_t:s0 tcontext=system_u:object_r:proc_psi_t:s0 tclass=file permissive=1
Aug 17 18:57:53 fedora audit[1118]: AVC avc:  denied  { open } for  pid=1118 comm="(ldconfig)" path="/proc/pressure/cpu" dev="proc" ino=4026532061 scontext=system_u:system_r:kernel_t:s0 tcontext=system_u:object_r:proc_psi_t:s0 tclass=file permissive=1
Aug 17 18:57:53 fedora audit[1117]: AVC avc:  denied  { open } for  pid=1117 comm="(bunny-brlapi-)" path="/proc/pressure/cpu" dev="proc" ino=4026532061 scontext=system_u:system_r:kernel_t:s0 tcontext=system_u:object_r:proc_psi_t:s0 tclass=file permissive=1
Aug 17 18:57:53 fedora audit[1118]: SYSCALL arch=c000003e syscall=257 success=yes exit=3 a0=ffffffffffffff9c a1=557d541a0e68 a2=80100 a3=0 items=1 ppid=1 pid=1118 auid=4294967295 uid=0 gid=0 euid=0 suid=0 fsuid=0 egid=0 sgid=0 fsgid=0 tty=(none) ses=4294967295 comm="(ldconfig)" exe="/usr/lib/systemd/systemd-executor" subj=system_u:system_r:kernel_t:s0 key=(null)
Aug 17 18:57:53 fedora audit[1117]: SYSCALL arch=c000003e syscall=257 success=yes exit=3 a0=ffffffffffffff9c a1=55d14f70fe68 a2=80100 a3=0 items=1 ppid=1 pid=1117 auid=4294967295 uid=0 gid=0 euid=0 suid=0 fsuid=0 egid=0 sgid=0 fsgid=0 tty=(none) ses=4294967295 comm="(bunny-brlapi-)" exe="/usr/lib/systemd/systemd-executor" subj=system_u:system_r:kernel_t:s0 key=(null)
Aug 17 18:57:53 fedora audit: CWD cwd="/"
Aug 17 18:57:53 fedora audit: CWD cwd="/"
Aug 17 18:57:53 fedora audit: PATH item=0 name="/proc/pressure/cpu" inode=4026532061 dev=00:19 mode=0100666 ouid=0 ogid=0 rdev=00:00 obj=system_u:object_r:proc_psi_t:s0 nametype=NORMAL cap_fp=0 cap_fi=0 cap_fe=0 cap_fver=0 cap_frootid=0
Aug 17 18:57:53 fedora audit: PATH item=0 name="/proc/pressure/cpu" inode=4026532061 dev=00:19 mode=0100666 ouid=0 ogid=0 rdev=00:00 obj=system_u:object_r:proc_psi_t:s0 nametype=NORMAL cap_fp=0 cap_fi=0 cap_fe=0 cap_fver=0 cap_frootid=0
Aug 17 18:57:53 fedora audit: PROCTITLE proctitle="(bunny-brlapi-key)"
Aug 17 18:57:53 fedora audit: PROCTITLE proctitle="(ldconfig)"
Aug 17 18:57:53 fedora audit[1118]: AVC avc:  denied  { getattr } for  pid=1118 comm="(ldconfig)" path="/proc/pressure/cpu" dev="proc" ino=4026532061 scontext=system_u:system_r:kernel_t:s0 tcontext=system_u:object_r:proc_psi_t:s0 tclass=file permissive=1
Aug 17 18:57:53 fedora audit[1118]: SYSCALL arch=c000003e syscall=5 success=yes exit=0 a0=3 a1=7ffcd43a7950 a2=0 a3=0 items=0 ppid=1 pid=1118 auid=4294967295 uid=0 gid=0 euid=0 suid=0 fsuid=0 egid=0 sgid=0 fsgid=0 tty=(none) ses=4294967295 comm="(ldconfig)" exe="/usr/lib/systemd/systemd-executor" subj=system_u:system_r:kernel_t:s0 key=(null)
Aug 17 18:57:53 fedora audit: PROCTITLE proctitle="(ldconfig)"
Aug 17 18:57:53 fedora audit[1117]: AVC avc:  denied  { create } for  pid=1117 comm="(bunny-brlapi-)" scontext=system_u:system_r:kernel_t:s0 tcontext=system_u:system_r:kernel_t:s0 tclass=netlink_route_socket permissive=1
Aug 17 18:57:53 fedora audit[1117]: SYSCALL arch=c000003e syscall=41 success=yes exit=3 a0=10 a1=80803 a2=0 a3=0 items=0 ppid=1 pid=1117 auid=4294967295 uid=0 gid=0 euid=0 suid=0 fsuid=0 egid=0 sgid=0 fsgid=0 tty=(none) ses=4294967295 comm="(bunny-brlapi-)" exe="/usr/lib/systemd/systemd-executor" subj=system_u:system_r:kernel_t:s0 key=(null)
Aug 17 18:57:53 fedora audit: PROCTITLE proctitle="(bunny-brlapi-key)"
Aug 17 18:57:53 fedora systemd[1]: Starting systemd-update-utmp.service - Record System Boot/Shutdown in UTMP...
Aug 17 18:57:53 fedora audit[1117]: AVC avc:  denied  { mounton } for  pid=1117 comm="(bunny-brlapi-)" path="/run/systemd/mount-rootfs/run/credentials" dev="tmpfs" ino=5 scontext=system_u:system_r:kernel_t:s0 tcontext=system_u:object_r:var_run_t:s0 tclass=dir permissive=1
Aug 17 18:57:53 fedora audit[1117]: SYSCALL arch=c000003e syscall=165 success=yes exit=0 a0=55d1869cf470 a1=7fff7966c270 a2=0 a3=5000 items=1 ppid=1 pid=1117 auid=4294967295 uid=0 gid=0 euid=0 suid=0 fsuid=0 egid=0 sgid=0 fsgid=0 tty=(none) ses=4294967295 comm="(bunny-brlapi-)" exe="/usr/lib/systemd/systemd-executor" subj=system_u:system_r:kernel_t:s0 key=(null)
Aug 17 18:57:53 fedora audit: CWD cwd="/"
Aug 17 18:57:53 fedora audit: PATH item=0 name="/run/systemd/inaccessible/dir" inode=8 dev=00:1d mode=040000 ouid=0 ogid=0 rdev=00:00 obj=system_u:object_r:init_var_run_t:s0 nametype=NORMAL cap_fp=0 cap_fi=0 cap_fe=0 cap_fver=0 cap_frootid=0
Aug 17 18:57:53 fedora audit: PROCTITLE proctitle="(bunny-brlapi-key)"
Aug 17 18:57:53 fedora audit[1120]: AUDIT1127 pid=1120 uid=0 auid=4294967295 ses=4294967295 subj=system_u:system_r:kernel_t:s0 msg=' comm="systemd-update-" exe="/usr/lib/systemd/systemd-update-utmp" hostname=? addr=? terminal=? res=success'
Aug 17 18:57:53 fedora audit[1]: USER_AVC pid=1 uid=0 auid=4294967295 ses=4294967295 subj=system_u:system_r:kernel_t:s0 msg='avc:  denied  { status } for auid=n/a uid=0 gid=0 cmdline="" function="mac_selinux_filter" scontext=system_u:system_r:kernel_t:s0 tcontext=system_u:system_r:kernel_t:s0 tclass=system permissive=1 exe="/usr/lib/systemd/systemd" sauid=0 hostname=? addr=? terminal=?'
Aug 17 18:57:53 fedora audit[1117]: AVC avc:  denied  { mounton } for  pid=1117 comm="(bunny-brlapi-)" path="/run/systemd/mount-rootfs/tmp" dev="tmpfs" ino=1 scontext=system_u:system_r:kernel_t:s0 tcontext=system_u:object_r:tmp_t:s0 tclass=dir permissive=1
Aug 17 18:57:53 fedora audit[1117]: SYSCALL arch=c000003e syscall=165 success=yes exit=0 a0=7fff7966c600 a1=7fff7966c270 a2=0 a3=5000 items=1 ppid=1 pid=1117 auid=4294967295 uid=0 gid=0 euid=0 suid=0 fsuid=0 egid=0 sgid=0 fsgid=0 tty=(none) ses=4294967295 comm="(bunny-brlapi-)" exe="/usr/lib/systemd/systemd-executor" subj=system_u:system_r:kernel_t:s0 key=(null)
Aug 17 18:57:53 fedora audit: CWD cwd="/"
Aug 17 18:57:53 fedora audit: PATH item=0 name="/tmp/systemd-private-956d54ecc64a4d83bf87efaea287ebff-bunny-brlapi-key.service-a7wyWT/tmp" inode=7 dev=00:34 mode=041777 ouid=0 ogid=0 rdev=00:00 obj=system_u:object_r:tmp_t:s0 nametype=NORMAL cap_fp=0 cap_fi=0 cap_fe=0 cap_fver=0 cap_frootid=0
Aug 17 18:57:53 fedora audit: PROCTITLE proctitle="(bunny-brlapi-key)"
Aug 17 18:57:53 fedora audit[1117]: AVC avc:  denied  { mounton } for  pid=1117 comm="(bunny-brlapi-)" path="/run/systemd/mount-rootfs/var/home" dev="overlay" ino=268 scontext=system_u:system_r:kernel_t:s0 tcontext=system_u:object_r:home_root_t:s0 tclass=dir permissive=1
Aug 17 18:57:53 fedora audit[1117]: SYSCALL arch=c000003e syscall=165 success=yes exit=0 a0=55d1869d31d0 a1=7fff7966c270 a2=0 a3=5000 items=1 ppid=1 pid=1117 auid=4294967295 uid=0 gid=0 euid=0 suid=0 fsuid=0 egid=0 sgid=0 fsgid=0 tty=(none) ses=4294967295 comm="(bunny-brlapi-)" exe="/usr/lib/systemd/systemd-executor" subj=system_u:system_r:kernel_t:s0 key=(null)
Aug 17 18:57:53 fedora audit: CWD cwd="/"
Aug 17 18:57:53 fedora audit: PATH item=0 name="/run/systemd/inaccessible/dir" inode=8 dev=00:1d mode=040000 ouid=0 ogid=0 rdev=00:00 obj=system_u:object_r:init_var_run_t:s0 nametype=NORMAL cap_fp=0 cap_fi=0 cap_fe=0 cap_fver=0 cap_frootid=0
Aug 17 18:57:53 fedora audit: PROCTITLE proctitle="(bunny-brlapi-key)"
Aug 17 18:57:53 fedora audit[1117]: AVC avc:  denied  { mounton } for  pid=1117 comm="(bunny-brlapi-)" path="/run/systemd/mount-rootfs/var/roothome" dev="overlay" ino=256 scontext=system_u:system_r:kernel_t:s0 tcontext=system_u:object_r:admin_home_t:s0 tclass=dir permissive=1
Aug 17 18:57:53 fedora audit[1117]: SYSCALL arch=c000003e syscall=165 success=yes exit=0 a0=55d1869cf350 a1=7fff7966c270 a2=0 a3=5000 items=1 ppid=1 pid=1117 auid=4294967295 uid=0 gid=0 euid=0 suid=0 fsuid=0 egid=0 sgid=0 fsgid=0 tty=(none) ses=4294967295 comm="(bunny-brlapi-)" exe="/usr/lib/systemd/systemd-executor" subj=system_u:system_r:kernel_t:s0 key=(null)
Aug 17 18:57:53 fedora audit: CWD cwd="/"
Aug 17 18:57:53 fedora audit: PATH item=0 name="/run/systemd/inaccessible/dir" inode=8 dev=00:1d mode=040000 ouid=0 ogid=0 rdev=00:00 obj=system_u:object_r:init_var_run_t:s0 nametype=NORMAL cap_fp=0 cap_fi=0 cap_fe=0 cap_fver=0 cap_frootid=0
Aug 17 18:57:53 fedora audit: PROCTITLE proctitle="(bunny-brlapi-key)"
Aug 17 18:57:53 fedora audit[1117]: AVC avc:  denied  { remount } for  pid=1117 comm="(bunny-brlapi-)" scontext=system_u:system_r:kernel_t:s0 tcontext=system_u:object_r:tmpfs_t:s0 tclass=filesystem permissive=1
Aug 17 18:57:53 fedora audit[1117]: SYSCALL arch=c000003e syscall=165 success=yes exit=0 a0=0 a1=7fff7966c350 a2=0 a3=1027 items=0 ppid=1 pid=1117 auid=4294967295 uid=0 gid=0 euid=0 suid=0 fsuid=0 egid=0 sgid=0 fsgid=0 tty=(none) ses=4294967295 comm="(bunny-brlapi-)" exe="/usr/lib/systemd/systemd-executor" subj=system_u:system_r:kernel_t:s0 key=(null)
Aug 17 18:57:53 fedora audit: PROCTITLE proctitle="(bunny-brlapi-key)"
Aug 17 18:57:53 fedora audit[1117]: AVC avc:  denied  { remount } for  pid=1117 comm="(bunny-brlapi-)" scontext=system_u:system_r:kernel_t:s0 tcontext=system_u:object_r:iso9660_t:s0 tclass=filesystem permissive=1
Aug 17 18:57:53 fedora audit[1117]: SYSCALL arch=c000003e syscall=165 success=yes exit=0 a0=0 a1=7fff7966c350 a2=0 a3=1021 items=0 ppid=1 pid=1117 auid=4294967295 uid=0 gid=0 euid=0 suid=0 fsuid=0 egid=0 sgid=0 fsgid=0 tty=(none) ses=4294967295 comm="(bunny-brlapi-)" exe="/usr/lib/systemd/systemd-executor" subj=system_u:system_r:kernel_t:s0 key=(null)
Aug 17 18:57:53 fedora audit: PROCTITLE proctitle="(bunny-brlapi-key)"
Aug 17 18:57:53 fedora systemd[1]: Finished systemd-update-utmp.service - Record System Boot/Shutdown in UTMP.
Aug 17 18:57:53 fedora audit[1]: SERVICE_START pid=1 uid=0 auid=4294967295 ses=4294967295 subj=system_u:system_r:kernel_t:s0 msg='unit=systemd-update-utmp comm="systemd" exe="/usr/lib/systemd/systemd" hostname=? addr=? terminal=? res=success'
Aug 17 18:57:53 fedora audit[1117]: AVC avc:  denied  { remount } for  pid=1117 comm="(bunny-brlapi-)" scontext=system_u:system_r:kernel_t:s0 tcontext=system_u:object_r:sysfs_t:s0 tclass=filesystem permissive=1
Aug 17 18:57:53 fedora audit[1117]: SYSCALL arch=c000003e syscall=165 success=yes exit=0 a0=0 a1=7fff7966c350 a2=0 a3=102e items=0 ppid=1 pid=1117 auid=4294967295 uid=0 gid=0 euid=0 suid=0 fsuid=0 egid=0 sgid=0 fsgid=0 tty=(none) ses=4294967295 comm="(bunny-brlapi-)" exe="/usr/lib/systemd/systemd-executor" subj=system_u:system_r:kernel_t:s0 key=(null)
Aug 17 18:57:53 fedora audit: PROCTITLE proctitle="(bunny-brlapi-key)"
Aug 17 18:57:53 fedora audit[1117]: AVC avc:  denied  { remount } for  pid=1117 comm="(bunny-brlapi-)" scontext=system_u:system_r:kernel_t:s0 tcontext=system_u:object_r:configfs_t:s0 tclass=filesystem permissive=1
Aug 17 18:57:53 fedora audit[1117]: SYSCALL arch=c000003e syscall=165 success=yes exit=0 a0=0 a1=7fff7966c350 a2=0 a3=102e items=0 ppid=1 pid=1117 auid=4294967295 uid=0 gid=0 euid=0 suid=0 fsuid=0 egid=0 sgid=0 fsgid=0 tty=(none) ses=4294967295 comm="(bunny-brlapi-)" exe="/usr/lib/systemd/systemd-executor" subj=system_u:system_r:kernel_t:s0 key=(null)
Aug 17 18:57:53 fedora audit: PROCTITLE proctitle="(bunny-brlapi-key)"
Aug 17 18:57:53 fedora audit[1117]: AVC avc:  denied  { remount } for  pid=1117 comm="(bunny-brlapi-)" scontext=system_u:system_r:kernel_t:s0 tcontext=system_u:object_r:security_t:s0 tclass=filesystem permissive=1
Aug 17 18:57:53 fedora audit[1117]: SYSCALL arch=c000003e syscall=165 success=yes exit=0 a0=0 a1=7fff7966c350 a2=0 a3=102a items=0 ppid=1 pid=1117 auid=4294967295 uid=0 gid=0 euid=0 suid=0 fsuid=0 egid=0 sgid=0 fsgid=0 tty=(none) ses=4294967295 comm="(bunny-brlapi-)" exe="/usr/lib/systemd/systemd-executor" subj=system_u:system_r:kernel_t:s0 key=(null)
Aug 17 18:57:53 fedora audit: PROCTITLE proctitle="(bunny-brlapi-key)"
Aug 17 18:57:53 fedora audit[1117]: AVC avc:  denied  { remount } for  pid=1117 comm="(bunny-brlapi-)" scontext=system_u:system_r:kernel_t:s0 tcontext=system_u:object_r:fusefs_t:s0 tclass=filesystem permissive=1
Aug 17 18:57:53 fedora audit[1117]: SYSCALL arch=c000003e syscall=165 success=yes exit=0 a0=0 a1=7fff7966c350 a2=0 a3=102e items=0 ppid=1 pid=1117 auid=4294967295 uid=0 gid=0 euid=0 suid=0 fsuid=0 egid=0 sgid=0 fsgid=0 tty=(none) ses=4294967295 comm="(bunny-brlapi-)" exe="/usr/lib/systemd/systemd-executor" subj=system_u:system_r:kernel_t:s0 key=(null)
Aug 17 18:57:53 fedora audit: PROCTITLE proctitle="(bunny-brlapi-key)"
Aug 17 18:57:53 fedora audit[1117]: AVC avc:  denied  { remount } for  pid=1117 comm="(bunny-brlapi-)" scontext=system_u:system_r:kernel_t:s0 tcontext=system_u:object_r:bpf_t:s0 tclass=filesystem permissive=1
Aug 17 18:57:53 fedora audit[1117]: SYSCALL arch=c000003e syscall=165 success=yes exit=0 a0=0 a1=7fff7966c350 a2=0 a3=102e items=0 ppid=1 pid=1117 auid=4294967295 uid=0 gid=0 euid=0 suid=0 fsuid=0 egid=0 sgid=0 fsgid=0 tty=(none) ses=4294967295 comm="(bunny-brlapi-)" exe="/usr/lib/systemd/systemd-executor" subj=system_u:system_r:kernel_t:s0 key=(null)
Aug 17 18:57:53 fedora audit: PROCTITLE proctitle="(bunny-brlapi-key)"
Aug 17 18:57:53 fedora audit[1117]: AVC avc:  denied  { remount } for  pid=1117 comm="(bunny-brlapi-)" scontext=system_u:system_r:kernel_t:s0 tcontext=system_u:object_r:pstore_t:s0 tclass=filesystem permissive=1
Aug 17 18:57:53 fedora audit[1117]: SYSCALL arch=c000003e syscall=165 success=yes exit=0 a0=0 a1=7fff7966c350 a2=0 a3=102e items=0 ppid=1 pid=1117 auid=4294967295 uid=0 gid=0 euid=0 suid=0 fsuid=0 egid=0 sgid=0 fsgid=0 tty=(none) ses=4294967295 comm="(bunny-brlapi-)" exe="/usr/lib/systemd/systemd-executor" subj=system_u:system_r:kernel_t:s0 key=(null)
Aug 17 18:57:53 fedora audit: PROCTITLE proctitle="(bunny-brlapi-key)"
Aug 17 18:57:53 fedora audit[1117]: AVC avc:  denied  { remount } for  pid=1117 comm="(bunny-brlapi-)" scontext=system_u:system_r:kernel_t:s0 tcontext=system_u:object_r:efivarfs_t:s0 tclass=filesystem permissive=1
Aug 17 18:57:53 fedora audit[1117]: SYSCALL arch=c000003e syscall=165 success=yes exit=0 a0=0 a1=7fff7966c350 a2=0 a3=102e items=0 ppid=1 pid=1117 auid=4294967295 uid=0 gid=0 euid=0 suid=0 fsuid=0 egid=0 sgid=0 fsgid=0 tty=(none) ses=4294967295 comm="(bunny-brlapi-)" exe="/usr/lib/systemd/systemd-executor" subj=system_u:system_r:kernel_t:s0 key=(null)
Aug 17 18:57:53 fedora audit: PROCTITLE proctitle="(bunny-brlapi-key)"
Aug 17 18:57:53 fedora systemd[1]: Finished systemd-journal-catalog-update.service - Rebuild Journal Catalog.
Aug 17 18:57:53 fedora audit[1]: SERVICE_START pid=1 uid=0 auid=4294967295 ses=4294967295 subj=system_u:system_r:kernel_t:s0 msg='unit=systemd-journal-catalog-update comm="systemd" exe="/usr/lib/systemd/systemd" hostname=? addr=? terminal=? res=success'
Aug 17 18:57:53 fedora kernel: intel_rapl_msr: PL4 support detected (updated).
Aug 17 18:57:54 fedora bunny-brlapi-key[1117]: generated /etc/brlapi.key (128-bit key, mode 0640, group brlapi)
Aug 17 18:57:54 fedora systemd[1]: Finished bunny-brlapi-key.service - Generate the per-device BrlAPI authorisation key.
Aug 17 18:57:54 fedora audit[1]: SERVICE_START pid=1 uid=0 auid=4294967295 ses=4294967295 subj=system_u:system_r:kernel_t:s0 msg='unit=bunny-brlapi-key comm="systemd" exe="/usr/lib/systemd/systemd" hostname=? addr=? terminal=? res=success'
Aug 17 18:57:54 fedora systemd[1]: Mounting proc-sys-fs-binfmt_misc.mount - Arbitrary Executable File Formats File System...
Aug 17 18:57:54 fedora audit[1133]: AVC avc:  denied  { mounton } for  pid=1133 comm="mount" path="/proc/sys/fs/binfmt_misc" dev="autofs" ino=10633 scontext=system_u:system_r:kernel_t:s0 tcontext=system_u:object_r:autofs_t:s0 tclass=dir permissive=1
Aug 17 18:57:54 fedora audit[1133]: SYSCALL arch=c000003e syscall=429 success=yes exit=0 a0=4 a1=7f4e66a22ebb a2=ffffff9c a3=5628219165e0 items=0 ppid=1 pid=1133 auid=4294967295 uid=0 gid=0 euid=0 suid=0 fsuid=0 egid=0 sgid=0 fsgid=0 tty=(none) ses=4294967295 comm="mount" exe="/usr/bin/mount" subj=system_u:system_r:kernel_t:s0 key=(null)
Aug 17 18:57:54 fedora audit: PROCTITLE proctitle=2F7573722F62696E2F6D6F756E740062696E666D745F6D697363002F70726F632F7379732F66732F62696E666D745F6D697363002D740062696E666D745F6D697363002D6F006E6F737569642C6E6F6465762C6E6F65786563
Aug 17 18:57:54 fedora systemd[1]: Mounted proc-sys-fs-binfmt_misc.mount - Arbitrary Executable File Formats File System.
Aug 17 18:57:54 fedora systemd[1]: Finished systemd-binfmt.service - Set Up Additional Binary Formats.
Aug 17 18:57:54 fedora audit[1]: SERVICE_START pid=1 uid=0 auid=4294967295 ses=4294967295 subj=system_u:system_r:kernel_t:s0 msg='unit=systemd-binfmt comm="systemd" exe="/usr/lib/systemd/systemd" hostname=? addr=? terminal=? res=success'
Aug 17 18:57:57 fedora systemd[1]: Finished ldconfig.service - Rebuild Dynamic Linker Cache.
Aug 17 18:57:57 fedora audit[1]: SERVICE_START pid=1 uid=0 auid=4294967295 ses=4294967295 subj=system_u:system_r:kernel_t:s0 msg='unit=ldconfig comm="systemd" exe="/usr/lib/systemd/systemd" hostname=? addr=? terminal=? res=success'
Aug 17 18:57:57 fedora kernel: kauditd_printk_skb: 244 callbacks suppressed
Aug 17 18:57:57 fedora kernel: audit: type=1130 audit(1786993077.751:172): pid=1 uid=0 auid=4294967295 ses=4294967295 subj=system_u:system_r:kernel_t:s0 msg='unit=ldconfig comm="systemd" exe="/usr/lib/systemd/systemd" hostname=? addr=? terminal=? res=success'
Aug 17 18:57:57 fedora systemd[1]: Starting systemd-update-done.service - Update is Completed...
Aug 17 18:57:57 fedora systemd[1]: Finished systemd-update-done.service - Update is Completed.
Aug 17 18:57:57 fedora audit[1]: SERVICE_START pid=1 uid=0 auid=4294967295 ses=4294967295 subj=system_u:system_r:kernel_t:s0 msg='unit=systemd-update-done comm="systemd" exe="/usr/lib/systemd/systemd" hostname=? addr=? terminal=? res=success'
Aug 17 18:57:57 fedora systemd[1]: Reached target sysinit.target - System Initialization.
Aug 17 18:57:57 fedora systemd[1]: Started cups.path - CUPS Scheduler.
Aug 17 18:57:57 fedora systemd[1]: Started lvm-devices-import.path - lvm-devices-import to create system.devices.
Aug 17 18:57:57 fedora systemd[1]: bootc-fetch-apply-updates.timer - Apply bootc updates skipped, unmet condition check ConditionPathExists=/run/ostree-booted
Aug 17 18:57:57 fedora systemd[1]: Started fstrim.timer - Discard unused filesystem blocks once a week.
Aug 17 18:57:57 fedora kernel: audit: type=1130 audit(1786993077.770:173): pid=1 uid=0 auid=4294967295 ses=4294967295 subj=system_u:system_r:kernel_t:s0 msg='unit=systemd-update-done comm="systemd" exe="/usr/lib/systemd/systemd" hostname=? addr=? terminal=? res=success'
Aug 17 18:57:57 fedora systemd[1]: Started logrotate.timer - Daily rotation of log files.
Aug 17 18:57:57 fedora systemd[1]: Started raid-check.timer - Weekly RAID setup health check.
Aug 17 18:57:57 fedora systemd[1]: rpm-ostree-countme.timer - Weekly rpm-ostree Count Me timer skipped, unmet condition check ConditionPathExists=/run/ostree-booted
Aug 17 18:57:57 fedora systemd[1]: Started systemd-tmpfiles-clean.timer - Daily Cleanup of Temporary Directories.
Aug 17 18:57:57 fedora systemd[1]: Started unbound-anchor.timer - daily update of the root trust anchor for DNSSEC.
Aug 17 18:57:57 fedora systemd[1]: Reached target paths.target - Path Units.
Aug 17 18:57:57 fedora systemd[1]: Reached target timers.target - Timer Units.
Aug 17 18:57:57 fedora systemd[1]: Listening on avahi-daemon.socket - Avahi mDNS/DNS-SD Stack Activation Socket.
Aug 17 18:57:57 fedora systemd[1]: Listening on bunny-system-broker.socket - Bunny OS local privileged broker socket.
Aug 17 18:57:57 fedora systemd[1]: Listening on cups.socket - CUPS Scheduler.
Aug 17 18:57:57 fedora systemd[1]: Listening on dbus.socket - D-Bus System Message Bus Socket.
Aug 17 18:57:57 fedora systemd[1]: Listening on iscsid.socket - Open-iSCSI iscsid Socket.
Aug 17 18:57:57 fedora systemd[1]: Listening on iscsiuio.socket - Open-iSCSI iscsiuio Socket.
Aug 17 18:57:57 fedora systemd[1]: Listening on sshd-unix-local.socket - OpenSSH Server Socket (systemd-ssh-generator, AF_UNIX Local).
Aug 17 18:57:57 fedora systemd[1]: Starting sshd-vsock.socket - OpenSSH Server Socket (systemd-ssh-generator, AF_VSOCK)...
Aug 17 18:57:57 fedora systemd[1]: Listening on systemd-hostnamed.socket - Hostname Service Socket.
Aug 17 18:57:57 fedora systemd[1]: Listening on systemd-logind-varlink.socket - User Login Management Varlink Socket.
Aug 17 18:57:57 fedora systemd[1]: bootc-generic-growpart.service - Bootc Fallback Root Filesystem Grow skipped, unmet condition check ConditionPathIsMountPoint=/sysroot
Aug 17 18:57:57 fedora audit: BPF prog-id=63 op=LOAD
Aug 17 18:57:57 fedora kernel: audit: type=1334 audit(1786993077.788:174): prog-id=63 op=LOAD
Aug 17 18:57:57 fedora systemd[1]: Starting dbus-broker.service - D-Bus System Message Bus...
Aug 17 18:57:57 fedora systemd[1]: rpmdb-rebuild.service - RPM database rebuild skipped, unmet condition check ConditionPathExists=/usr/lib/sysimage/rpm/.rebuilddb
Aug 17 18:57:57 fedora systemd[1]: systemd-pcrphase-sysinit.service - TPM PCR Barrier (Initialization) skipped, unmet condition check ConditionSecurity=measured-uki
Aug 17 18:57:57 fedora systemd[1]: Listening on sshd-vsock.socket - OpenSSH Server Socket (systemd-ssh-generator, AF_VSOCK).
Aug 17 18:57:57 fedora systemd[1]: Reached target sockets.target - Socket Units.
Aug 17 18:57:57 fedora systemd[1]: Reached target ssh-access.target - SSH Access Available.
Aug 17 18:57:57 fedora dbus-broker-launch[1141]: Looking up NSS user entry for 'dbus'...
Aug 17 18:57:57 fedora dbus-broker-launch[1141]: NSS returned NAME 'dbus' and UID '81'
Aug 17 18:57:57 fedora dbus-broker-launch[1141]: Looking up NSS user entry for 'avahi'...
Aug 17 18:57:57 fedora dbus-broker-launch[1141]: NSS returned NAME 'avahi' and UID '70'
Aug 17 18:57:57 fedora dbus-broker-launch[1141]: Looking up NSS group entry for 'avahi'...
Aug 17 18:57:57 fedora dbus-broker-launch[1141]: NSS returned NAME 'avahi' and GID '70'
Aug 17 18:57:57 fedora dbus-broker-launch[1141]: Looking up NSS user entry for 'passim'...
Aug 17 18:57:57 fedora dbus-broker-launch[1141]: NSS returned NAME 'passim' and UID '980'
Aug 17 18:57:57 fedora dbus-broker-launch[1141]: Looking up NSS user entry for 'polkitd'...
Aug 17 18:57:57 fedora dbus-broker-launch[1141]: NSS returned NAME 'polkitd' and UID '999'
Aug 17 18:57:57 fedora dbus-broker-launch[1141]: Looking up NSS user entry for 'systemd-oom'...
Aug 17 18:57:57 fedora dbus-broker-launch[1141]: NSS returned NAME 'systemd-oom' and UID '977'
Aug 17 18:57:57 fedora dbus-broker-launch[1141]: Looking up NSS user entry for 'systemd-resolve'...
Aug 17 18:57:57 fedora dbus-broker-launch[1141]: NSS returned NAME 'systemd-resolve' and UID '990'
Aug 17 18:57:57 fedora dbus-broker-launch[1141]: Looking up NSS user entry for 'systemd-timesync'...
Aug 17 18:57:57 fedora dbus-broker-launch[1141]: NSS returned NAME 'systemd-timesync' and UID '993'
Aug 17 18:57:57 fedora audit[1]: SERVICE_START pid=1 uid=0 auid=4294967295 ses=4294967295 subj=system_u:system_r:kernel_t:s0 msg='unit=dbus-broker comm="systemd" exe="/usr/lib/systemd/systemd" hostname=? addr=? terminal=? res=success'
Aug 17 18:57:57 fedora systemd[1]: Started dbus-broker.service - D-Bus System Message Bus.
Aug 17 18:57:57 fedora systemd[1]: Reached target basic.target - Basic System.
Aug 17 18:57:57 fedora kernel: audit: type=1130 audit(1786993077.844:175): pid=1 uid=0 auid=4294967295 ses=4294967295 subj=system_u:system_r:kernel_t:s0 msg='unit=dbus-broker comm="systemd" exe="/usr/lib/systemd/systemd" hostname=? addr=? terminal=? res=success'
Aug 17 18:57:57 fedora systemd[1]: Starting authselect-apply-changes.service - Apply authselect changes...
Aug 17 18:57:57 fedora systemd[1]: Starting avahi-daemon.service - Avahi mDNS/DNS-SD Stack...
Aug 17 18:57:57 fedora systemd[1]: Starting bootloader-update.service - Update bootloader on boot...
Aug 17 18:57:57 fedora audit: BPF prog-id=64 op=LOAD
Aug 17 18:57:57 fedora systemd[1]: Starting bunny-health-check.service - Bunny OS boot health check...
Aug 17 18:57:57 fedora kernel: audit: type=1334 audit(1786993077.853:176): prog-id=64 op=LOAD
Aug 17 18:57:57 fedora systemd[1]: Starting bunny-live-session.service - Prepare the ephemeral Bunny OS live session...
Aug 17 18:57:57 fedora systemd[1]: Starting dracut-shutdown.service - Restore /run/initramfs on shutdown...
Aug 17 18:57:57 fedora audit: BPF prog-id=65 op=LOAD
Aug 17 18:57:57 fedora kernel: audit: type=1334 audit(1786993077.862:177): prog-id=65 op=LOAD
Aug 17 18:57:57 fedora audit[1148]: AVC avc:  denied  { create } for  pid=1148 comm="(bunny-live-se)" scontext=system_u:system_r:kernel_t:s0 tcontext=system_u:system_r:kernel_t:s0 tclass=user_namespace permissive=1
Aug 17 18:57:57 fedora audit[1148]: SYSCALL arch=c000003e syscall=56 success=yes exit=1150 a0=10000011 a1=0 a2=0 a3=7ffc4c03dd20 items=0 ppid=1 pid=1148 auid=4294967295 uid=0 gid=0 euid=0 suid=0 fsuid=0 egid=0 sgid=0 fsgid=0 tty=(none) ses=4294967295 comm="(bunny-live-se)" exe="/usr/lib/systemd/systemd-executor" subj=system_u:system_r:kernel_t:s0 key=(null)
Aug 17 18:57:57 fedora audit: PROCTITLE proctitle="(bunny-live-session)"
Aug 17 18:57:57 fedora kernel: audit: type=1400 audit(1786993077.864:178): avc:  denied  { create } for  pid=1148 comm="(bunny-live-se)" scontext=system_u:system_r:kernel_t:s0 tcontext=system_u:system_r:kernel_t:s0 tclass=user_namespace permissive=1
Aug 17 18:57:57 fedora kernel: audit: type=1300 audit(1786993077.864:178): arch=c000003e syscall=56 success=yes exit=1150 a0=10000011 a1=0 a2=0 a3=7ffc4c03dd20 items=0 ppid=1 pid=1148 auid=4294967295 uid=0 gid=0 euid=0 suid=0 fsuid=0 egid=0 sgid=0 fsgid=0 tty=(none) ses=4294967295 comm="(bunny-live-se)" exe="/usr/lib/systemd/systemd-executor" subj=system_u:system_r:kernel_t:s0 key=(null)
Aug 17 18:57:57 fedora kernel: audit: type=1327 audit(1786993077.864:178): proctitle="(bunny-live-session)"
Aug 17 18:57:57 fedora audit[1148]: AVC avc:  denied  { mounton } for  pid=1148 comm="(bunny-live-se)" path="/run/systemd/mount-rootfs/dev/kmsg" dev="devtmpfs" ino=10 scontext=system_u:system_r:kernel_t:s0 tcontext=system_u:object_r:kmsg_device_t:s0 tclass=chr_file permissive=1
Aug 17 18:57:57 fedora audit[1148]: SYSCALL arch=c000003e syscall=165 success=yes exit=0 a0=55f5d16b8720 a1=7ffc4c03d790 a2=0 a3=5000 items=1 ppid=1 pid=1148 auid=4294967295 uid=0 gid=0 euid=0 suid=0 fsuid=0 egid=0 sgid=0 fsgid=0 tty=(none) ses=4294967295 comm="(bunny-live-se)" exe="/usr/lib/systemd/systemd-executor" subj=system_u:system_r:kernel_t:s0 key=(null)
Aug 17 18:57:57 fedora audit: CWD cwd="/"
Aug 17 18:57:57 fedora audit: PATH item=0 name="/run/systemd/inaccessible/chr" inode=11 dev=00:1d mode=020000 ouid=0 ogid=0 rdev=00:00 obj=system_u:object_r:init_var_run_t:s0 nametype=NORMAL cap_fp=0 cap_fi=0 cap_fe=0 cap_fver=0 cap_frootid=0
Aug 17 18:57:57 fedora audit: PROCTITLE proctitle="(bunny-live-session)"
Aug 17 18:57:57 fedora kernel: audit: type=1400 audit(1786993077.867:179): avc:  denied  { mounton } for  pid=1148 comm="(bunny-live-se)" path="/run/systemd/mount-rootfs/dev/kmsg" dev="devtmpfs" ino=10 scontext=system_u:system_r:kernel_t:s0 tcontext=system_u:object_r:kmsg_device_t:s0 tclass=chr_file permissive=1
Aug 17 18:57:57 fedora audit[1147]: AVC avc:  denied  { mounton } for  pid=1147 comm="(bunny-health-)" path="/run/systemd/mount-rootfs/var/lib/bunny" dev="overlay" ino=224 scontext=system_u:system_r:kernel_t:s0 tcontext=system_u:object_r:var_lib_t:s0 tclass=dir permissive=1
Aug 17 18:57:57 fedora audit[1147]: SYSCALL arch=c000003e syscall=165 success=yes exit=0 a0=5580acb17700 a1=7ffdfbf9f970 a2=0 a3=5000 items=1 ppid=1 pid=1147 auid=4294967295 uid=0 gid=0 euid=0 suid=0 fsuid=0 egid=0 sgid=0 fsgid=0 tty=(none) ses=4294967295 comm="(bunny-health-)" exe="/usr/lib/systemd/systemd-executor" subj=system_u:system_r:kernel_t:s0 key=(null)
Aug 17 18:57:57 fedora audit: CWD cwd="/"
Aug 17 18:57:57 fedora audit: PATH item=0 name="/run/systemd/mount-rootfs/var/lib/bunny" inode=224 dev=00:24 mode=040711 ouid=0 ogid=0 rdev=00:00 obj=system_u:object_r:var_lib_t:s0 nametype=NORMAL cap_fp=0 cap_fi=0 cap_fe=0 cap_fver=0 cap_frootid=0
Aug 17 18:57:57 fedora audit: PROCTITLE proctitle="(bunny-health-check)"
Aug 17 18:57:57 fedora audit[1147]: AVC avc:  denied  { remount } for  pid=1147 comm="(bunny-health-)" scontext=system_u:system_r:kernel_t:s0 tcontext=system_u:object_r:iso9660_t:s0 tclass=filesystem permissive=1
Aug 17 18:57:57 fedora audit[1147]: SYSCALL arch=c000003e syscall=165 success=yes exit=0 a0=0 a1=7ffdfbf9fa50 a2=0 a3=1021 items=0 ppid=1 pid=1147 auid=4294967295 uid=0 gid=0 euid=0 suid=0 fsuid=0 egid=0 sgid=0 fsgid=0 tty=(none) ses=4294967295 comm="(bunny-health-)" exe="/usr/lib/systemd/systemd-executor" subj=system_u:system_r:kernel_t:s0 key=(null)
Aug 17 18:57:57 fedora audit: PROCTITLE proctitle="(bunny-health-check)"
Aug 17 18:57:57 fedora audit[1147]: AVC avc:  denied  { remount } for  pid=1147 comm="(bunny-health-)" scontext=system_u:system_r:kernel_t:s0 tcontext=system_u:object_r:rpc_pipefs_t:s0 tclass=filesystem permissive=1
Aug 17 18:57:57 fedora audit[1147]: SYSCALL arch=c000003e syscall=165 success=yes exit=0 a0=0 a1=7ffdfbf9fa50 a2=0 a3=1021 items=0 ppid=1 pid=1147 auid=4294967295 uid=0 gid=0 euid=0 suid=0 fsuid=0 egid=0 sgid=0 fsgid=0 tty=(none) ses=4294967295 comm="(bunny-health-)" exe="/usr/lib/systemd/systemd-executor" subj=system_u:system_r:kernel_t:s0 key=(null)
Aug 17 18:57:57 fedora audit: PROCTITLE proctitle="(bunny-health-check)"
Aug 17 18:57:57 fedora audit[1]: SERVICE_START pid=1 uid=0 auid=4294967295 ses=4294967295 subj=system_u:system_r:kernel_t:s0 msg='unit=firewalld comm="systemd" exe="/usr/lib/systemd/systemd" hostname=? addr=? terminal=? res=success'
Aug 17 18:57:57 fedora systemd[1]: Started firewalld.service - firewalld - dynamic firewall daemon.
Aug 17 18:57:57 fedora systemd[1]: Reached target network-pre.target - Preparation for Network.
Aug 17 18:57:57 fedora systemd[1]: Starting NetworkManager.service - Network Manager...
Aug 17 18:57:57 fedora dbus-broker-launch[1141]: Ready
Aug 17 18:57:57 fedora audit[1143]: USER_AVC pid=1143 uid=81 auid=4294967295 ses=4294967295 subj=system_u:system_r:kernel_t:s0 msg='avc:  denied  { send_msg } for  scontext=system_u:system_r:kernel_t:s0 tcontext=system_u:system_r:kernel_t:s0 tclass=dbus permissive=1 exe="/usr/bin/dbus-broker" sauid=81 hostname=? addr=? terminal=?'
Aug 17 18:57:57 fedora audit[1143]: USER_AVC pid=1143 uid=81 auid=4294967295 ses=4294967295 subj=system_u:system_r:kernel_t:s0 msg='avc:  denied  { acquire_svc } for  scontext=system_u:system_r:kernel_t:s0 tcontext=system_u:system_r:kernel_t:s0 tclass=dbus permissive=1 exe="/usr/bin/dbus-broker" sauid=81 hostname=? addr=? terminal=?'
Aug 17 18:57:57 fedora audit[1148]: AVC avc:  denied  { mounton } for  pid=1148 comm="(bunny-live-se)" path="/run/systemd/mount-rootfs/proc/sys/fs/binfmt_misc" dev="proc" ino=16439 scontext=system_u:system_r:kernel_t:s0 tcontext=system_u:object_r:sysctl_fs_t:s0 tclass=dir permissive=1
Aug 17 18:57:57 fedora audit[1148]: SYSCALL arch=c000003e syscall=165 success=yes exit=0 a0=7ffc4c03d820 a1=55f5d16b6390 a2=0 a3=5000 items=1 ppid=1 pid=1148 auid=4294967295 uid=0 gid=0 euid=0 suid=0 fsuid=0 egid=0 sgid=0 fsgid=0 tty=(none) ses=4294967295 comm="(bunny-live-se)" exe="/usr/lib/systemd/systemd-executor" subj=system_u:system_r:kernel_t:s0 key=(null)
Aug 17 18:57:57 fedora audit: CWD cwd="/"
Aug 17 18:57:57 fedora audit: PATH item=0 name="/proc/self/fd/4" inode=1 dev=00:36 mode=040755 ouid=0 ogid=0 rdev=00:00 obj=system_u:object_r:binfmt_misc_fs_t:s0 nametype=NORMAL cap_fp=0 cap_fi=0 cap_fe=0 cap_fver=0 cap_frootid=0
Aug 17 18:57:57 fedora audit: PROCTITLE proctitle="(bunny-live-session)"
Aug 17 18:57:57 fedora audit[1148]: AVC avc:  denied  { mounton } for  pid=1148 comm="(bunny-live-se)" path="/run/systemd/mount-rootfs/proc/acpi" dev="proc" ino=4026531997 scontext=system_u:system_r:kernel_t:s0 tcontext=system_u:object_r:proc_t:s0 tclass=dir permissive=1
Aug 17 18:57:57 fedora audit[1148]: SYSCALL arch=c000003e syscall=165 success=yes exit=0 a0=55f5d16b5cb0 a1=7ffc4c03d790 a2=0 a3=5000 items=1 ppid=1 pid=1148 auid=4294967295 uid=0 gid=0 euid=0 suid=0 fsuid=0 egid=0 sgid=0 fsgid=0 tty=(none) ses=4294967295 comm="(bunny-live-se)" exe="/usr/lib/systemd/systemd-executor" subj=system_u:system_r:kernel_t:s0 key=(null)
Aug 17 18:57:57 fedora audit: CWD cwd="/"
Aug 17 18:57:57 fedora audit: PATH item=0 name="/run/systemd/mount-rootfs/proc/acpi" inode=4026531997 dev=00:3a mode=040555 ouid=0 ogid=0 rdev=00:00 obj=system_u:object_r:proc_t:s0 nametype=NORMAL cap_fp=0 cap_fi=0 cap_fe=0 cap_fver=0 cap_frootid=0
Aug 17 18:57:57 fedora audit: PROCTITLE proctitle="(bunny-live-session)"
Aug 17 18:57:57 fedora audit[1148]: AVC avc:  denied  { getattr } for  pid=1148 comm="(bunny-live-se)" path="/run/systemd/mount-rootfs/proc/irq" dev="proc" ino=4026531861 scontext=system_u:system_r:kernel_t:s0 tcontext=system_u:object_r:sysctl_irq_t:s0 tclass=dir permissive=1
Aug 17 18:57:57 fedora audit[1148]: SYSCALL arch=c000003e syscall=5 success=yes exit=0 a0=5 a1=7ffc4c03d730 a2=80100 a3=21 items=0 ppid=1 pid=1148 auid=4294967295 uid=0 gid=0 euid=0 suid=0 fsuid=0 egid=0 sgid=0 fsgid=0 tty=(none) ses=4294967295 comm="(bunny-live-se)" exe="/usr/lib/systemd/systemd-executor" subj=system_u:system_r:kernel_t:s0 key=(null)
Aug 17 18:57:57 fedora audit: PROCTITLE proctitle="(bunny-live-session)"
Aug 17 18:57:57 fedora audit[1148]: AVC avc:  denied  { mounton } for  pid=1148 comm="(bunny-live-se)" path="/run/systemd/mount-rootfs/proc/irq" dev="proc" ino=4026531861 scontext=system_u:system_r:kernel_t:s0 tcontext=system_u:object_r:sysctl_irq_t:s0 tclass=dir permissive=1
Aug 17 18:57:57 fedora audit[1148]: SYSCALL arch=c000003e syscall=165 success=yes exit=0 a0=55f5d16b5e40 a1=7ffc4c03d790 a2=0 a3=5000 items=1 ppid=1 pid=1148 auid=4294967295 uid=0 gid=0 euid=0 suid=0 fsuid=0 egid=0 sgid=0 fsgid=0 tty=(none) ses=4294967295 comm="(bunny-live-se)" exe="/usr/lib/systemd/systemd-executor" subj=system_u:system_r:kernel_t:s0 key=(null)
Aug 17 18:57:57 fedora audit: CWD cwd="/"
Aug 17 18:57:57 fedora audit: PATH item=0 name="/run/systemd/mount-rootfs/proc/irq" inode=4026531861 dev=00:3a mode=040555 ouid=0 ogid=0 rdev=00:00 obj=system_u:object_r:sysctl_irq_t:s0 nametype=NORMAL cap_fp=0 cap_fi=0 cap_fe=0 cap_fver=0 cap_frootid=0
Aug 17 18:57:57 fedora audit: PROCTITLE proctitle="(bunny-live-session)"
Aug 17 18:57:57 fedora audit[1148]: AVC avc:  denied  { mounton } for  pid=1148 comm="(bunny-live-se)" path="/run/systemd/mount-rootfs/proc/kmsg" dev="proc" ino=4026532027 scontext=system_u:system_r:kernel_t:s0 tcontext=system_u:object_r:proc_kmsg_t:s0 tclass=file permissive=1
Aug 17 18:57:57 fedora audit[1148]: SYSCALL arch=c000003e syscall=165 success=yes exit=0 a0=55f5d16b8030 a1=7ffc4c03d790 a2=0 a3=5000 items=1 ppid=1 pid=1148 auid=4294967295 uid=0 gid=0 euid=0 suid=0 fsuid=0 egid=0 sgid=0 fsgid=0 tty=(none) ses=4294967295 comm="(bunny-live-se)" exe="/usr/lib/systemd/systemd-executor" subj=system_u:system_r:kernel_t:s0 key=(null)
Aug 17 18:57:57 fedora audit: CWD cwd="/"
Aug 17 18:57:57 fedora audit: PATH item=0 name="/run/systemd/inaccessible/reg" inode=7 dev=00:1d mode=0100000 ouid=0 ogid=0 rdev=00:00 obj=system_u:object_r:init_var_run_t:s0 nametype=NORMAL cap_fp=0 cap_fi=0 cap_fe=0 cap_fver=0 cap_frootid=0
Aug 17 18:57:57 fedora audit: PROCTITLE proctitle="(bunny-live-session)"
Aug 17 18:57:57 fedora audit[1148]: AVC avc:  denied  { mounton } for  pid=1148 comm="(bunny-live-se)" path="/run/systemd/mount-rootfs/proc/sys" dev="proc" ino=4026531854 scontext=system_u:system_r:kernel_t:s0 tcontext=system_u:object_r:sysctl_t:s0 tclass=dir permissive=1
Aug 17 18:57:57 fedora audit[1148]: SYSCALL arch=c000003e syscall=165 success=yes exit=0 a0=55f5d16b6020 a1=7ffc4c03d790 a2=0 a3=5000 items=1 ppid=1 pid=1148 auid=4294967295 uid=0 gid=0 euid=0 suid=0 fsuid=0 egid=0 sgid=0 fsgid=0 tty=(none) ses=4294967295 comm="(bunny-live-se)" exe="/usr/lib/systemd/systemd-executor" subj=system_u:system_r:kernel_t:s0 key=(null)
Aug 17 18:57:57 fedora audit: CWD cwd="/"
Aug 17 18:57:57 fedora audit: PATH item=0 name="/run/systemd/mount-rootfs/proc/sys" inode=4026531854 dev=00:3a mode=040555 ouid=0 ogid=0 rdev=00:00 obj=system_u:object_r:sysctl_t:s0 nametype=NORMAL cap_fp=0 cap_fi=0 cap_fe=0 cap_fver=0 cap_frootid=0
Aug 17 18:57:57 fedora audit: PROCTITLE proctitle="(bunny-live-session)"
Aug 17 18:57:57 fedora audit[1148]: AVC avc:  denied  { mounton } for  pid=1148 comm="(bunny-live-se)" path="/run/systemd/mount-rootfs/sys/fs/cgroup/system.slice/bunny-live-session.service/memory.pressure" dev="cgroup2" ino=4234 scontext=system_u:system_r:kernel_t:s0 tcontext=system_u:object_r:cgroup_t:s0 tclass=file permissive=1
Aug 17 18:57:57 fedora audit[1148]: SYSCALL arch=c000003e syscall=165 success=yes exit=0 a0=55f5d16b5c20 a1=7ffc4c03d790 a2=0 a3=5000 items=1 ppid=1 pid=1148 auid=4294967295 uid=0 gid=0 euid=0 suid=0 fsuid=0 egid=0 sgid=0 fsgid=0 tty=(none) ses=4294967295 comm="(bunny-live-se)" exe="/usr/lib/systemd/systemd-executor" subj=system_u:system_r:kernel_t:s0 key=(null)
Aug 17 18:57:57 fedora audit: CWD cwd="/"
Aug 17 18:57:57 fedora audit: PATH item=0 name="/run/systemd/mount-rootfs/sys/fs/cgroup/system.slice/bunny-live-session.service/memory.pressure" inode=4234 dev=00:1e mode=0100644 ouid=0 ogid=0 rdev=00:00 obj=system_u:object_r:cgroup_t:s0 nametype=NORMAL cap_fp=0 cap_fi=0 cap_fe=0 cap_fver=0 cap_frootid=0
Aug 17 18:57:57 fedora audit: PROCTITLE proctitle="(bunny-live-session)"
Aug 17 18:57:57 fedora audit: BPF prog-id=66 op=LOAD
Aug 17 18:57:57 fedora systemd[1]: Starting flatpak-add-fedora-repos.service - Add Fedora flatpak repositories...
Aug 17 18:57:57 fedora audit: BPF prog-id=67 op=LOAD
Aug 17 18:57:57 fedora audit[1148]: AVC avc:  denied  { remount } for  pid=1148 comm="(bunny-live-se)" scontext=system_u:system_r:kernel_t:s0 tcontext=system_u:object_r:proc_t:s0 tclass=filesystem permissive=1
Aug 17 18:57:57 fedora audit[1148]: SYSCALL arch=c000003e syscall=165 success=yes exit=0 a0=0 a1=7ffc4c03d870 a2=0 a3=102f items=0 ppid=1 pid=1148 auid=4294967295 uid=0 gid=0 euid=0 suid=0 fsuid=0 egid=0 sgid=0 fsgid=0 tty=(none) ses=4294967295 comm="(bunny-live-se)" exe="/usr/lib/systemd/systemd-executor" subj=system_u:system_r:kernel_t:s0 key=(null)
Aug 17 18:57:57 fedora audit: PROCTITLE proctitle="(bunny-live-session)"
Aug 17 18:57:57 fedora audit[1148]: AVC avc:  denied  { remount } for  pid=1148 comm="(bunny-live-se)" scontext=system_u:system_r:kernel_t:s0 tcontext=system_u:object_r:binfmt_misc_fs_t:s0 tclass=filesystem permissive=1
Aug 17 18:57:57 fedora audit[1148]: SYSCALL arch=c000003e syscall=165 success=yes exit=0 a0=0 a1=7ffc4c03d870 a2=0 a3=102f items=0 ppid=1 pid=1148 auid=4294967295 uid=0 gid=0 euid=0 suid=0 fsuid=0 egid=0 sgid=0 fsgid=0 tty=(none) ses=4294967295 comm="(bunny-live-se)" exe="/usr/lib/systemd/systemd-executor" subj=system_u:system_r:kernel_t:s0 key=(null)
Aug 17 18:57:57 fedora audit: PROCTITLE proctitle="(bunny-live-session)"
Aug 17 18:57:57 fedora audit[1151]: AVC avc:  denied  { mounton } for  pid=1151 comm="(firewalld)" path="/run/systemd/mount-rootfs/proc/sys/kernel/domainname" dev="proc" ino=15154 scontext=system_u:system_r:kernel_t:s0 tcontext=system_u:object_r:sysctl_kernel_t:s0 tclass=file permissive=1
Aug 17 18:57:57 fedora audit[1151]: SYSCALL arch=c000003e syscall=165 success=yes exit=0 a0=55f742bf3af0 a1=7fff29c80720 a2=0 a3=5000 items=1 ppid=1 pid=1151 auid=4294967295 uid=0 gid=0 euid=0 suid=0 fsuid=0 egid=0 sgid=0 fsgid=0 tty=(none) ses=4294967295 comm="(firewalld)" exe="/usr/lib/systemd/systemd-executor" subj=system_u:system_r:kernel_t:s0 key=(null)
Aug 17 18:57:57 fedora audit: CWD cwd="/"
Aug 17 18:57:57 fedora audit: PATH item=0 name="/run/systemd/mount-rootfs/proc/sys/kernel/domainname" inode=15154 dev=00:3c mode=0100644 ouid=0 ogid=0 rdev=00:00 obj=system_u:object_r:sysctl_kernel_t:s0 nametype=NORMAL cap_fp=0 cap_fi=0 cap_fe=0 cap_fver=0 cap_frootid=0
Aug 17 18:57:57 fedora audit: PROCTITLE proctitle="(firewalld)"
Aug 17 18:57:57 fedora systemd[1]: Started irqbalance.service - irqbalance daemon.
Aug 17 18:57:57 fedora audit[1]: SERVICE_START pid=1 uid=0 auid=4294967295 ses=4294967295 subj=system_u:system_r:kernel_t:s0 msg='unit=irqbalance comm="systemd" exe="/usr/lib/systemd/systemd" hostname=? addr=? terminal=? res=success'
Aug 17 18:57:57 fedora systemd[1]: Starting lvm-devices-import.service - Create lvm system.devices...
Aug 17 18:57:57 fedora systemd[1]: mdmonitor.service - Software RAID monitoring and management skipped, unmet condition check ConditionPathExists=/etc/mdadm.conf
Aug 17 18:57:57 fedora systemd[1]: rpm-ostree-fix-shadow-mode.service - Update permissions for /etc/shadow skipped, unmet condition check ConditionKernelCommandLine=ostree
Aug 17 18:57:57 fedora systemd[1]: Starting rtkit-daemon.service - RealtimeKit Scheduling Policy Service...
Aug 17 18:57:57 fedora systemd[1]: smartd.service - Self Monitoring and Reporting Technology (SMART) Daemon skipped, unmet condition check ConditionVirtualization=no
Aug 17 18:57:57 fedora audit[1155]: AVC avc:  denied  { mounton } for  pid=1155 comm="(irqbalance)" path="/run/systemd/mount-rootfs/run/irqbalance" dev="tmpfs" ino=1867 scontext=system_u:system_r:kernel_t:s0 tcontext=system_u:object_r:irqbalance_var_run_t:s0 tclass=dir permissive=1
Aug 17 18:57:57 fedora audit[1155]: SYSCALL arch=c000003e syscall=165 success=yes exit=0 a0=56312c989610 a1=7ffd9d135a20 a2=0 a3=5000 items=1 ppid=1 pid=1155 auid=4294967295 uid=0 gid=0 euid=0 suid=0 fsuid=0 egid=0 sgid=0 fsgid=0 tty=(none) ses=4294967295 comm="(irqbalance)" exe="/usr/lib/systemd/systemd-executor" subj=system_u:system_r:kernel_t:s0 key=(null)
Aug 17 18:57:57 fedora audit: CWD cwd="/"
Aug 17 18:57:57 fedora audit: PATH item=0 name="/run/irqbalance" inode=1867 dev=00:1d mode=040755 ouid=0 ogid=0 rdev=00:00 obj=system_u:object_r:irqbalance_var_run_t:s0 nametype=NORMAL cap_fp=0 cap_fi=0 cap_fe=0 cap_fver=0 cap_frootid=0
Aug 17 18:57:57 fedora audit: PROCTITLE proctitle="(irqbalance)"
Aug 17 18:57:57 fedora systemd[1]: Starting ssh-host-keys-migration.service - Update OpenSSH host key permissions...
Aug 17 18:57:57 fedora systemd[1]: Starting sshd-keygen@ecdsa.service - OpenSSH ecdsa Server Key Generation...
Aug 17 18:57:57 fedora systemd[1]: Starting sshd-keygen@ed25519.service - OpenSSH ed25519 Server Key Generation...
Aug 17 18:57:57 fedora systemd[1]: Starting sshd-keygen@rsa.service - OpenSSH rsa Server Key Generation...
Aug 17 18:57:57 fedora audit[1155]: AVC avc:  denied  { setpcap } for  pid=1155 comm="(irqbalance)" capability=8  scontext=system_u:system_r:kernel_t:s0 tcontext=system_u:system_r:kernel_t:s0 tclass=cap_userns permissive=1
Aug 17 18:57:57 fedora audit[1155]: SYSCALL arch=c000003e syscall=157 success=yes exit=0 a0=18 a1=0 a2=0 a3=0 items=0 ppid=1 pid=1155 auid=4294967295 uid=0 gid=0 euid=0 suid=0 fsuid=0 egid=0 sgid=0 fsgid=0 tty=(none) ses=4294967295 comm="(irqbalance)" exe="/usr/lib/systemd/systemd-executor" subj=system_u:system_r:kernel_t:s0 key=(null)
Aug 17 18:57:57 fedora audit: PROCTITLE proctitle="(irqbalance)"
Aug 17 18:57:57 fedora vgimportdevices[1156]:   Root VG auto import is not enabled.
Aug 17 18:57:57 fedora systemd[1]: sssd.service - System Security Services Daemon skipped, no trigger condition checks were met.
Aug 17 18:57:57 fedora systemd[1]: Starting switcheroo-control.service - Switcheroo Control Proxy service...
Aug 17 18:57:57 fedora rtkit-daemon[1158]: Successfully called chroot.
Aug 17 18:57:57 fedora rtkit-daemon[1158]: Successfully dropped privileges.
Aug 17 18:57:57 fedora rtkit-daemon[1158]: Successfully limited resources.
Aug 17 18:57:57 fedora rtkit-daemon[1158]: Running.
Aug 17 18:57:57 fedora rtkit-daemon[1158]: Watchdog thread running.
Aug 17 18:57:57 fedora rtkit-daemon[1158]: Canary thread running.
Aug 17 18:57:57 fedora audit: BPF prog-id=68 op=LOAD
Aug 17 18:57:57 fedora systemd[1]: Starting systemd-homed.service - Home Area Manager...
Aug 17 18:57:57 fedora systemd[1]: Starting udisks2.service - Disk Manager...
Aug 17 18:57:57 fedora audit: BPF prog-id=69 op=LOAD
Aug 17 18:57:57 fedora audit: BPF prog-id=70 op=LOAD
Aug 17 18:57:57 fedora systemd[1]: Starting upower.service - Daemon for power management...
Aug 17 18:57:57 fedora audit[1155]: AVC avc:  denied  { search } for  pid=1155 comm="irqbalance" name="irq" dev="proc" ino=4026531861 scontext=system_u:system_r:kernel_t:s0 tcontext=system_u:object_r:sysctl_irq_t:s0 tclass=dir permissive=1
Aug 17 18:57:57 fedora audit[1155]: AVC avc:  denied  { search } for  pid=1155 comm="irqbalance" name="0" dev="proc" ino=4026531863 scontext=system_u:system_r:kernel_t:s0 tcontext=system_u:object_r:sysctl_irq_t:s0 tclass=dir permissive=1
Aug 17 18:57:57 fedora audit[1155]: AVC avc:  denied  { read } for  pid=1155 comm="irqbalance" name="node" dev="proc" ino=4026531867 scontext=system_u:system_r:kernel_t:s0 tcontext=system_u:object_r:sysctl_irq_t:s0 tclass=file permissive=1
Aug 17 18:57:57 fedora audit[1155]: AVC avc:  denied  { open } for  pid=1155 comm="irqbalance" path="/proc/irq/0/node" dev="proc" ino=4026531867 scontext=system_u:system_r:kernel_t:s0 tcontext=system_u:object_r:sysctl_irq_t:s0 tclass=file permissive=1
Aug 17 18:57:57 fedora audit[1155]: SYSCALL arch=c000003e syscall=257 success=yes exit=3 a0=ffffffffffffff9c a1=7ffc50aa64e0 a2=0 a3=0 items=1 ppid=1 pid=1155 auid=4294967295 uid=0 gid=0 euid=0 suid=0 fsuid=0 egid=0 sgid=0 fsgid=0 tty=(none) ses=4294967295 comm="irqbalance" exe="/usr/bin/irqbalance" subj=system_u:system_r:kernel_t:s0 key=(null)
Aug 17 18:57:57 fedora audit: CWD cwd="/"
Aug 17 18:57:57 fedora audit: PATH item=0 name="/proc/irq/0/node" inode=4026531867 dev=00:39 mode=0100444 ouid=0 ogid=0 rdev=00:00 obj=system_u:object_r:sysctl_irq_t:s0 nametype=NORMAL cap_fp=0 cap_fi=0 cap_fe=0 cap_fver=0 cap_frootid=0
Aug 17 18:57:57 fedora audit: PROCTITLE proctitle="(irqbalance)"
Aug 17 18:57:57 fedora audit[1155]: AVC avc:  denied  { getattr } for  pid=1155 comm="irqbalance" path="/proc/irq/0/node" dev="proc" ino=4026531867 scontext=system_u:system_r:kernel_t:s0 tcontext=system_u:object_r:sysctl_irq_t:s0 tclass=file permissive=1
Aug 17 18:57:57 fedora audit[1155]: SYSCALL arch=c000003e syscall=5 success=yes exit=0 a0=3 a1=7ffc50aa40b0 a2=7f8cf8594ec0 a3=0 items=0 ppid=1 pid=1155 auid=4294967295 uid=0 gid=0 euid=0 suid=0 fsuid=0 egid=0 sgid=0 fsgid=0 tty=(none) ses=4294967295 comm="irqbalance" exe="/usr/bin/irqbalance" subj=system_u:system_r:kernel_t:s0 key=(null)
Aug 17 18:57:57 fedora audit: PROCTITLE proctitle="(irqbalance)"
Aug 17 18:57:57 fedora audit[1155]: AVC avc:  denied  { create } for  pid=1155 comm="irqbalance" scontext=system_u:system_r:kernel_t:s0 tcontext=system_u:system_r:kernel_t:s0 tclass=netlink_generic_socket permissive=1
Aug 17 18:57:57 fedora audit[1155]: SYSCALL arch=c000003e syscall=41 success=yes exit=6 a0=10 a1=80003 a2=10 a3=7f8cf8596ac0 items=0 ppid=1 pid=1155 auid=4294967295 uid=0 gid=0 euid=0 suid=0 fsuid=0 egid=0 sgid=0 fsgid=0 tty=(none) ses=4294967295 comm="irqbalance" exe="/usr/bin/irqbalance" subj=system_u:system_r:kernel_t:s0 key=(null)
Aug 17 18:57:57 fedora audit: PROCTITLE proctitle="(irqbalance)"
Aug 17 18:57:57 fedora irqbalance[1155]: thermal: failed to receive messages.
Aug 17 18:57:57 fedora irqbalance[1155]: Failed to initialize thermal events.
Aug 17 18:57:57 fedora audit[1]: SERVICE_START pid=1 uid=0 auid=4294967295 ses=4294967295 subj=system_u:system_r:kernel_t:s0 msg='unit=dracut-shutdown comm="systemd" exe="/usr/lib/systemd/systemd" hostname=? addr=? terminal=? res=success'
Aug 17 18:57:57 fedora audit[1]: SERVICE_START pid=1 uid=0 auid=4294967295 ses=4294967295 subj=system_u:system_r:kernel_t:s0 msg='unit=lvm-devices-import comm="systemd" exe="/usr/lib/systemd/systemd" hostname=? addr=? terminal=? res=success'
Aug 17 18:57:57 fedora systemd[1]: Finished dracut-shutdown.service - Restore /run/initramfs on shutdown.
Aug 17 18:57:57 fedora systemd[1]: lvm-devices-import.service: Deactivated successfully.
Aug 17 18:57:57 fedora systemd[1]: Finished lvm-devices-import.service - Create lvm system.devices.
Aug 17 18:57:57 fedora audit[1]: SERVICE_STOP pid=1 uid=0 auid=4294967295 ses=4294967295 subj=system_u:system_r:kernel_t:s0 msg='unit=lvm-devices-import comm="systemd" exe="/usr/lib/systemd/systemd" hostname=? addr=? terminal=? res=success'
Aug 17 18:57:57 fedora flatpak[1153]: system: Added remote fedora to oci+https://registry.fedoraproject.org
Aug 17 18:57:57 fedora avahi-daemon[1145]: Found user 'avahi' (UID 70) and group 'avahi' (GID 70).
Aug 17 18:57:57 fedora audit[1]: SERVICE_START pid=1 uid=0 auid=4294967295 ses=4294967295 subj=system_u:system_r:kernel_t:s0 msg='unit=rtkit-daemon comm="systemd" exe="/usr/lib/systemd/systemd" hostname=? addr=? terminal=? res=success'
Aug 17 18:57:57 fedora systemd[1]: Started rtkit-daemon.service - RealtimeKit Scheduling Policy Service.
Aug 17 18:57:57 fedora audit[1169]: AVC avc:  denied  { remount } for  pid=1169 comm="(switcheroo-co)" scontext=system_u:system_r:kernel_t:s0 tcontext=system_u:object_r:cgroup_t:s0 tclass=filesystem permissive=1
Aug 17 18:57:57 fedora audit[1169]: SYSCALL arch=c000003e syscall=165 success=yes exit=0 a0=0 a1=7ffdb0c7a370 a2=0 a3=102f items=0 ppid=1 pid=1169 auid=4294967295 uid=0 gid=0 euid=0 suid=0 fsuid=0 egid=0 sgid=0 fsgid=0 tty=(none) ses=4294967295 comm="(switcheroo-co)" exe="/usr/lib/systemd/systemd-executor" subj=system_u:system_r:kernel_t:s0 key=(null)
Aug 17 18:57:57 fedora audit: PROCTITLE proctitle="(switcheroo-control)"
Aug 17 18:57:57 fedora audit[1032]: AVC avc:  denied  { search } for  pid=1032 comm="systemd-resolve" name="net" dev="proc" ino=11068 scontext=system_u:system_r:kernel_t:s0 tcontext=system_u:object_r:sysctl_net_t:s0 tclass=dir permissive=1
Aug 17 18:57:57 fedora audit[1032]: AVC avc:  denied  { search } for  pid=1032 comm="systemd-resolve" name="ipv6" dev="proc" ino=11069 scontext=system_u:system_r:kernel_t:s0 tcontext=system_u:object_r:sysctl_net_t:s0 tclass=dir permissive=1
Aug 17 18:57:57 fedora audit[1032]: AVC avc:  denied  { search } for  pid=1032 comm="systemd-resolve" name="conf" dev="proc" ino=11070 scontext=system_u:system_r:kernel_t:s0 tcontext=system_u:object_r:sysctl_net_t:s0 tclass=dir permissive=1
Aug 17 18:57:57 fedora audit[1032]: AVC avc:  denied  { search } for  pid=1032 comm="systemd-resolve" name="all" dev="proc" ino=11071 scontext=system_u:system_r:kernel_t:s0 tcontext=system_u:object_r:sysctl_net_t:s0 tclass=dir permissive=1
Aug 17 18:57:57 fedora audit[1032]: SYSCALL arch=c000003e syscall=257 success=yes exit=24 a0=ffffffffffffff9c a1=7ffe0747e960 a2=80100 a3=0 items=1 ppid=1 pid=1032 auid=4294967295 uid=990 gid=989 euid=990 suid=990 fsuid=990 egid=989 sgid=989 fsgid=989 tty=(none) ses=4294967295 comm="systemd-resolve" exe="/usr/lib/systemd/systemd-resolved" subj=system_u:system_r:kernel_t:s0 key=(null)
Aug 17 18:57:57 fedora audit: CWD cwd="/"
Aug 17 18:57:57 fedora audit: PATH item=0 name="/proc/sys/net/ipv6/conf/all/disable_ipv6" inode=11072 dev=00:30 mode=0100644 ouid=0 ogid=0 rdev=00:00 obj=system_u:object_r:sysctl_net_t:s0 nametype=NORMAL cap_fp=0 cap_fi=0 cap_fe=0 cap_fver=0 cap_frootid=0
Aug 17 18:57:57 fedora audit: PROCTITLE proctitle="(systemd-resolved)"
Aug 17 18:57:57 fedora avahi-daemon[1145]: Successfully dropped root privileges.
Aug 17 18:57:57 fedora avahi-daemon[1145]: avahi-daemon 0.8 starting up.
Aug 17 18:57:57 fedora audit[1176]: AVC avc:  denied  { mounton } for  pid=1176 comm="(upowerd)" path="/run/systemd/mount-rootfs/var/lib/upower" dev="overlay" ino=427 scontext=system_u:system_r:kernel_t:s0 tcontext=system_u:object_r:devicekit_var_lib_t:s0 tclass=dir permissive=1
Aug 17 18:57:57 fedora audit[1176]: SYSCALL arch=c000003e syscall=165 success=yes exit=0 a0=564517618470 a1=7ffc649045d0 a2=0 a3=5000 items=1 ppid=1 pid=1176 auid=4294967295 uid=0 gid=0 euid=0 suid=0 fsuid=0 egid=0 sgid=0 fsgid=0 tty=(none) ses=4294967295 comm="(upowerd)" exe="/usr/lib/systemd/systemd-executor" subj=system_u:system_r:kernel_t:s0 key=(null)
Aug 17 18:57:57 fedora audit: CWD cwd="/"
Aug 17 18:57:57 fedora audit: PATH item=0 name="/var/lib/upower" inode=427 dev=00:24 mode=040755 ouid=0 ogid=0 rdev=00:00 obj=system_u:object_r:devicekit_var_lib_t:s0 nametype=NORMAL cap_fp=0 cap_fi=0 cap_fe=0 cap_fver=0 cap_frootid=0
Aug 17 18:57:57 fedora audit: PROCTITLE proctitle="(upowerd)"
Aug 17 18:57:57 fedora avahi-daemon[1145]: WARNING: No NSS support for mDNS detected, consider installing nss-mdns!
Aug 17 18:57:57 fedora audit[1]: SERVICE_START pid=1 uid=0 auid=4294967295 ses=4294967295 subj=system_u:system_r:kernel_t:s0 msg='unit=avahi-daemon comm="systemd" exe="/usr/lib/systemd/systemd" hostname=? addr=? terminal=? res=success'
Aug 17 18:57:57 fedora systemd[1]: Started avahi-daemon.service - Avahi mDNS/DNS-SD Stack.
Aug 17 18:57:57 fedora avahi-daemon[1145]: Successfully called chroot().
Aug 17 18:57:57 fedora avahi-daemon[1145]: Successfully dropped remaining capabilities.
Aug 17 18:57:57 fedora avahi-daemon[1145]: No service file found in /etc/avahi/services.
Aug 17 18:57:57 fedora audit[1145]: AVC avc:  denied  { name_bind } for  pid=1145 comm="avahi-daemon" src=5353 scontext=system_u:system_r:kernel_t:s0 tcontext=system_u:object_r:howl_port_t:s0 tclass=udp_socket permissive=1
Aug 17 18:57:57 fedora audit[1145]: SYSCALL arch=c000003e syscall=49 success=yes exit=0 a0=c a1=7ffce30777c0 a2=10 a3=7ffce30777ba items=0 ppid=1 pid=1145 auid=4294967295 uid=70 gid=70 euid=70 suid=70 fsuid=70 egid=70 sgid=70 fsgid=70 tty=(none) ses=4294967295 comm="avahi-daemon" exe="/usr/bin/avahi-daemon" subj=system_u:system_r:kernel_t:s0 key=(null)
Aug 17 18:57:57 fedora audit: PROCTITLE proctitle=61766168692D6461656D6F6E3A207374617274696E67207570
Aug 17 18:57:57 fedora avahi-daemon[1145]: Joining mDNS multicast group on interface lo.IPv6 with address ::1.
Aug 17 18:57:57 fedora avahi-daemon[1145]: New relevant interface lo.IPv6 for mDNS.
Aug 17 18:57:57 fedora avahi-daemon[1145]: Joining mDNS multicast group on interface lo.IPv4 with address 127.0.0.1.
Aug 17 18:57:57 fedora avahi-daemon[1145]: New relevant interface lo.IPv4 for mDNS.
Aug 17 18:57:57 fedora avahi-daemon[1145]: Network interface enumeration completed.
Aug 17 18:57:57 fedora avahi-daemon[1145]: Registering new address record for ::1 on lo.*.
Aug 17 18:57:57 fedora avahi-daemon[1145]: Registering new address record for 127.0.0.1 on lo.IPv4.
Aug 17 18:57:58 fedora systemd[1]: Started switcheroo-control.service - Switcheroo Control Proxy service.
Aug 17 18:57:58 fedora audit[1]: SERVICE_START pid=1 uid=0 auid=4294967295 ses=4294967295 subj=system_u:system_r:kernel_t:s0 msg='unit=switcheroo-control comm="systemd" exe="/usr/lib/systemd/systemd" hostname=? addr=? terminal=? res=success'
Aug 17 18:57:58 fedora flatpak[1185]: system: Added remote fedora-testing to oci+https://registry.fedoraproject.org#testing
Aug 17 18:57:58 fedora audit[1]: SERVICE_START pid=1 uid=0 auid=4294967295 ses=4294967295 subj=system_u:system_r:kernel_t:s0 msg='unit=ssh-host-keys-migration comm="systemd" exe="/usr/lib/systemd/systemd" hostname=? addr=? terminal=? res=success'
Aug 17 18:57:58 fedora systemd[1]: Finished ssh-host-keys-migration.service - Update OpenSSH host key permissions.
Aug 17 18:57:58 fedora systemd[1]: Finished flatpak-add-fedora-repos.service - Add Fedora flatpak repositories.
Aug 17 18:57:58 fedora audit[1]: SERVICE_START pid=1 uid=0 auid=4294967295 ses=4294967295 subj=system_u:system_r:kernel_t:s0 msg='unit=flatpak-add-fedora-repos comm="systemd" exe="/usr/lib/systemd/systemd" hostname=? addr=? terminal=? res=success'
Aug 17 18:57:58 fedora systemd-homed[1174]: Watching /home.
Aug 17 18:57:58 fedora systemd[1]: Started systemd-homed.service - Home Area Manager.
Aug 17 18:57:58 fedora audit[1]: SERVICE_START pid=1 uid=0 auid=4294967295 ses=4294967295 subj=system_u:system_r:kernel_t:s0 msg='unit=systemd-homed comm="systemd" exe="/usr/lib/systemd/systemd" hostname=? addr=? terminal=? res=success'
Aug 17 18:57:58 fedora systemd[1]: Finished systemd-homed-activate.service - Home Area Activation.
Aug 17 18:57:58 fedora audit[1]: SERVICE_START pid=1 uid=0 auid=4294967295 ses=4294967295 subj=system_u:system_r:kernel_t:s0 msg='unit=systemd-homed-activate comm="systemd" exe="/usr/lib/systemd/systemd" hostname=? addr=? terminal=? res=success'
Aug 17 18:57:58 fedora audit: BPF prog-id=71 op=LOAD
Aug 17 18:57:58 fedora NetworkManager[1152]: <info>  [1786993078.0307] NetworkManager (version 1.56.1-2.fc44) is starting... (boot:956d54ec-c64a-4d83-bf87-efaea287ebff)
Aug 17 18:57:58 fedora NetworkManager[1152]: <info>  [1786993078.0307] Read config: /etc/NetworkManager/NetworkManager.conf, /usr/lib/NetworkManager/conf.d/{22-wifi-mac-addr.conf,99-nvme-nbft-no-ignore-carrier.conf}, /run/NetworkManager/conf.d/15-carrier-timeout.conf
Aug 17 18:57:58 fedora systemd[1]: Starting polkit.service - Authorization Manager...
Aug 17 18:57:58 fedora audit[1]: SERVICE_START pid=1 uid=0 auid=4294967295 ses=4294967295 subj=system_u:system_r:kernel_t:s0 msg='unit=authselect-apply-changes comm="systemd" exe="/usr/lib/systemd/systemd" hostname=? addr=? terminal=? res=success'
Aug 17 18:57:58 fedora authselect[1144]: Changes were successfully applied.
Aug 17 18:57:58 fedora systemd[1]: Finished authselect-apply-changes.service - Apply authselect changes.
Aug 17 18:57:58 fedora systemd[1]: Reached target nss-user-lookup.target - User and Group Name Lookups.
Aug 17 18:57:58 fedora audit: BPF prog-id=72 op=LOAD
Aug 17 18:57:58 fedora audit: BPF prog-id=73 op=LOAD
Aug 17 18:57:58 fedora systemd[1]: Starting accounts-daemon.service - Accounts Service...
Aug 17 18:57:58 fedora audit[1227]: AVC avc:  denied  { mounton } for  pid=1227 comm="(polkitd)" path="/run/systemd/namespace-hJmRL6/dev/ptmx" dev="tmpfs" ino=3 scontext=system_u:system_r:kernel_t:s0 tcontext=system_u:object_r:device_t:s0 tclass=file permissive=1
Aug 17 18:57:58 fedora audit[1227]: SYSCALL arch=c000003e syscall=165 success=yes exit=0 a0=55dc6c864ee7 a1=7fffeb42bcd0 a2=0 a3=1000 items=1 ppid=1 pid=1227 auid=4294967295 uid=0 gid=0 euid=0 suid=0 fsuid=0 egid=0 sgid=0 fsgid=0 tty=(none) ses=4294967295 comm="(polkitd)" exe="/usr/lib/systemd/systemd-executor" subj=system_u:system_r:kernel_t:s0 key=(null)
Aug 17 18:57:58 fedora audit: CWD cwd="/"
Aug 17 18:57:58 fedora audit: PATH item=0 name="/dev/ptmx" inode=100 dev=00:07 mode=020666 ouid=0 ogid=5 rdev=05:02 obj=system_u:object_r:ptmx_t:s0 nametype=NORMAL cap_fp=0 cap_fi=0 cap_fe=0 cap_fver=0 cap_frootid=0
Aug 17 18:57:58 fedora audit: PROCTITLE proctitle="(polkitd)"
Aug 17 18:57:58 fedora audit: BPF prog-id=74 op=LOAD
Aug 17 18:57:58 fedora systemd[1]: Starting chronyd.service - NTP client/server...
Aug 17 18:57:58 fedora audit: BPF prog-id=75 op=LOAD
Aug 17 18:57:58 fedora audit: BPF prog-id=76 op=LOAD
Aug 17 18:57:58 fedora NetworkManager[1152]: <info>  [1786993078.0490] manager[0x55fc8367ac30]: monitoring kernel firmware directory '/lib/firmware'.
Aug 17 18:57:58 fedora systemd[1]: Starting systemd-logind.service - User Login Management...
Aug 17 18:57:58 fedora bootupctl[1178]: error: Finding block device from boot or sysroot: Failed to find block device from /boot or /sysroot
Aug 17 18:57:58 fedora systemd[1]: bootloader-update.service: Main process exited, code=exited, status=1/FAILURE
Aug 17 18:57:58 fedora systemd[1]: bootloader-update.service: Failed with result 'exit-code'.
Aug 17 18:57:58 fedora systemd[1]: Failed to start bootloader-update.service - Update bootloader on boot.
Aug 17 18:57:58 fedora audit[1]: SERVICE_START pid=1 uid=0 auid=4294967295 ses=4294967295 subj=system_u:system_r:kernel_t:s0 msg='unit=bootloader-update comm="systemd" exe="/usr/lib/systemd/systemd" hostname=? addr=? terminal=? res=failed'
Aug 17 18:57:58 fedora audit: BPF prog-id=77 op=LOAD
Aug 17 18:57:58 fedora audit: BPF prog-id=78 op=LOAD
Aug 17 18:57:58 fedora audit: BPF prog-id=79 op=LOAD
Aug 17 18:57:58 fedora audit[1227]: AVC avc:  denied  { mounton } for  pid=1227 comm="(polkitd)" path="/run/systemd/mount-rootfs/proc/latency_stats" dev="proc" ino=4026532067 scontext=system_u:system_r:kernel_t:s0 tcontext=system_u:object_r:proc_t:s0 tclass=file permissive=1
Aug 17 18:57:58 fedora audit[1227]: SYSCALL arch=c000003e syscall=165 success=yes exit=0 a0=55dca4377670 a1=7fffeb42bf30 a2=0 a3=5000 items=1 ppid=1 pid=1227 auid=4294967295 uid=0 gid=0 euid=0 suid=0 fsuid=0 egid=0 sgid=0 fsgid=0 tty=(none) ses=4294967295 comm="(polkitd)" exe="/usr/lib/systemd/systemd-executor" subj=system_u:system_r:kernel_t:s0 key=(null)
Aug 17 18:57:58 fedora audit: CWD cwd="/"
Aug 17 18:57:58 fedora audit: PATH item=0 name="/run/systemd/mount-rootfs/proc/latency_stats" inode=4026532067 dev=00:44 mode=0100644 ouid=0 ogid=0 rdev=00:00 obj=system_u:object_r:proc_t:s0 nametype=NORMAL cap_fp=0 cap_fi=0 cap_fe=0 cap_fver=0 cap_frootid=0
Aug 17 18:57:58 fedora audit: PROCTITLE proctitle="(polkitd)"
Aug 17 18:57:58 fedora audit[1227]: AVC avc:  denied  { mounton } for  pid=1227 comm="(polkitd)" path="/run/systemd/mount-rootfs/proc/sysrq-trigger" dev="proc" ino=4026532093 scontext=system_u:system_r:kernel_t:s0 tcontext=system_u:object_r:sysctl_t:s0 tclass=file permissive=1
Aug 17 18:57:58 fedora audit[1227]: SYSCALL arch=c000003e syscall=165 success=yes exit=0 a0=55dca47323c0 a1=7fffeb42bf30 a2=0 a3=5000 items=1 ppid=1 pid=1227 auid=4294967295 uid=0 gid=0 euid=0 suid=0 fsuid=0 egid=0 sgid=0 fsgid=0 tty=(none) ses=4294967295 comm="(polkitd)" exe="/usr/lib/systemd/systemd-executor" subj=system_u:system_r:kernel_t:s0 key=(null)
Aug 17 18:57:58 fedora audit: CWD cwd="/"
Aug 17 18:57:58 fedora audit: PATH item=0 name="/run/systemd/mount-rootfs/proc/sysrq-trigger" inode=4026532093 dev=00:44 mode=0100200 ouid=0 ogid=0 rdev=00:00 obj=system_u:object_r:sysctl_t:s0 nametype=NORMAL cap_fp=0 cap_fi=0 cap_fe=0 cap_fver=0 cap_frootid=0
Aug 17 18:57:58 fedora audit: PROCTITLE proctitle="(polkitd)"
Aug 17 18:57:58 fedora audit[1]: SERVICE_START pid=1 uid=0 auid=4294967295 ses=4294967295 subj=system_u:system_r:kernel_t:s0 msg='unit=sshd-keygen@ecdsa comm="systemd" exe="/usr/lib/systemd/systemd" hostname=? addr=? terminal=? res=success'
Aug 17 18:57:58 fedora audit[1]: SERVICE_STOP pid=1 uid=0 auid=4294967295 ses=4294967295 subj=system_u:system_r:kernel_t:s0 msg='unit=sshd-keygen@ecdsa comm="systemd" exe="/usr/lib/systemd/systemd" hostname=? addr=? terminal=? res=success'
Aug 17 18:57:58 fedora systemd[1]: Starting systemd-hostnamed.service - Hostname Service...
Aug 17 18:57:58 fedora systemd[1]: sshd-keygen@ecdsa.service: Deactivated successfully.
Aug 17 18:57:58 fedora systemd[1]: Finished sshd-keygen@ecdsa.service - OpenSSH ecdsa Server Key Generation.
Aug 17 18:57:58 fedora systemd[1]: sshd-keygen@ed25519.service: Deactivated successfully.
Aug 17 18:57:58 fedora audit[1]: SERVICE_START pid=1 uid=0 auid=4294967295 ses=4294967295 subj=system_u:system_r:kernel_t:s0 msg='unit=sshd-keygen@ed25519 comm="systemd" exe="/usr/lib/systemd/systemd" hostname=? addr=? terminal=? res=success'
Aug 17 18:57:58 fedora audit[1]: SERVICE_STOP pid=1 uid=0 auid=4294967295 ses=4294967295 subj=system_u:system_r:kernel_t:s0 msg='unit=sshd-keygen@ed25519 comm="systemd" exe="/usr/lib/systemd/systemd" hostname=? addr=? terminal=? res=success'
Aug 17 18:57:58 fedora systemd[1]: Finished sshd-keygen@ed25519.service - OpenSSH ed25519 Server Key Generation.
Aug 17 18:57:58 fedora audit[1233]: AVC avc:  denied  { mounton } for  pid=1233 comm="(accounts-daem)" path="/run/systemd/mount-rootfs/run/systemd/seats" dev="tmpfs" ino=84 scontext=system_u:system_r:kernel_t:s0 tcontext=system_u:object_r:systemd_logind_var_run_t:s0 tclass=dir permissive=1
Aug 17 18:57:58 fedora audit[1233]: SYSCALL arch=c000003e syscall=165 success=yes exit=0 a0=5650d7f96ba0 a1=7fffdc1d1200 a2=0 a3=5000 items=1 ppid=1 pid=1233 auid=4294967295 uid=0 gid=0 euid=0 suid=0 fsuid=0 egid=0 sgid=0 fsgid=0 tty=(none) ses=4294967295 comm="(accounts-daem)" exe="/usr/lib/systemd/systemd-executor" subj=system_u:system_r:kernel_t:s0 key=(null)
Aug 17 18:57:58 fedora audit: CWD cwd="/"
Aug 17 18:57:58 fedora audit: PATH item=0 name="/run/systemd/mount-rootfs/run/systemd/seats" inode=84 dev=00:1d mode=040755 ouid=0 ogid=0 rdev=00:00 obj=system_u:object_r:systemd_logind_var_run_t:s0 nametype=NORMAL cap_fp=0 cap_fi=0 cap_fe=0 cap_fver=0 cap_frootid=0
Aug 17 18:57:58 fedora audit: PROCTITLE proctitle="(accounts-daemon)"
Aug 17 18:57:58 fedora audit[1244]: AVC avc:  denied  { mounton } for  pid=1244 comm="(systemd-hostn)" path="/run/systemd/mount-rootfs/run/user" dev="tmpfs" ino=82 scontext=system_u:system_r:kernel_t:s0 tcontext=system_u:object_r:user_tmp_t:s0 tclass=dir permissive=1
Aug 17 18:57:58 fedora audit[1244]: SYSCALL arch=c000003e syscall=165 success=yes exit=0 a0=55bd26127540 a1=7fffe41172d0 a2=0 a3=5000 items=1 ppid=1 pid=1244 auid=4294967295 uid=0 gid=0 euid=0 suid=0 fsuid=0 egid=0 sgid=0 fsgid=0 tty=(none) ses=4294967295 comm="(systemd-hostn)" exe="/usr/lib/systemd/systemd-executor" subj=system_u:system_r:kernel_t:s0 key=(null)
Aug 17 18:57:58 fedora audit: CWD cwd="/"
Aug 17 18:57:58 fedora audit: PATH item=0 name="/run/systemd/inaccessible/dir" inode=8 dev=00:1d mode=040000 ouid=0 ogid=0 rdev=00:00 obj=system_u:object_r:init_var_run_t:s0 nametype=NORMAL cap_fp=0 cap_fi=0 cap_fe=0 cap_fver=0 cap_frootid=0
Aug 17 18:57:58 fedora audit: PROCTITLE proctitle="(systemd-hostnamed)"
Aug 17 18:57:58 fedora audit[1238]: AVC avc:  denied  { mounton } for  pid=1238 comm="(systemd-login)" path="/" dev="overlay" ino=2 scontext=system_u:system_r:kernel_t:s0 tcontext=system_u:object_r:tmpfs_t:s0 tclass=dir permissive=1
Aug 17 18:57:58 fedora audit[1238]: SYSCALL arch=c000003e syscall=165 success=yes exit=0 a0=0 a1=55e73c2eee95 a2=0 a3=84000 items=0 ppid=1 pid=1238 auid=4294967295 uid=0 gid=0 euid=0 suid=0 fsuid=0 egid=0 sgid=0 fsgid=0 tty=(none) ses=4294967295 comm="(systemd-login)" exe="/usr/lib/systemd/systemd-executor" subj=system_u:system_r:kernel_t:s0 key=(null)
Aug 17 18:57:58 fedora audit: PROCTITLE proctitle="(systemd-logind)"
Aug 17 18:57:58 fedora audit[1233]: AVC avc:  denied  { mounton } for  pid=1233 comm="(accounts-daem)" path="/run/systemd/mount-rootfs/var/log/lastlog" dev="overlay" ino=1760 scontext=system_u:system_r:kernel_t:s0 tcontext=system_u:object_r:lastlog_t:s0 tclass=file permissive=1
Aug 17 18:57:58 fedora audit[1233]: SYSCALL arch=c000003e syscall=165 success=yes exit=0 a0=5650d7b73540 a1=7fffdc1d1200 a2=0 a3=5000 items=1 ppid=1 pid=1233 auid=4294967295 uid=0 gid=0 euid=0 suid=0 fsuid=0 egid=0 sgid=0 fsgid=0 tty=(none) ses=4294967295 comm="(accounts-daem)" exe="/usr/lib/systemd/systemd-executor" subj=system_u:system_r:kernel_t:s0 key=(null)
Aug 17 18:57:58 fedora audit: CWD cwd="/"
Aug 17 18:57:58 fedora audit: PATH item=0 name="/run/systemd/mount-rootfs/var/log/lastlog" inode=1760 dev=00:24 mode=0100664 ouid=0 ogid=22 rdev=00:00 obj=system_u:object_r:lastlog_t:s0 nametype=NORMAL cap_fp=0 cap_fi=0 cap_fe=0 cap_fver=0 cap_frootid=0
Aug 17 18:57:58 fedora audit: PROCTITLE proctitle="(accounts-daemon)"
Aug 17 18:57:58 fedora audit[1238]: AVC avc:  denied  { mounton } for  pid=1238 comm="(systemd-login)" path="/run/systemd/mount-rootfs/run/systemd/inhibit" dev="tmpfs" ino=2009 scontext=system_u:system_r:kernel_t:s0 tcontext=system_u:object_r:systemd_logind_inhibit_var_run_t:s0 tclass=dir permissive=1
Aug 17 18:57:58 fedora audit[1238]: SYSCALL arch=c000003e syscall=165 success=yes exit=0 a0=55e750a88010 a1=7ffedce45410 a2=0 a3=5000 items=1 ppid=1 pid=1238 auid=4294967295 uid=0 gid=0 euid=0 suid=0 fsuid=0 egid=0 sgid=0 fsgid=0 tty=(none) ses=4294967295 comm="(systemd-login)" exe="/usr/lib/systemd/systemd-executor" subj=system_u:system_r:kernel_t:s0 key=(null)
Aug 17 18:57:58 fedora audit: CWD cwd="/"
Aug 17 18:57:58 fedora audit: PATH item=0 name="/run/systemd/inhibit" inode=2009 dev=00:1d mode=040755 ouid=0 ogid=0 rdev=00:00 obj=system_u:object_r:systemd_logind_inhibit_var_run_t:s0 nametype=NORMAL cap_fp=0 cap_fi=0 cap_fe=0 cap_fver=0 cap_frootid=0
Aug 17 18:57:58 fedora audit: PROCTITLE proctitle="(systemd-logind)"
Aug 17 18:57:58 fedora audit[1238]: AVC avc:  denied  { mounton } for  pid=1238 comm="(systemd-login)" path="/run/systemd/mount-rootfs/run/systemd/sessions" dev="tmpfs" ino=85 scontext=system_u:system_r:kernel_t:s0 tcontext=system_u:object_r:systemd_logind_sessions_t:s0 tclass=dir permissive=1
Aug 17 18:57:58 fedora audit[1238]: SYSCALL arch=c000003e syscall=165 success=yes exit=0 a0=55e750a885f0 a1=7ffedce45410 a2=0 a3=5000 items=1 ppid=1 pid=1238 auid=4294967295 uid=0 gid=0 euid=0 suid=0 fsuid=0 egid=0 sgid=0 fsgid=0 tty=(none) ses=4294967295 comm="(systemd-login)" exe="/usr/lib/systemd/systemd-executor" subj=system_u:system_r:kernel_t:s0 key=(null)
Aug 17 18:57:58 fedora audit: CWD cwd="/"
Aug 17 18:57:58 fedora audit: PATH item=0 name="/run/systemd/sessions" inode=85 dev=00:1d mode=040755 ouid=0 ogid=0 rdev=00:00 obj=system_u:object_r:systemd_logind_sessions_t:s0 nametype=NORMAL cap_fp=0 cap_fi=0 cap_fe=0 cap_fver=0 cap_frootid=0
Aug 17 18:57:58 fedora audit: PROCTITLE proctitle="(systemd-logind)"
Aug 17 18:57:58 fedora audit[1238]: AVC avc:  denied  { mounton } for  pid=1238 comm="(systemd-login)" path="/run/systemd/mount-rootfs/var/lib/systemd/linger" dev="overlay" ino=463 scontext=system_u:system_r:kernel_t:s0 tcontext=system_u:object_r:systemd_logind_var_lib_t:s0 tclass=dir permissive=1
Aug 17 18:57:58 fedora audit[1238]: SYSCALL arch=c000003e syscall=165 success=yes exit=0 a0=55e750a8d560 a1=7ffedce45410 a2=0 a3=5000 items=1 ppid=1 pid=1238 auid=4294967295 uid=0 gid=0 euid=0 suid=0 fsuid=0 egid=0 sgid=0 fsgid=0 tty=(none) ses=4294967295 comm="(systemd-login)" exe="/usr/lib/systemd/systemd-executor" subj=system_u:system_r:kernel_t:s0 key=(null)
Aug 17 18:57:58 fedora audit: CWD cwd="/"
Aug 17 18:57:58 fedora audit: PATH item=0 name="/var/lib/systemd/linger" inode=463 dev=00:24 mode=040755 ouid=0 ogid=0 rdev=00:00 obj=system_u:object_r:systemd_logind_var_lib_t:s0 nametype=NORMAL cap_fp=0 cap_fi=0 cap_fe=0 cap_fver=0 cap_frootid=0
Aug 17 18:57:58 fedora audit: PROCTITLE proctitle="(systemd-logind)"
Aug 17 18:57:58 fedora audit[1235]: AVC avc:  denied  { mounton } for  pid=1235 comm="(chronyd)" path="/run/systemd/mount-rootfs/var/lib/chrony" dev="overlay" ino=461 scontext=system_u:system_r:kernel_t:s0 tcontext=system_u:object_r:chronyd_var_lib_t:s0 tclass=dir permissive=1
Aug 17 18:57:58 fedora audit[1235]: SYSCALL arch=c000003e syscall=165 success=yes exit=0 a0=555655edd4c0 a1=7ffe13c9d260 a2=0 a3=5000 items=1 ppid=1 pid=1235 auid=4294967295 uid=0 gid=0 euid=0 suid=0 fsuid=0 egid=0 sgid=0 fsgid=0 tty=(none) ses=4294967295 comm="(chronyd)" exe="/usr/lib/systemd/systemd-executor" subj=system_u:system_r:kernel_t:s0 key=(null)
Aug 17 18:57:58 fedora audit: CWD cwd="/"
Aug 17 18:57:58 fedora audit: PATH item=0 name="/var/lib/chrony" inode=461 dev=00:24 mode=040750 ouid=994 ogid=992 rdev=00:00 obj=system_u:object_r:chronyd_var_lib_t:s0 nametype=NORMAL cap_fp=0 cap_fi=0 cap_fe=0 cap_fver=0 cap_frootid=0
Aug 17 18:57:58 fedora audit: PROCTITLE proctitle="(chronyd)"
Aug 17 18:57:58 fedora audit[1235]: AVC avc:  denied  { mounton } for  pid=1235 comm="(chronyd)" path="/run/systemd/mount-rootfs/var/log" dev="overlay" ino=149 scontext=system_u:system_r:kernel_t:s0 tcontext=system_u:object_r:var_log_t:s0 tclass=dir permissive=1
Aug 17 18:57:58 fedora audit[1235]: SYSCALL arch=c000003e syscall=165 success=yes exit=0 a0=5556554a3090 a1=7ffe13c9d260 a2=0 a3=5000 items=1 ppid=1 pid=1235 auid=4294967295 uid=0 gid=0 euid=0 suid=0 fsuid=0 egid=0 sgid=0 fsgid=0 tty=(none) ses=4294967295 comm="(chronyd)" exe="/usr/lib/systemd/systemd-executor" subj=system_u:system_r:kernel_t:s0 key=(null)
Aug 17 18:57:58 fedora audit: CWD cwd="/"
Aug 17 18:57:58 fedora audit: PATH item=0 name="/run/systemd/mount-rootfs/var/log" inode=149 dev=00:24 mode=040755 ouid=0 ogid=0 rdev=00:00 obj=system_u:object_r:var_log_t:s0 nametype=NORMAL cap_fp=0 cap_fi=0 cap_fe=0 cap_fver=0 cap_frootid=0
Aug 17 18:57:58 fedora audit: PROCTITLE proctitle="(chronyd)"
Aug 17 18:57:58 fedora audit[1235]: AVC avc:  denied  { mounton } for  pid=1235 comm="(chronyd)" path="/run/systemd/mount-rootfs/var/log/chrony" dev="overlay" ino=462 scontext=system_u:system_r:kernel_t:s0 tcontext=system_u:object_r:chronyd_var_log_t:s0 tclass=dir permissive=1
Aug 17 18:57:58 fedora audit[1235]: SYSCALL arch=c000003e syscall=165 success=yes exit=0 a0=555655ee3e10 a1=7ffe13c9d260 a2=0 a3=5000 items=1 ppid=1 pid=1235 auid=4294967295 uid=0 gid=0 euid=0 suid=0 fsuid=0 egid=0 sgid=0 fsgid=0 tty=(none) ses=4294967295 comm="(chronyd)" exe="/usr/lib/systemd/systemd-executor" subj=system_u:system_r:kernel_t:s0 key=(null)
Aug 17 18:57:58 fedora audit: CWD cwd="/"
Aug 17 18:57:58 fedora audit: PATH item=0 name="/var/log/chrony" inode=462 dev=00:24 mode=040750 ouid=994 ogid=992 rdev=00:00 obj=system_u:object_r:chronyd_var_log_t:s0 nametype=NORMAL cap_fp=0 cap_fi=0 cap_fe=0 cap_fver=0 cap_frootid=0
Aug 17 18:57:58 fedora audit: PROCTITLE proctitle="(chronyd)"
Aug 17 18:57:58 fedora audit[1233]: AVC avc:  denied  { mounton } for  pid=1233 comm="(accounts-daem)" path="/run/systemd/mount-rootfs/var/spool/mail" dev="overlay" ino=337 scontext=system_u:system_r:kernel_t:s0 tcontext=system_u:object_r:mail_spool_t:s0 tclass=dir permissive=1
Aug 17 18:57:58 fedora audit[1235]: AVC avc:  denied  { mounton } for  pid=1235 comm="(chronyd)" path="/run/systemd/mount-rootfs/var/spool" dev="overlay" ino=231 scontext=system_u:system_r:kernel_t:s0 tcontext=system_u:object_r:var_spool_t:s0 tclass=dir permissive=1
Aug 17 18:57:58 fedora audit[1235]: SYSCALL arch=c000003e syscall=165 success=yes exit=0 a0=5556554a3040 a1=7ffe13c9d260 a2=0 a3=5000 items=1 ppid=1 pid=1235 auid=4294967295 uid=0 gid=0 euid=0 suid=0 fsuid=0 egid=0 sgid=0 fsgid=0 tty=(none) ses=4294967295 comm="(chronyd)" exe="/usr/lib/systemd/systemd-executor" subj=system_u:system_r:kernel_t:s0 key=(null)
Aug 17 18:57:58 fedora audit: CWD cwd="/"
Aug 17 18:57:58 fedora audit: PATH item=0 name="/run/systemd/mount-rootfs/var/spool" inode=231 dev=00:24 mode=040755 ouid=0 ogid=0 rdev=00:00 obj=system_u:object_r:var_spool_t:s0 nametype=NORMAL cap_fp=0 cap_fi=0 cap_fe=0 cap_fver=0 cap_frootid=0
Aug 17 18:57:58 fedora audit: PROCTITLE proctitle="(chronyd)"
Aug 17 18:57:58 fedora audit[1233]: SYSCALL arch=c000003e syscall=165 success=yes exit=0 a0=5650d7fa43b0 a1=7fffdc1d1200 a2=0 a3=5000 items=1 ppid=1 pid=1233 auid=4294967295 uid=0 gid=0 euid=0 suid=0 fsuid=0 egid=0 sgid=0 fsgid=0 tty=(none) ses=4294967295 comm="(accounts-daem)" exe="/usr/lib/systemd/systemd-executor" subj=system_u:system_r:kernel_t:s0 key=(null)
Aug 17 18:57:58 fedora audit: CWD cwd="/"
Aug 17 18:57:58 fedora audit: PATH item=0 name="/run/systemd/mount-rootfs/var/spool/mail" inode=337 dev=00:24 mode=040775 ouid=0 ogid=12 rdev=00:00 obj=system_u:object_r:mail_spool_t:s0 nametype=NORMAL cap_fp=0 cap_fi=0 cap_fe=0 cap_fver=0 cap_frootid=0
Aug 17 18:57:58 fedora audit: PROCTITLE proctitle="(accounts-daemon)"
Aug 17 18:57:58 fedora audit[1]: SERVICE_START pid=1 uid=0 auid=4294967295 ses=4294967295 subj=system_u:system_r:kernel_t:s0 msg='unit=systemd-hostnamed comm="systemd" exe="/usr/lib/systemd/systemd" hostname=? addr=? terminal=? res=success'
Aug 17 18:57:58 fedora systemd[1]: Started systemd-hostnamed.service - Hostname Service.
Aug 17 18:57:58 fedora NetworkManager[1152]: <info>  [1786993078.1133] hostname: hostname: using hostnamed
Aug 17 18:57:58 fedora NetworkManager[1152]: <info>  [1786993078.1136] dns-mgr: init: dns=systemd-resolved rc-manager=unmanaged (auto), plugin=systemd-resolved
Aug 17 18:57:58 fedora polkitd[1227]: Started polkitd version 127
Aug 17 18:57:58 fedora NetworkManager[1152]: <info>  [1786993078.1228] manager[0x55fc8367ac30]: rfkill: Wi-Fi hardware radio set enabled
Aug 17 18:57:58 fedora NetworkManager[1152]: <info>  [1786993078.1228] manager[0x55fc8367ac30]: rfkill: WWAN hardware radio set enabled
Aug 17 18:57:58 fedora chronyd[1235]: chronyd version 4.8 starting (+CMDMON +REFCLOCK +RTC +PRIVDROP +SCFILTER +SIGND +NTS +SECHASH +IPV6 +DEBUG)
Aug 17 18:57:58 fedora audit[1235]: AVC avc:  denied  { name_bind } for  pid=1235 comm="chronyd" src=323 scontext=system_u:system_r:kernel_t:s0 tcontext=system_u:object_r:chronyd_port_t:s0 tclass=udp_socket permissive=1
Aug 17 18:57:58 fedora audit[1235]: SYSCALL arch=c000003e syscall=49 success=yes exit=0 a0=4 a1=7ffe0f6f5280 a2=10 a3=7ffe0f6f51fc items=0 ppid=1 pid=1235 auid=4294967295 uid=0 gid=0 euid=0 suid=0 fsuid=0 egid=0 sgid=0 fsgid=0 tty=(none) ses=4294967295 comm="chronyd" exe="/usr/bin/chronyd" subj=system_u:system_r:kernel_t:s0 key=(null)
Aug 17 18:57:58 fedora audit: PROCTITLE proctitle="(chronyd)"
Aug 17 18:57:58 fedora NetworkManager[1152]: <info>  [1786993078.1297] Loaded device plugin: NMTeamFactory (/usr/lib64/NetworkManager/1.56.1-2.fc44/libnm-device-plugin-team.so)
Aug 17 18:57:58 fedora systemd-logind[1238]: New seat seat0.
Aug 17 18:57:58 fedora chronyd[1235]: Using leap second list /usr/share/zoneinfo/leap-seconds.list
Aug 17 18:57:58 fedora NetworkManager[1152]: <info>  [1786993078.1331] Loaded device plugin: NMWifiFactory (/usr/lib64/NetworkManager/1.56.1-2.fc44/libnm-device-plugin-wifi.so)
Aug 17 18:57:58 fedora chronyd[1235]: Loaded seccomp filter (level 2)
Aug 17 18:57:58 fedora systemd[1]: Started chronyd.service - NTP client/server.
Aug 17 18:57:58 fedora NetworkManager[1152]: <info>  [1786993078.1337] manager: rfkill: Wi-Fi enabled by radio killswitch; enabled by state file
Aug 17 18:57:58 fedora audit[1]: SERVICE_START pid=1 uid=0 auid=4294967295 ses=4294967295 subj=system_u:system_r:kernel_t:s0 msg='unit=chronyd comm="systemd" exe="/usr/lib/systemd/systemd" hostname=? addr=? terminal=? res=success'
Aug 17 18:57:58 fedora audit[1]: SERVICE_START pid=1 uid=0 auid=4294967295 ses=4294967295 subj=system_u:system_r:kernel_t:s0 msg='unit=systemd-logind comm="systemd" exe="/usr/lib/systemd/systemd" hostname=? addr=? terminal=? res=success'
Aug 17 18:57:58 fedora NetworkManager[1152]: <info>  [1786993078.1340] manager: rfkill: WWAN enabled by radio killswitch; enabled by state file
Aug 17 18:57:58 fedora NetworkManager[1152]: <info>  [1786993078.1341] manager: Networking is enabled by state file
Aug 17 18:57:58 fedora systemd-logind[1238]: Watching system buttons on /dev/input/event0 (Power Button)
Aug 17 18:57:58 fedora systemd-logind[1238]: Watching system buttons on /dev/input/event1 (AT Translated Set 2 keyboard)
Aug 17 18:57:58 fedora systemd[1]: Started systemd-logind.service - User Login Management.
Aug 17 18:57:58 fedora NetworkManager[1152]: <info>  [1786993078.1353] settings: Loaded settings plugin: keyfile (internal)
Aug 17 18:57:58 fedora NetworkManager[1152]: <info>  [1786993078.1372] dhcp: init: Using DHCP client 'internal'
Aug 17 18:57:58 fedora NetworkManager[1152]: <info>  [1786993078.1373] manager: (lo): new Loopback device (/org/freedesktop/NetworkManager/Devices/1)
Aug 17 18:57:58 fedora NetworkManager[1152]: <info>  [1786993078.1381] device (lo): state change: unmanaged -> unavailable (reason 'connection-assumed', managed-type: 'external')
Aug 17 18:57:58 fedora audit[1152]: AVC avc:  denied  { getattr } for  pid=1152 comm="NetworkManager" path="/proc/sys/net/ipv6" dev="proc" ino=16750 scontext=system_u:system_r:kernel_t:s0 tcontext=system_u:object_r:sysctl_net_t:s0 tclass=dir permissive=1
Aug 17 18:57:58 fedora audit[1152]: SYSCALL arch=c000003e syscall=262 success=yes exit=0 a0=ffffff9c a1=55fc44ab576c a2=7ffe5e8439c0 a3=0 items=0 ppid=1 pid=1152 auid=4294967295 uid=0 gid=0 euid=0 suid=0 fsuid=0 egid=0 sgid=0 fsgid=0 tty=(none) ses=4294967295 comm="NetworkManager" exe="/usr/bin/NetworkManager" subj=system_u:system_r:kernel_t:s0 key=(null)
Aug 17 18:57:58 fedora audit: PROCTITLE proctitle=2F7573722F62696E2F4E6574776F726B4D616E61676572002D2D6E6F2D6461656D6F6E
Aug 17 18:57:58 fedora NetworkManager[1152]: <info>  [1786993078.1384] device (lo): state change: unavailable -> disconnected (reason 'connection-assumed', managed-type: 'external')
Aug 17 18:57:58 fedora NetworkManager[1152]: <info>  [1786993078.1388] device (lo): Activation: starting connection 'lo' (960b64c8-6327-4b5a-b43c-2e5aae480982)
Aug 17 18:57:58 fedora NetworkManager[1152]: <info>  [1786993078.1391] manager: (enp0s3): new Ethernet device (/org/freedesktop/NetworkManager/Devices/2)
Aug 17 18:57:58 fedora NetworkManager[1152]: <info>  [1786993078.1395] settings: (enp0s3): created default wired connection 'Wired connection 1'
Aug 17 18:57:58 fedora NetworkManager[1152]: <info>  [1786993078.1396] device (enp0s3): state change: unmanaged -> unavailable (reason 'managed', managed-type: 'external')
Aug 17 18:57:58 fedora kernel: 8021q: adding VLAN 0 to HW filter on device enp0s3
Aug 17 18:57:58 fedora systemd[1]: Starting NetworkManager-dispatcher.service - Network Manager Script Dispatcher Service...
Aug 17 18:57:58 fedora audit[1]: SERVICE_START pid=1 uid=0 auid=4294967295 ses=4294967295 subj=system_u:system_r:kernel_t:s0 msg='unit=NetworkManager comm="systemd" exe="/usr/lib/systemd/systemd" hostname=? addr=? terminal=? res=success'
Aug 17 18:57:58 fedora systemd[1]: Started NetworkManager.service - Network Manager.
Aug 17 18:57:58 fedora NetworkManager[1152]: <info>  [1786993078.1472] bus-manager: acquired D-Bus service "org.freedesktop.NetworkManager"
Aug 17 18:57:58 fedora systemd[1]: Reached target network.target - Network.
Aug 17 18:57:58 fedora NetworkManager[1152]: <info>  [1786993078.1474] device (lo): state change: disconnected -> prepare (reason 'none', managed-type: 'external')
Aug 17 18:57:58 fedora NetworkManager[1152]: <info>  [1786993078.1476] device (lo): state change: prepare -> config (reason 'none', managed-type: 'external')
Aug 17 18:57:58 fedora NetworkManager[1152]: <info>  [1786993078.1477] device (lo): state change: config -> ip-config (reason 'none', managed-type: 'external')
Aug 17 18:57:58 fedora NetworkManager[1152]: <info>  [1786993078.1478] device (enp0s3): carrier: link connected
Aug 17 18:57:58 fedora NetworkManager[1152]: <info>  [1786993078.1480] device (lo): state change: ip-config -> ip-check (reason 'none', managed-type: 'external')
Aug 17 18:57:58 fedora NetworkManager[1152]: <info>  [1786993078.1481] device (enp0s3): state change: unavailable -> disconnected (reason 'carrier-changed', managed-type: 'full')
Aug 17 18:57:58 fedora NetworkManager[1152]: <info>  [1786993078.1487] policy: auto-activating connection 'Wired connection 1' (75fd8a55-e359-336a-afe1-9e8362a50db7)
Aug 17 18:57:58 fedora NetworkManager[1152]: <info>  [1786993078.1489] device (enp0s3): Activation: starting connection 'Wired connection 1' (75fd8a55-e359-336a-afe1-9e8362a50db7)
Aug 17 18:57:58 fedora NetworkManager[1152]: <info>  [1786993078.1493] device (enp0s3): state change: disconnected -> prepare (reason 'none', managed-type: 'full')
Aug 17 18:57:58 fedora NetworkManager[1152]: <info>  [1786993078.1493] manager: NetworkManager state is now CONNECTING
Aug 17 18:57:58 fedora NetworkManager[1152]: <info>  [1786993078.1494] device (enp0s3): state change: prepare -> config (reason 'none', managed-type: 'full')
Aug 17 18:57:58 fedora NetworkManager[1152]: <info>  [1786993078.1499] device (enp0s3): state change: config -> ip-config (reason 'none', managed-type: 'full')
Aug 17 18:57:58 fedora systemd[1]: Starting gssproxy.service - GSSAPI Proxy Daemon...
Aug 17 18:57:58 fedora systemd[1]: Listening on systemd-rfkill.socket - Load/Save RF Kill Switch Status /dev/rfkill Watch.
Aug 17 18:57:58 fedora NetworkManager[1152]: <info>  [1786993078.1711] dhcp4 (enp0s3): activation: beginning transaction (timeout in 45 seconds)
Aug 17 18:57:58 fedora audit[1152]: AVC avc:  denied  { create } for  pid=1152 comm="NetworkManager" scontext=system_u:system_r:kernel_t:s0 tcontext=system_u:system_r:kernel_t:s0 tclass=packet_socket permissive=1
Aug 17 18:57:58 fedora audit[1152]: SYSCALL arch=c000003e syscall=41 success=yes exit=21 a0=11 a1=80802 a2=0 a3=4bae items=0 ppid=1 pid=1152 auid=4294967295 uid=0 gid=0 euid=0 suid=0 fsuid=0 egid=0 sgid=0 fsgid=0 tty=(none) ses=4294967295 comm="NetworkManager" exe="/usr/bin/NetworkManager" subj=system_u:system_r:kernel_t:s0 key=(null)
Aug 17 18:57:58 fedora audit: PROCTITLE proctitle=2F7573722F62696E2F4E6574776F726B4D616E61676572002D2D6E6F2D6461656D6F6E
Aug 17 18:57:58 fedora avahi-daemon[1145]: Joining mDNS multicast group on interface enp0s3.IPv6 with address fe80::15ff:49a9:224c:1d6f.
Aug 17 18:57:58 fedora avahi-daemon[1145]: New relevant interface enp0s3.IPv6 for mDNS.
Aug 17 18:57:58 fedora avahi-daemon[1145]: Registering new address record for fe80::15ff:49a9:224c:1d6f on enp0s3.*.
Aug 17 18:57:58 fedora NetworkManager[1152]: <info>  [1786993078.1728] dhcp4 (enp0s3): state changed new lease, address=10.0.2.15, acd pending
Aug 17 18:57:58 fedora audit: BPF prog-id=80 op=LOAD
Aug 17 18:57:58 fedora audit[1152]: SYSCALL arch=c000003e syscall=321 success=yes exit=25 a0=5 a1=7ffe5e8439e0 a2=a8 a3=0 items=0 ppid=1 pid=1152 auid=4294967295 uid=0 gid=0 euid=0 suid=0 fsuid=0 egid=0 sgid=0 fsgid=0 tty=(none) ses=4294967295 comm="NetworkManager" exe="/usr/bin/NetworkManager" subj=system_u:system_r:kernel_t:s0 key=(null)
Aug 17 18:57:58 fedora audit: PROCTITLE proctitle=2F7573722F62696E2F4E6574776F726B4D616E61676572002D2D6E6F2D6461656D6F6E
Aug 17 18:57:58 fedora useradd[1254]: new group: name=bunny-live, GID=1000
Aug 17 18:57:58 fedora useradd[1254]: new user: name=bunny-live, UID=1000, GID=1000, home=/var/home/bunny-live, shell=/usr/bin/bash, from=none
Aug 17 18:57:58 fedora systemd[1]: Started NetworkManager-dispatcher.service - Network Manager Script Dispatcher Service.
Aug 17 18:57:58 fedora audit[1]: SERVICE_START pid=1 uid=0 auid=4294967295 ses=4294967295 subj=system_u:system_r:kernel_t:s0 msg='unit=NetworkManager-dispatcher comm="systemd" exe="/usr/lib/systemd/systemd" hostname=? addr=? terminal=? res=success'
Aug 17 18:57:58 fedora audit[1274]: AVC avc:  denied  { mounton } for  pid=1274 comm="(gssproxy)" path="/run/systemd/mount-rootfs/var/lib/gssproxy/clients" dev="overlay" ino=294 scontext=system_u:system_r:kernel_t:s0 tcontext=system_u:object_r:gssproxy_var_lib_t:s0 tclass=dir permissive=1
Aug 17 18:57:58 fedora audit[1274]: SYSCALL arch=c000003e syscall=165 success=yes exit=0 a0=55ff31599ec0 a1=7fffb2105bd0 a2=0 a3=5000 items=1 ppid=1 pid=1274 auid=4294967295 uid=0 gid=0 euid=0 suid=0 fsuid=0 egid=0 sgid=0 fsgid=0 tty=(none) ses=4294967295 comm="(gssproxy)" exe="/usr/lib/systemd/systemd-executor" subj=system_u:system_r:kernel_t:s0 key=(null)
Aug 17 18:57:58 fedora audit: CWD cwd="/"
Aug 17 18:57:58 fedora audit: PATH item=0 name="/var/lib/gssproxy/clients" inode=294 dev=00:24 mode=040700 ouid=0 ogid=0 rdev=00:00 obj=system_u:object_r:gssproxy_var_lib_t:s0 nametype=NORMAL cap_fp=0 cap_fi=0 cap_fe=0 cap_fver=0 cap_frootid=0
Aug 17 18:57:58 fedora audit: PROCTITLE proctitle="(gssproxy)"
Aug 17 18:57:58 fedora systemd[1]: Started polkit.service - Authorization Manager.
Aug 17 18:57:58 fedora audit[1]: SERVICE_START pid=1 uid=0 auid=4294967295 ses=4294967295 subj=system_u:system_r:kernel_t:s0 msg='unit=polkit comm="systemd" exe="/usr/lib/systemd/systemd" hostname=? addr=? terminal=? res=success'
Aug 17 18:57:58 fedora audit: BPF prog-id=81 op=LOAD
Aug 17 18:57:58 fedora audit: BPF prog-id=82 op=LOAD
Aug 17 18:57:58 fedora audit: BPF prog-id=83 op=LOAD
Aug 17 18:57:58 fedora audit[1]: SERVICE_START pid=1 uid=0 auid=4294967295 ses=4294967295 subj=system_u:system_r:kernel_t:s0 msg='unit=bunny-system-broker comm="systemd" exe="/usr/lib/systemd/systemd" hostname=? addr=? terminal=? res=success'
Aug 17 18:57:58 fedora systemd[1]: Started bunny-system-broker.service - Bunny OS narrowly scoped privileged broker.
Aug 17 18:57:58 fedora accounts-daemon[1233]: started daemon version 26.03.0
Aug 17 18:57:58 fedora audit[1]: SERVICE_START pid=1 uid=0 auid=4294967295 ses=4294967295 subj=system_u:system_r:kernel_t:s0 msg='unit=accounts-daemon comm="systemd" exe="/usr/lib/systemd/systemd" hostname=? addr=? terminal=? res=success'
Aug 17 18:57:58 fedora systemd[1]: Started accounts-daemon.service - Accounts Service.
Aug 17 18:57:58 fedora systemd[1]: Started udisks2.service - Disk Manager.
Aug 17 18:57:58 fedora audit[1]: SERVICE_START pid=1 uid=0 auid=4294967295 ses=4294967295 subj=system_u:system_r:kernel_t:s0 msg='unit=udisks2 comm="systemd" exe="/usr/lib/systemd/systemd" hostname=? addr=? terminal=? res=success'
Aug 17 18:57:58 fedora audit[1]: SERVICE_START pid=1 uid=0 auid=4294967295 ses=4294967295 subj=system_u:system_r:kernel_t:s0 msg='unit=sshd-keygen@rsa comm="systemd" exe="/usr/lib/systemd/systemd" hostname=? addr=? terminal=? res=success'
Aug 17 18:57:58 fedora audit[1]: SERVICE_STOP pid=1 uid=0 auid=4294967295 ses=4294967295 subj=system_u:system_r:kernel_t:s0 msg='unit=sshd-keygen@rsa comm="systemd" exe="/usr/lib/systemd/systemd" hostname=? addr=? terminal=? res=success'
Aug 17 18:57:58 fedora systemd[1]: sshd-keygen@rsa.service: Deactivated successfully.
Aug 17 18:57:58 fedora systemd[1]: Finished sshd-keygen@rsa.service - OpenSSH rsa Server Key Generation.
Aug 17 18:57:58 fedora systemd[1]: Reached target sshd-keygen.target.
Aug 17 18:57:58 fedora systemd[1]: Starting sshd.service - OpenSSH server daemon...
Aug 17 18:57:58 fedora audit[1274]: AVC avc:  denied  { read } for  pid=1274 comm="gssproxy" name="net" dev="proc" ino=4026531843 scontext=system_u:system_r:kernel_t:s0 tcontext=system_u:object_r:proc_net_t:s0 tclass=lnk_file permissive=1
Aug 17 18:57:58 fedora audit[1274]: AVC avc:  denied  { search } for  pid=1274 comm="gssproxy" name="rpc" dev="proc" ino=4026532193 scontext=system_u:system_r:kernel_t:s0 tcontext=system_u:object_r:sysctl_rpc_t:s0 tclass=dir permissive=1
Aug 17 18:57:58 fedora audit[1274]: SYSCALL arch=c000003e syscall=257 success=no exit=-2 a0=ffffffffffffff9c a1=5643e4a20d3d a2=2 a3=0 items=0 ppid=1 pid=1274 auid=4294967295 uid=0 gid=0 euid=0 suid=0 fsuid=0 egid=0 sgid=0 fsgid=0 tty=(none) ses=4294967295 comm="gssproxy" exe="/usr/bin/gssproxy" subj=system_u:system_r:kernel_t:s0 key=(null)
Aug 17 18:57:58 fedora audit: PROCTITLE proctitle="(gssproxy)"
Aug 17 18:57:58 fedora audit[1]: SERVICE_START pid=1 uid=0 auid=4294967295 ses=4294967295 subj=system_u:system_r:kernel_t:s0 msg='unit=gssproxy comm="systemd" exe="/usr/lib/systemd/systemd" hostname=? addr=? terminal=? res=success'
Aug 17 18:57:58 fedora systemd[1]: Started gssproxy.service - GSSAPI Proxy Daemon.
Aug 17 18:57:58 fedora systemd[1]: rpc-gssd.service - RPC security service for NFS client and server skipped, unmet condition check ConditionPathExists=/etc/krb5.keytab
Aug 17 18:57:58 fedora systemd[1]: Reached target nfs-client.target - NFS client services.
Aug 17 18:57:58 fedora systemd[1]: Reached target remote-fs-pre.target - Preparation for Remote File Systems.
Aug 17 18:57:58 fedora systemd[1]: Reached target remote-cryptsetup.target - Remote Encrypted Volumes.
Aug 17 18:57:58 fedora systemd[1]: Reached target remote-fs.target - Remote File Systems.
Aug 17 18:57:58 fedora systemd[1]: Reached target remote-integritysetup.target - Remote Integrity Protected Volumes.
Aug 17 18:57:58 fedora systemd[1]: Reached target remote-veritysetup.target - Remote Verity Protected Volumes.
Aug 17 18:57:58 fedora systemd[1]: Starting multipathd-queueing.service - Enable queuing for multipath maps...
Aug 17 18:57:58 fedora systemd[1]: systemd-pcrphase.service - TPM PCR Barrier (User) skipped, unmet condition check ConditionSecurity=measured-uki
Aug 17 18:57:58 fedora systemd[1]: Starting systemd-user-sessions.service - Permit User Sessions...
Aug 17 18:57:58 fedora audit[1317]: AVC avc:  denied  { remount } for  pid=1317 comm="(bunny-system-)" scontext=system_u:system_r:kernel_t:s0 tcontext=system_u:object_r:fs_t:s0 tclass=filesystem permissive=1
Aug 17 18:57:58 fedora audit[1317]: SYSCALL arch=c000003e syscall=165 success=yes exit=0 a0=0 a1=7fff3733a100 a2=0 a3=1021 items=0 ppid=1 pid=1317 auid=4294967295 uid=0 gid=0 euid=0 suid=0 fsuid=0 egid=0 sgid=0 fsgid=0 tty=(none) ses=4294967295 comm="(bunny-system-)" exe="/usr/lib/systemd/systemd-executor" subj=system_u:system_r:kernel_t:s0 key=(null)
Aug 17 18:57:58 fedora audit: PROCTITLE proctitle="(bunny-system-broker)"
Aug 17 18:57:58 fedora audit[1334]: AVC avc:  denied  { name_bind } for  pid=1334 comm="sshd" src=22 scontext=system_u:system_r:kernel_t:s0 tcontext=system_u:object_r:ssh_port_t:s0 tclass=tcp_socket permissive=1
Aug 17 18:57:58 fedora audit[1334]: AVC avc:  denied  { node_bind } for  pid=1334 comm="sshd" src=22 scontext=system_u:system_r:kernel_t:s0 tcontext=system_u:object_r:node_t:s0 tclass=tcp_socket permissive=1
Aug 17 18:57:58 fedora audit[1334]: SYSCALL arch=c000003e syscall=49 success=yes exit=0 a0=6 a1=558261c21870 a2=10 a3=7ffdbce4e02c items=0 ppid=1 pid=1334 auid=4294967295 uid=0 gid=0 euid=0 suid=0 fsuid=0 egid=0 sgid=0 fsgid=0 tty=(none) ses=4294967295 comm="sshd" exe="/usr/bin/sshd" subj=system_u:system_r:kernel_t:s0 key=(null)
Aug 17 18:57:58 fedora audit: PROCTITLE proctitle=2F7573722F7362696E2F73736864002D44
Aug 17 18:57:58 fedora sshd[1334]: Server listening on 0.0.0.0 port 22.
Aug 17 18:57:58 fedora sshd[1334]: Server listening on :: port 22.
Aug 17 18:57:58 fedora bunny-live-session[1254]: Creating mailbox file: Read-only file system
Aug 17 18:57:58 fedora audit[1317]: AVC avc:  denied  { remount } for  pid=1317 comm="(bunny-system-)" scontext=system_u:system_r:kernel_t:s0 tcontext=system_u:object_r:tracefs_t:s0 tclass=filesystem permissive=1
Aug 17 18:57:58 fedora audit[1317]: SYSCALL arch=c000003e syscall=165 success=yes exit=0 a0=0 a1=7fff3733a100 a2=0 a3=102f items=0 ppid=1 pid=1317 auid=4294967295 uid=0 gid=0 euid=0 suid=0 fsuid=0 egid=0 sgid=0 fsgid=0 tty=(none) ses=4294967295 comm="(bunny-system-)" exe="/usr/lib/systemd/systemd-executor" subj=system_u:system_r:kernel_t:s0 key=(null)
Aug 17 18:57:58 fedora audit: PROCTITLE proctitle="(bunny-system-broker)"
Aug 17 18:57:58 fedora systemd[1]: Started sshd.service - OpenSSH server daemon.
Aug 17 18:57:58 fedora audit[1]: SERVICE_START pid=1 uid=0 auid=4294967295 ses=4294967295 subj=system_u:system_r:kernel_t:s0 msg='unit=sshd comm="systemd" exe="/usr/lib/systemd/systemd" hostname=? addr=? terminal=? res=success'
Aug 17 18:57:58 fedora systemd[1]: Finished multipathd-queueing.service - Enable queuing for multipath maps.
Aug 17 18:57:58 fedora audit[1]: SERVICE_START pid=1 uid=0 auid=4294967295 ses=4294967295 subj=system_u:system_r:kernel_t:s0 msg='unit=multipathd-queueing comm="systemd" exe="/usr/lib/systemd/systemd" hostname=? addr=? terminal=? res=success'
Aug 17 18:57:58 fedora passwd[1345]: libselinux: avc:  denied  { passwd } for  scontext=system_u:system_r:kernel_t:s0 tcontext=system_u:system_r:kernel_t:s0 tclass=passwd permissive=1
Aug 17 18:57:58 fedora systemd[1]: Finished systemd-user-sessions.service - Permit User Sessions.
Aug 17 18:57:58 fedora audit[1]: SERVICE_START pid=1 uid=0 auid=4294967295 ses=4294967295 subj=system_u:system_r:kernel_t:s0 msg='unit=systemd-user-sessions comm="systemd" exe="/usr/lib/systemd/systemd" hostname=? addr=? terminal=? res=success'
Aug 17 18:57:58 fedora systemd[1]: Started upower.service - Daemon for power management.
Aug 17 18:57:58 fedora audit[1]: SERVICE_START pid=1 uid=0 auid=4294967295 ses=4294967295 subj=system_u:system_r:kernel_t:s0 msg='unit=upower comm="systemd" exe="/usr/lib/systemd/systemd" hostname=? addr=? terminal=? res=success'
Aug 17 18:57:58 fedora NetworkManager[1152]: <info>  [1786993078.2569] device (lo): state change: ip-check -> secondaries (reason 'none', managed-type: 'external')
Aug 17 18:57:58 fedora NetworkManager[1152]: <info>  [1786993078.2570] device (lo): state change: secondaries -> activated (reason 'none', managed-type: 'external')
Aug 17 18:57:58 fedora NetworkManager[1152]: <info>  [1786993078.2572] device (lo): Activation: successful, device activated.
Aug 17 18:57:58 fedora passwd[1345]: password for 'bunny-live' changed by 'root'
Aug 17 18:57:58 fedora bunny-live-session[1345]: passwd: password changed.
Aug 17 18:57:58 fedora systemd[1]: Starting plymouth-quit-wait.service - Hold until boot process finishes up...
Aug 17 18:57:58 fedora systemd[1]: Finished bunny-live-session.service - Prepare the ephemeral Bunny OS live session.
Aug 17 18:57:58 fedora audit[1]: SERVICE_START pid=1 uid=0 auid=4294967295 ses=4294967295 subj=system_u:system_r:kernel_t:s0 msg='unit=bunny-live-session comm="systemd" exe="/usr/lib/systemd/systemd" hostname=? addr=? terminal=? res=success'
Aug 17 18:57:58 fedora systemd[1]: Starting bunny-anaconda-bus.service - Anaconda private DBus for the Bunny installer backend...
Aug 17 18:57:58 fedora systemd[1]: Finished plymouth-quit-wait.service - Hold until boot process finishes up.
Aug 17 18:57:58 fedora audit[1]: SERVICE_START pid=1 uid=0 auid=4294967295 ses=4294967295 subj=system_u:system_r:kernel_t:s0 msg='unit=plymouth-quit-wait comm="systemd" exe="/usr/lib/systemd/systemd" hostname=? addr=? terminal=? res=success'
Aug 17 18:57:58 fedora audit[1]: USER_AVC pid=1 uid=0 auid=4294967295 ses=4294967295 subj=system_u:system_r:kernel_t:s0 msg='avc:  denied  { reload } for auid=n/a uid=0 gid=0 path="/usr/lib/systemd/system/iscsi.service" cmdline="" function="bus_unit_method_start_generic" scontext=system_u:system_r:kernel_t:s0 tcontext=system_u:object_r:unlabeled_t:s0 tclass=service permissive=1 exe="/usr/lib/systemd/systemd" sauid=0 hostname=? addr=? terminal=?'
Aug 17 18:57:58 fedora systemd[1]: iscsi.service: Unit cannot be reloaded because it is inactive.
Aug 17 18:57:58 fedora audit[1352]: AVC avc:  denied  { create } for  pid=1352 comm="dbus-daemon" scontext=system_u:system_r:kernel_t:s0 tcontext=system_u:system_r:kernel_t:s0 tclass=netlink_selinux_socket permissive=1
Aug 17 18:57:58 fedora audit[1352]: SYSCALL arch=c000003e syscall=41 success=yes exit=6 a0=10 a1=80003 a2=7 a3=0 items=0 ppid=1 pid=1352 auid=4294967295 uid=0 gid=0 euid=0 suid=0 fsuid=0 egid=0 sgid=0 fsgid=0 tty=(none) ses=4294967295 comm="dbus-daemon" exe="/usr/bin/dbus-daemon" subj=system_u:system_r:kernel_t:s0 key=(null)
Aug 17 18:57:58 fedora audit: PROCTITLE proctitle=2F7573722F62696E2F646275732D6461656D6F6E002D2D636F6E6669672D66696C653D2F7573722F73686172652F616E61636F6E64612F646275732F616E61636F6E64612D6275732E636F6E66002D2D616464726573733D756E69783A706174683D2F72756E2F616E61636F6E64612F6275732E736F636B6574002D2D6E6F66
Aug 17 18:57:58 fedora systemd[1]: Started bunny-anaconda-bus.service - Anaconda private DBus for the Bunny installer backend.
Aug 17 18:57:58 fedora audit[1]: SERVICE_START pid=1 uid=0 auid=4294967295 ses=4294967295 subj=system_u:system_r:kernel_t:s0 msg='unit=bunny-anaconda-bus comm="systemd" exe="/usr/lib/systemd/systemd" hostname=? addr=? terminal=? res=success'
Aug 17 18:57:58 fedora systemd[1]: Started bunny-installer-backend.service - Bunny OS live installer backend.
Aug 17 18:57:58 fedora audit[1]: SERVICE_START pid=1 uid=0 auid=4294967295 ses=4294967295 subj=system_u:system_r:kernel_t:s0 msg='unit=bunny-installer-backend comm="systemd" exe="/usr/lib/systemd/systemd" hostname=? addr=? terminal=? res=success'
Aug 17 18:57:58 fedora systemd[1]: Starting gdm.service - GNOME Display Manager...
Aug 17 18:57:58 fedora audit[1372]: AVC avc:  denied  { mounton } for  pid=1372 comm="(bunny-install)" path="/run/systemd/mount-rootfs/var/mnt" dev="overlay" ino=270 scontext=system_u:system_r:kernel_t:s0 tcontext=system_u:object_r:mnt_t:s0 tclass=dir permissive=1
Aug 17 18:57:58 fedora audit[1372]: SYSCALL arch=c000003e syscall=165 success=yes exit=0 a0=5580ba71cfd0 a1=7ffde809e140 a2=0 a3=5000 items=1 ppid=1 pid=1372 auid=4294967295 uid=0 gid=0 euid=0 suid=0 fsuid=0 egid=0 sgid=0 fsgid=0 tty=(none) ses=4294967295 comm="(bunny-install)" exe="/usr/lib/systemd/systemd-executor" subj=system_u:system_r:kernel_t:s0 key=(null)
Aug 17 18:57:58 fedora audit: CWD cwd="/"
Aug 17 18:57:58 fedora audit: PATH item=0 name="/run/systemd/mount-rootfs/./var/mnt" inode=270 dev=00:24 mode=040755 ouid=0 ogid=0 rdev=00:00 obj=system_u:object_r:mnt_t:s0 nametype=NORMAL cap_fp=0 cap_fi=0 cap_fe=0 cap_fver=0 cap_frootid=0
Aug 17 18:57:58 fedora audit: PROCTITLE proctitle="(bunny-installer-backend)"
Aug 17 18:57:58 fedora systemd[1]: Started gdm.service - GNOME Display Manager.
Aug 17 18:57:58 fedora audit[1]: SERVICE_START pid=1 uid=0 auid=4294967295 ses=4294967295 subj=system_u:system_r:kernel_t:s0 msg='unit=gdm comm="systemd" exe="/usr/lib/systemd/systemd" hostname=? addr=? terminal=? res=success'
Aug 17 18:57:58 fedora NetworkManager[1152]: <info>  [1786993078.3336] dhcp4 (enp0s3): state changed new lease, address=10.0.2.15
Aug 17 18:57:58 fedora audit: BPF prog-id=84 op=LOAD
Aug 17 18:57:58 fedora audit[1152]: SYSCALL arch=c000003e syscall=321 success=yes exit=25 a0=5 a1=7ffe5e8439e0 a2=a8 a3=0 items=0 ppid=1 pid=1152 auid=4294967295 uid=0 gid=0 euid=0 suid=0 fsuid=0 egid=0 sgid=0 fsgid=0 tty=(none) ses=4294967295 comm="NetworkManager" exe="/usr/bin/NetworkManager" subj=system_u:system_r:kernel_t:s0 key=(null)
Aug 17 18:57:58 fedora audit: PROCTITLE proctitle=2F7573722F62696E2F4E6574776F726B4D616E61676572002D2D6E6F2D6461656D6F6E
Aug 17 18:57:58 fedora avahi-daemon[1145]: Joining mDNS multicast group on interface enp0s3.IPv4 with address 10.0.2.15.
Aug 17 18:57:58 fedora NetworkManager[1152]: <info>  [1786993078.3343] policy: set 'Wired connection 1' (enp0s3) as default for IPv4 routing and DNS
Aug 17 18:57:58 fedora avahi-daemon[1145]: New relevant interface enp0s3.IPv4 for mDNS.
Aug 17 18:57:58 fedora avahi-daemon[1145]: Registering new address record for 10.0.2.15 on enp0s3.IPv4.
Aug 17 18:57:58 fedora audit[1152]: AVC avc:  denied  { name_bind } for  pid=1152 comm="NetworkManager" src=68 scontext=system_u:system_r:kernel_t:s0 tcontext=system_u:object_r:dhcpc_port_t:s0 tclass=udp_socket permissive=1
Aug 17 18:57:58 fedora audit[1152]: SYSCALL arch=c000003e syscall=49 success=yes exit=0 a0=19 a1=7ffe5e8426b0 a2=10 a3=7ffe5e84268c items=0 ppid=1 pid=1152 auid=4294967295 uid=0 gid=0 euid=0 suid=0 fsuid=0 egid=0 sgid=0 fsgid=0 tty=(none) ses=4294967295 comm="NetworkManager" exe="/usr/bin/NetworkManager" subj=system_u:system_r:kernel_t:s0 key=(null)
Aug 17 18:57:58 fedora audit: PROCTITLE proctitle=2F7573722F62696E2F4E6574776F726B4D616E61676572002D2D6E6F2D6461656D6F6E
Aug 17 18:57:58 fedora systemd-resolved[1032]: enp0s3: Bus client set default route setting: yes
Aug 17 18:57:58 fedora systemd-resolved[1032]: enp0s3: Bus client set DNS server list to: 10.0.2.3
Aug 17 18:57:58 fedora audit: BPF prog-id=80 op=UNLOAD
Aug 17 18:57:58 fedora NetworkManager[1152]: <info>  [1786993078.3403] device (enp0s3): state change: ip-config -> ip-check (reason 'none', managed-type: 'full')
Aug 17 18:57:58 fedora bunny-system-broker[1317]: {"event":"broker.request","latencyMs":4,"method":"system.status.read","outcome":"ok","pid":1147,"requestId":"6f3d59ae-501c-4314-8f14-c00e8fe0d659","uid":0,"version":"0.1.0"}
Aug 17 18:57:58 fedora bunny-health-check[1147]: {"advisory": {"bunnyArtifactVerified": false, "graphicsDevicePresent": false, "networkManagerStatePresent": true}, "checkedAt": "2026-08-17T18:57:58.373567Z", "cloudRequired": false, "healthy": false, "required": {"brokerSocket": true, "bunnyStateBoundaryWritable": true, "networkStack": true, "rootDeployment": false, "systemStateWritable": true, "userHomesPresent": true}, "schemaVersion": 1}
Aug 17 18:57:58 fedora systemd[1]: bunny-health-check.service: Main process exited, code=exited, status=1/FAILURE
Aug 17 18:57:58 fedora systemd[1]: bunny-health-check.service: Failed with result 'exit-code'.
Aug 17 18:57:58 fedora systemd[1]: Failed to start bunny-health-check.service - Bunny OS boot health check.
Aug 17 18:57:58 fedora audit[1]: SERVICE_START pid=1 uid=0 auid=4294967295 ses=4294967295 subj=system_u:system_r:kernel_t:s0 msg='unit=bunny-health-check comm="systemd" exe="/usr/lib/systemd/systemd" hostname=? addr=? terminal=? res=failed'
Aug 17 18:57:58 fedora NetworkManager[1152]: <info>  [1786993078.3953] device (enp0s3): state change: ip-check -> secondaries (reason 'none', managed-type: 'full')
Aug 17 18:57:58 fedora NetworkManager[1152]: <info>  [1786993078.3955] device (enp0s3): state change: secondaries -> activated (reason 'none', managed-type: 'full')
Aug 17 18:57:58 fedora NetworkManager[1152]: <info>  [1786993078.3957] manager: NetworkManager state is now CONNECTED_SITE
Aug 17 18:57:58 fedora NetworkManager[1152]: <info>  [1786993078.3958] device (enp0s3): Activation: successful, device activated.
Aug 17 18:57:58 fedora NetworkManager[1152]: <info>  [1786993078.3960] manager: NetworkManager state is now CONNECTED_GLOBAL
Aug 17 18:57:58 fedora NetworkManager[1152]: <info>  [1786993078.3960] manager: startup complete
Aug 17 18:57:58 fedora systemd[1]: Reached target multi-user.target - Multi-User System.
Aug 17 18:57:58 fedora audit: BPF prog-id=64 op=UNLOAD
Aug 17 18:57:58 fedora systemd[1]: Reached target graphical.target - Graphical Interface.
Aug 17 18:57:58 fedora systemd[1]: Startup finished in 2.050s (kernel) + 2.561s (initrd) + 6.935s (userspace) = 11.548s.
Aug 17 18:57:58 fedora audit[1383]: AUDIT1100 pid=1383 uid=0 auid=4294967295 ses=4294967295 subj=system_u:system_r:kernel_t:s0 msg='op=PAM:authentication grantors=pam_permit acct="bunny-live" exe="/usr/libexec/gdm-session-worker" hostname=fedora addr=? terminal=/dev/tty1 res=success'
Aug 17 18:57:58 fedora systemd[1]: iscsi.service: Unit cannot be reloaded because it is inactive.
Aug 17 18:57:58 fedora audit[1383]: AUDIT1101 pid=1383 uid=0 auid=4294967295 ses=4294967295 subj=system_u:system_r:kernel_t:s0 msg='op=PAM:accounting grantors=pam_unix acct="bunny-live" exe="/usr/libexec/gdm-session-worker" hostname=fedora addr=? terminal=/dev/tty1 res=success'
Aug 17 18:57:58 fedora audit[1383]: AUDIT1103 pid=1383 uid=0 auid=4294967295 ses=4294967295 subj=system_u:system_r:kernel_t:s0 msg='op=PAM:setcred grantors=pam_gdm,pam_permit acct="bunny-live" exe="/usr/libexec/gdm-session-worker" hostname=fedora addr=? terminal=/dev/tty1 res=success'
Aug 17 18:57:58 fedora audit[1383]: SYSCALL arch=c000003e syscall=1 success=yes exit=4 a0=9 a1=7ffff6e7f4a0 a2=4 a3=0 items=0 ppid=1373 pid=1383 auid=1000 uid=0 gid=1000 euid=0 suid=0 fsuid=0 egid=1000 sgid=1000 fsgid=1000 tty=(none) ses=1 comm="gdm-session-wor" exe="/usr/libexec/gdm-session-worker" subj=system_u:system_r:kernel_t:s0 key=(null)
Aug 17 18:57:58 fedora audit: PROCTITLE proctitle=67646D2D73657373696F6E2D776F726B6572205B70616D2F67646D2D6175746F6C6F67696E5D
Aug 17 18:57:58 fedora audit[1383]: AVC avc:  denied  { check_context } for  pid=1383 comm="gdm-session-wor" scontext=system_u:system_r:kernel_t:s0 tcontext=system_u:object_r:security_t:s0 tclass=security permissive=1
Aug 17 18:57:58 fedora audit[1383]: SYSCALL arch=c000003e syscall=1 success=yes exit=42 a0=9 a1=55df8b87e980 a2=2a a3=0 items=0 ppid=1373 pid=1383 auid=1000 uid=0 gid=1000 euid=0 suid=0 fsuid=0 egid=1000 sgid=1000 fsgid=1000 tty=(none) ses=1 comm="gdm-session-wor" exe="/usr/libexec/gdm-session-worker" subj=system_u:system_r:kernel_t:s0 key=(null)
Aug 17 18:57:58 fedora audit: PROCTITLE proctitle=67646D2D73657373696F6E2D776F726B6572205B70616D2F67646D2D6175746F6C6F67696E5D
Aug 17 18:57:58 fedora audit[1383]: AVC avc:  denied  { compute_relabel } for  pid=1383 comm="gdm-session-wor" scontext=system_u:system_r:kernel_t:s0 tcontext=system_u:object_r:security_t:s0 tclass=security permissive=1
Aug 17 18:57:58 fedora audit[1383]: SYSCALL arch=c000003e syscall=1 success=yes exit=78 a0=9 a1=55df8b891310 a2=4e a3=0 items=0 ppid=1373 pid=1383 auid=1000 uid=0 gid=1000 euid=0 suid=0 fsuid=0 egid=1000 sgid=1000 fsgid=1000 tty=(none) ses=1 comm="gdm-session-wor" exe="/usr/libexec/gdm-session-worker" subj=system_u:system_r:kernel_t:s0 key=(null)
Aug 17 18:57:58 fedora audit: PROCTITLE proctitle=67646D2D73657373696F6E2D776F726B6572205B70616D2F67646D2D6175746F6C6F67696E5D
Aug 17 18:57:58 fedora audit[1383]: AVC avc:  denied  { relabelfrom } for  pid=1383 comm="gdm-session-wor" name="tty2" dev="devtmpfs" ino=21 scontext=system_u:system_r:kernel_t:s0 tcontext=system_u:object_r:tty_device_t:s0 tclass=chr_file permissive=1
Aug 17 18:57:58 fedora audit[1383]: AVC avc:  denied  { relabelto } for  pid=1383 comm="gdm-session-wor" name="tty2" dev="devtmpfs" ino=21 scontext=system_u:system_r:kernel_t:s0 tcontext=unconfined_u:object_r:user_tty_device_t:s0 tclass=chr_file permissive=1
Aug 17 18:57:58 fedora audit[1383]: SYSCALL arch=c000003e syscall=188 success=yes exit=0 a0=55df8b88f820 a1=7efc8458706f a2=55df8b87e980 a3=2b items=0 ppid=1373 pid=1383 auid=1000 uid=0 gid=1000 euid=0 suid=0 fsuid=0 egid=1000 sgid=1000 fsgid=1000 tty=(none) ses=1 comm="gdm-session-wor" exe="/usr/libexec/gdm-session-worker" subj=system_u:system_r:kernel_t:s0 key=(null)
Aug 17 18:57:58 fedora audit: PROCTITLE proctitle=67646D2D73657373696F6E2D776F726B6572205B70616D2F67646D2D6175746F6C6F67696E5D
Aug 17 18:57:58 fedora audit[1383]: AVC avc:  denied  { setexec } for  pid=1383 comm="gdm-session-wor" scontext=system_u:system_r:kernel_t:s0 tcontext=system_u:system_r:kernel_t:s0 tclass=process permissive=1
Aug 17 18:57:58 fedora audit[1383]: SYSCALL arch=c000003e syscall=1 success=yes exit=42 a0=9 a1=55df8b87e9c0 a2=2a a3=0 items=0 ppid=1373 pid=1383 auid=1000 uid=0 gid=1000 euid=0 suid=0 fsuid=0 egid=1000 sgid=1000 fsgid=1000 tty=(none) ses=1 comm="gdm-session-wor" exe="/usr/libexec/gdm-session-worker" subj=system_u:system_r:kernel_t:s0 key=(null)
Aug 17 18:57:58 fedora audit: PROCTITLE proctitle=67646D2D73657373696F6E2D776F726B6572205B70616D2F67646D2D6175746F6C6F67696E5D
Aug 17 18:57:58 fedora audit[1383]: AUDIT2300 pid=1383 uid=0 auid=1000 ses=1 subj=system_u:system_r:kernel_t:s0 msg='op=pam_selinux default-context=unconfined_u:unconfined_r:unconfined_t:s0 selected-context=unconfined_u:unconfined_r:unconfined_t:s0 exe="/usr/libexec/gdm-session-worker" hostname=fedora addr=? terminal=/dev/tty2 res=success'
Aug 17 18:57:58 fedora audit[1383]: AVC avc:  denied  { create } for  pid=1383 comm="gdm-session-wor" scontext=system_u:system_r:kernel_t:s0 tcontext=unconfined_u:unconfined_r:unconfined_t:s0 tclass=key permissive=1
Aug 17 18:57:58 fedora audit[1383]: SYSCALL arch=c000003e syscall=1 success=yes exit=42 a0=9 a1=55df8b87e980 a2=2a a3=0 items=0 ppid=1373 pid=1383 auid=1000 uid=0 gid=1000 euid=0 suid=0 fsuid=0 egid=1000 sgid=1000 fsgid=1000 tty=(none) ses=1 comm="gdm-session-wor" exe="/usr/libexec/gdm-session-worker" subj=system_u:system_r:kernel_t:s0 key=(null)
Aug 17 18:57:58 fedora audit: PROCTITLE proctitle=67646D2D73657373696F6E2D776F726B6572205B70616D2F67646D2D6175746F6C6F67696E5D
Aug 17 18:57:58 fedora audit[1383]: AVC avc:  denied  { write } for  pid=1383 comm="gdm-session-wor" scontext=system_u:system_r:kernel_t:s0 tcontext=unconfined_u:unconfined_r:unconfined_t:s0 tclass=key permissive=1
Aug 17 18:57:58 fedora audit[1383]: SYSCALL arch=c000003e syscall=250 success=yes exit=0 a0=8 a1=fffffffc a2=fffffffd a3=7efc847c64f0 items=0 ppid=1373 pid=1383 auid=1000 uid=1000 gid=1000 euid=0 suid=0 fsuid=0 egid=1000 sgid=1000 fsgid=1000 tty=(none) ses=1 comm="gdm-session-wor" exe="/usr/libexec/gdm-session-worker" subj=system_u:system_r:kernel_t:s0 key=(null)
Aug 17 18:57:58 fedora audit: PROCTITLE proctitle=67646D2D73657373696F6E2D776F726B6572205B70616D2F67646D2D6175746F6C6F67696E5D
Aug 17 18:57:58 fedora systemd[1]: Created slice user-1000.slice - User Slice of UID 1000.
Aug 17 18:57:58 fedora audit[1]: USER_AVC pid=1 uid=0 auid=4294967295 ses=4294967295 subj=system_u:system_r:kernel_t:s0 msg='avc:  denied  { start } for auid=n/a uid=0 gid=0 cmdline="/usr/lib/systemd/systemd-logind" function="method_start_transient_unit" scontext=system_u:system_r:kernel_t:s0 tcontext=system_u:system_r:kernel_t:s0 tclass=system permissive=1 exe="/usr/lib/systemd/systemd" sauid=0 hostname=? addr=? terminal=?'
Aug 17 18:57:58 fedora systemd[1]: Starting user-runtime-dir@1000.service - User Runtime Directory /run/user/1000...
Aug 17 18:57:58 fedora systemd-logind[1238]: New session '1' of user 'bunny-live' with class 'user' and type 'wayland'.
Aug 17 18:57:58 fedora audit[1445]: AVC avc:  denied  { mounton } for  pid=1445 comm="systemd-user-ru" path="/run/user/1000" dev="tmpfs" ino=2244 scontext=system_u:system_r:kernel_t:s0 tcontext=unconfined_u:object_r:user_tmp_t:s0 tclass=dir permissive=1
Aug 17 18:57:58 fedora audit[1445]: SYSCALL arch=c000003e syscall=165 success=yes exit=0 a0=55ab18f924aa a1=7fff27e518c0 a2=55ab18f924aa a3=6 items=0 ppid=1 pid=1445 auid=4294967295 uid=0 gid=0 euid=0 suid=0 fsuid=0 egid=0 sgid=0 fsgid=0 tty=(none) ses=4294967295 comm="systemd-user-ru" exe="/usr/lib/systemd/systemd-user-runtime-dir" subj=system_u:system_r:kernel_t:s0 key=(null)
Aug 17 18:57:58 fedora audit: PROCTITLE proctitle=2F7573722F6C69622F73797374656D642F73797374656D642D757365722D72756E74696D652D6469720073746172740031303030
Aug 17 18:57:58 fedora audit[1445]: AVC avc:  denied  { quotaget } for  pid=1445 comm="systemd-user-ru" scontext=system_u:system_r:kernel_t:s0 tcontext=system_u:object_r:tmpfs_t:s0 tclass=filesystem permissive=1
Aug 17 18:57:58 fedora audit[1445]: SYSCALL arch=c000003e syscall=443 success=yes exit=0 a0=4 a1=80000700 a2=3e8 a3=7fff27e517f0 items=0 ppid=1 pid=1445 auid=4294967295 uid=0 gid=0 euid=0 suid=0 fsuid=0 egid=0 sgid=0 fsgid=0 tty=(none) ses=4294967295 comm="systemd-user-ru" exe="/usr/lib/systemd/systemd-user-runtime-dir" subj=system_u:system_r:kernel_t:s0 key=(null)
Aug 17 18:57:58 fedora audit: PROCTITLE proctitle=2F7573722F6C69622F73797374656D642F73797374656D642D757365722D72756E74696D652D6469720073746172740031303030
Aug 17 18:57:58 fedora audit[1445]: AVC avc:  denied  { quotamod } for  pid=1445 comm="systemd-user-ru" scontext=system_u:system_r:kernel_t:s0 tcontext=system_u:object_r:tmpfs_t:s0 tclass=filesystem permissive=1
Aug 17 18:57:58 fedora audit[1445]: SYSCALL arch=c000003e syscall=443 success=yes exit=0 a0=4 a1=80000800 a2=3e8 a3=7fff27e517f0 items=0 ppid=1 pid=1445 auid=4294967295 uid=0 gid=0 euid=0 suid=0 fsuid=0 egid=0 sgid=0 fsgid=0 tty=(none) ses=4294967295 comm="systemd-user-ru" exe="/usr/lib/systemd/systemd-user-runtime-dir" subj=system_u:system_r:kernel_t:s0 key=(null)
Aug 17 18:57:58 fedora audit: PROCTITLE proctitle=2F7573722F6C69622F73797374656D642F73797374656D642D757365722D72756E74696D652D6469720073746172740031303030
Aug 17 18:57:58 fedora systemd-user-runtime-dir[1445]: Successfully configured disk quota for UID 1000 on /tmp to 2.3G
Aug 17 18:57:58 fedora systemd-user-runtime-dir[1445]: Successfully configured disk quota for UID 1000 on /dev/shm to 2.3G
Aug 17 18:57:58 fedora audit[1]: SERVICE_START pid=1 uid=0 auid=4294967295 ses=4294967295 subj=system_u:system_r:kernel_t:s0 msg='unit=user-runtime-dir@1000 comm="systemd" exe="/usr/lib/systemd/systemd" hostname=? addr=? terminal=? res=success'
Aug 17 18:57:58 fedora systemd[1]: Finished user-runtime-dir@1000.service - User Runtime Directory /run/user/1000.
Aug 17 18:57:58 fedora systemd[1]: Starting user@1000.service - User Manager for UID 1000...
Aug 17 18:57:58 fedora audit[1352]: USER_AVC pid=1352 uid=0 auid=4294967295 ses=4294967295 subj=system_u:system_r:kernel_t:s0 msg='avc:  denied  { send_msg } for msgtype=method_call interface=org.freedesktop.DBus member=Hello dest=org.freedesktop.DBus spid=1372 scontext=system_u:system_r:kernel_t:s0 tcontext=system_u:system_r:kernel_t:s0 tclass=dbus permissive=1 exe="/usr/bin/dbus-daemon" sauid=0 hostname=? addr=? terminal=?'
Aug 17 18:57:58 fedora dbus-daemon[1352]: dbus-daemon[1352]: Activating service name='org.fedoraproject.Anaconda.Boss' requested by ':1.0' (uid=0 pid=1372 comm="/usr/bin/python3 /usr/libexec/bunny-installer-back" label="system_u:system_r:kernel_t:s0")
Aug 17 18:57:58 fedora audit[1447]: AUDIT1101 pid=1447 uid=0 auid=4294967295 ses=4294967295 subj=system_u:system_r:kernel_t:s0 msg='op=PAM:accounting grantors=pam_unix acct="bunny-live" exe="/usr/lib/systemd/systemd-executor" hostname=? addr=? terminal=? res=success'
Aug 17 18:57:58 fedora audit[1447]: AUDIT1103 pid=1447 uid=0 auid=4294967295 ses=4294967295 subj=system_u:system_r:kernel_t:s0 msg='op=PAM:setcred grantors=? acct="bunny-live" exe="/usr/lib/systemd/systemd-executor" hostname=? addr=? terminal=? res=failed'
Aug 17 18:57:58 fedora audit[1447]: AUDIT2300 pid=1447 uid=0 auid=4294967295 ses=4294967295 subj=system_u:system_r:kernel_t:s0 msg='op=pam_selinux default-context=unconfined_u:unconfined_r:unconfined_t:s0 selected-context=unconfined_u:unconfined_r:unconfined_t:s0 exe="/usr/lib/systemd/systemd-executor" hostname=? addr=? terminal=? res=success'
Aug 17 18:57:58 fedora audit[1447]: SYSCALL arch=c000003e syscall=1 success=yes exit=4 a0=9 a1=7fff3aafe5b0 a2=4 a3=0 items=0 ppid=1 pid=1447 auid=1000 uid=0 gid=0 euid=0 suid=0 fsuid=0 egid=0 sgid=0 fsgid=0 tty=(none) ses=2 comm="(systemd)" exe="/usr/lib/systemd/systemd-executor" subj=system_u:system_r:kernel_t:s0 key=(null)
Aug 17 18:57:58 fedora audit: PROCTITLE proctitle="(systemd)"
Aug 17 18:57:58 fedora systemd-logind[1238]: New session '2' of user 'bunny-live' with class 'manager' and type 'unspecified'.
Aug 17 18:57:58 fedora audit[1447]: AUDIT1105 pid=1447 uid=0 auid=1000 ses=2 subj=system_u:system_r:kernel_t:s0 msg='op=PAM:session_open grantors=pam_selinux,pam_selinux,pam_loginuid,pam_keyinit,pam_namespace,pam_systemd_home,pam_umask,pam_keyinit,pam_limits,pam_systemd,pam_unix acct="bunny-live" exe="/usr/lib/systemd/systemd-executor" hostname=? addr=? terminal=? res=success'
Aug 17 18:57:58 fedora (systemd)[1447]: pam_unix(systemd-user:session): session opened for user bunny-live(uid=1000) by bunny-live(uid=0)
Aug 17 18:57:58 fedora audit[1447]: AVC avc:  denied  { transition } for  pid=1447 comm="(systemd)" path="/usr/lib/systemd/systemd" dev="overlay" ino=27287 scontext=system_u:system_r:kernel_t:s0 tcontext=unconfined_u:unconfined_r:unconfined_t:s0 tclass=process permissive=1
Aug 17 18:57:58 fedora audit[1447]: AVC avc:  denied  { entrypoint } for  pid=1447 comm="(systemd)" path="/usr/lib/systemd/systemd" dev="overlay" ino=27287 scontext=unconfined_u:unconfined_r:unconfined_t:s0 tcontext=system_u:object_r:unlabeled_t:s0 tclass=file permissive=1
Aug 17 18:57:58 fedora audit[1447]: SYSCALL arch=c000003e syscall=59 success=yes exit=0 a0=561cb37765d0 a1=561cb375b2f0 a2=561cb378f600 a3=0 items=1 ppid=1 pid=1447 auid=1000 uid=1000 gid=1000 euid=1000 suid=1000 fsuid=1000 egid=1000 sgid=1000 fsgid=1000 tty=(none) ses=2 comm="systemd" exe="/usr/lib/systemd/systemd" subj=unconfined_u:unconfined_r:unconfined_t:s0 key=(null)
Aug 17 18:57:58 fedora audit: EXECVE argc=2 a0="/usr/lib/systemd/systemd" a1="--user"
Aug 17 18:57:58 fedora audit: CWD cwd="/"
Aug 17 18:57:58 fedora audit: PATH item=0 name="/lib64/ld-linux-x86-64.so.2" inode=113098 dev=00:24 mode=0100755 ouid=0 ogid=0 rdev=00:00 obj=system_u:object_r:unlabeled_t:s0 nametype=NORMAL cap_fp=0 cap_fi=0 cap_fe=0 cap_fver=0 cap_frootid=0
Aug 17 18:57:58 fedora audit: PROCTITLE proctitle="(systemd)"
Aug 17 18:57:58 fedora audit[1]: AVC avc:  denied  { read } for  pid=1 comm="systemd" name="cgroup" dev="proc" ino=17765 scontext=system_u:system_r:kernel_t:s0 tcontext=unconfined_u:unconfined_r:unconfined_t:s0 tclass=file permissive=1
Aug 17 18:57:58 fedora audit[1]: AVC avc:  denied  { open } for  pid=1 comm="systemd" path="/proc/1447/cgroup" dev="proc" ino=17765 scontext=system_u:system_r:kernel_t:s0 tcontext=unconfined_u:unconfined_r:unconfined_t:s0 tclass=file permissive=1
Aug 17 18:57:58 fedora audit[1]: AVC avc:  denied  { getattr } for  pid=1 comm="systemd" path="/proc/1447/cgroup" dev="proc" ino=17765 scontext=system_u:system_r:kernel_t:s0 tcontext=unconfined_u:unconfined_r:unconfined_t:s0 tclass=file permissive=1
Aug 17 18:57:58 fedora audit[1]: AVC avc:  denied  { ioctl } for  pid=1 comm="systemd" path="/proc/1447/cgroup" dev="proc" ino=17765 ioctlcmd=0x542a scontext=system_u:system_r:kernel_t:s0 tcontext=unconfined_u:unconfined_r:unconfined_t:s0 tclass=file permissive=1
Aug 17 18:57:58 fedora audit[1460]: AVC avc:  denied  { execute_no_trans } for  pid=1460 comm="firewalld" path="/usr/bin/xtables-nft-multi" dev="overlay" ino=32073 scontext=system_u:system_r:kernel_t:s0 tcontext=system_u:object_r:unlabeled_t:s0 tclass=file permissive=1
Aug 17 18:57:58 fedora audit[1460]: SYSCALL arch=c000003e syscall=59 success=yes exit=0 a0=7f70d3499490 a1=7f70d33b1ce0 a2=7f70d5411810 a3=8 items=1 ppid=1151 pid=1460 auid=4294967295 uid=0 gid=0 euid=0 suid=0 fsuid=0 egid=0 sgid=0 fsgid=0 tty=(none) ses=4294967295 comm="iptables" exe="/usr/bin/xtables-nft-multi" subj=system_u:system_r:kernel_t:s0 key=(null)
Aug 17 18:57:58 fedora audit: BPRM_FCAPS fver=0 fp=0 fi=0 fe=0 old_pp=000001f3f5fdffff old_pi=0 old_pe=000001f3f5fdffff old_pa=0 pp=000001f3f5fdffff pi=0 pe=000001f3f5fdffff pa=0 frootid=0
Aug 17 18:57:58 fedora audit: EXECVE argc=4 a0="/usr/sbin/iptables" a1="-w" a2="-L" a3="-n"
Aug 17 18:57:58 fedora audit: CWD cwd="/"
Aug 17 18:57:58 fedora audit: PATH item=0 name="/lib64/ld-linux-x86-64.so.2" inode=113098 dev=00:24 mode=0100755 ouid=0 ogid=0 rdev=00:00 obj=system_u:object_r:unlabeled_t:s0 nametype=NORMAL cap_fp=0 cap_fi=0 cap_fe=0 cap_fver=0 cap_frootid=0
Aug 17 18:57:58 fedora audit: PROCTITLE proctitle=2F7573722F7362696E2F69707461626C6573002D77002D4C002D6E
Aug 17 18:57:58 fedora audit[1460]: AVC avc:  denied  { create } for  pid=1460 comm="iptables" scontext=system_u:system_r:kernel_t:s0 tcontext=system_u:system_r:kernel_t:s0 tclass=netlink_netfilter_socket permissive=1
Aug 17 18:57:58 fedora audit[1460]: SYSCALL arch=c000003e syscall=41 success=yes exit=3 a0=10 a1=3 a2=c a3=7faccaa09ac8 items=0 ppid=1151 pid=1460 auid=4294967295 uid=0 gid=0 euid=0 suid=0 fsuid=0 egid=0 sgid=0 fsgid=0 tty=(none) ses=4294967295 comm="iptables" exe="/usr/bin/xtables-nft-multi" subj=system_u:system_r:kernel_t:s0 key=(null)
Aug 17 18:57:58 fedora audit: PROCTITLE proctitle=2F7573722F7362696E2F69707461626C6573002D77002D4C002D6E
Aug 17 18:57:58 fedora audit[1151]: NETFILTER_CFG table=firewalld_probe:2 family=1 entries=1 op=nft_register_table pid=1151 subj=system_u:system_r:kernel_t:s0 comm="firewalld"
Aug 17 18:57:58 fedora audit[1151]: SYSCALL arch=c000003e syscall=46 success=yes exit=108 a0=5 a1=7ffd5641b530 a2=0 a3=0 items=0 ppid=1 pid=1151 auid=4294967295 uid=0 gid=0 euid=0 suid=0 fsuid=0 egid=0 sgid=0 fsgid=0 tty=(none) ses=4294967295 comm="firewalld" exe="/usr/bin/python3.14" subj=system_u:system_r:kernel_t:s0 key=(null)
Aug 17 18:57:58 fedora audit: PROCTITLE proctitle="(firewalld)"
Aug 17 18:57:58 fedora audit[1151]: NETFILTER_CFG table=firewalld_probe:3 family=1 entries=1 op=nft_unregister_table pid=1151 subj=system_u:system_r:kernel_t:s0 comm="firewalld"
Aug 17 18:57:58 fedora audit[1151]: SYSCALL arch=c000003e syscall=46 success=yes exit=80 a0=5 a1=7ffd5641b530 a2=0 a3=0 items=0 ppid=1 pid=1151 auid=4294967295 uid=0 gid=0 euid=0 suid=0 fsuid=0 egid=0 sgid=0 fsgid=0 tty=(none) ses=4294967295 comm="firewalld" exe="/usr/bin/python3.14" subj=system_u:system_r:kernel_t:s0 key=(null)
Aug 17 18:57:58 fedora audit: PROCTITLE proctitle="(firewalld)"
Aug 17 18:57:58 fedora systemd[1447]: Queued start job for default target default.target.
Aug 17 18:57:58 fedora audit[992]: AVC avc:  denied  { read } for  pid=992 comm="systemd-journal" name="exe" dev="proc" ino=17096 scontext=system_u:system_r:kernel_t:s0 tcontext=unconfined_u:unconfined_r:unconfined_t:s0 tclass=lnk_file permissive=1
Aug 17 18:57:58 fedora audit[1143]: AVC avc:  denied  { compute_av } for  pid=1143 comm="dbus-broker" scontext=system_u:system_r:kernel_t:s0 tcontext=system_u:object_r:security_t:s0 tclass=security permissive=1
Aug 17 18:57:58 fedora audit[1143]: SYSCALL arch=c000003e syscall=1 success=yes exit=76 a0=30 a1=557dc9482850 a2=4c a3=0 items=0 ppid=1141 pid=1143 auid=4294967295 uid=81 gid=81 euid=81 suid=81 fsuid=81 egid=81 sgid=81 fsgid=81 tty=(none) ses=4294967295 comm="dbus-broker" exe="/usr/bin/dbus-broker" subj=system_u:system_r:kernel_t:s0 key=(null)
Aug 17 18:57:58 fedora audit: PROCTITLE proctitle=646275732D62726F6B6572002D2D6C6F67003130002D2D636F6E74726F6C6C65720039002D2D6D616368696E652D6964006638663263356633613835383438303161626237613765376332343061663933002D2D6D61782D627974657300353336383730393132002D2D6D61782D6664730034303936002D2D6D61782D6D6174
Aug 17 18:57:58 fedora audit[1143]: USER_AVC pid=1143 uid=81 auid=4294967295 ses=4294967295 subj=system_u:system_r:kernel_t:s0 msg='avc:  denied  { send_msg } for  scontext=unconfined_u:unconfined_r:unconfined_t:s0 tcontext=system_u:system_r:kernel_t:s0 tclass=dbus permissive=1 exe="/usr/bin/dbus-broker" sauid=81 hostname=? addr=? terminal=?'
Aug 17 18:57:58 fedora systemd[1447]: Created slice app.slice - User Application Slice.
Aug 17 18:57:58 fedora systemd[1447]: Started systemd-tmpfiles-clean.timer - Daily Cleanup of User's Temporary Directories.
Aug 17 18:57:58 fedora systemd[1447]: Reached target paths.target - Paths.
Aug 17 18:57:58 fedora systemd[1447]: Reached target timers.target - Timers.
Aug 17 18:57:58 fedora systemd[1447]: Starting dbus.socket - D-Bus User Message Bus Socket...
Aug 17 18:57:58 fedora systemd[1447]: Listening on pipewire-pulse.socket - PipeWire PulseAudio.
Aug 17 18:57:58 fedora systemd[1447]: Listening on pipewire.socket - PipeWire Multimedia System Sockets.
Aug 17 18:57:58 fedora systemd[1447]: Listening on systemd-ask-password.socket - Query the User Interactively for a Password.
Aug 17 18:57:58 fedora systemd[1447]: Starting systemd-tmpfiles-setup.service - Create User Files and Directories...
Aug 17 18:57:58 fedora systemd[1447]: Listening on dbus.socket - D-Bus User Message Bus Socket.
Aug 17 18:57:58 fedora systemd[1447]: Reached target sockets.target - Sockets.
Aug 17 18:57:58 fedora systemd[1447]: Finished systemd-tmpfiles-setup.service - Create User Files and Directories.
Aug 17 18:57:58 fedora systemd[1447]: Reached target basic.target - Basic System.
Aug 17 18:57:58 fedora systemd[1447]: Started mpris-proxy.service - Bluetooth mpris proxy.
Aug 17 18:57:58 fedora systemd[1447]: Reached target default.target - Main User Target.
Aug 17 18:57:58 fedora systemd[1447]: Startup finished in 171ms.
Aug 17 18:57:58 fedora audit[1]: SERVICE_START pid=1 uid=0 auid=4294967295 ses=4294967295 subj=system_u:system_r:kernel_t:s0 msg='unit=user@1000 comm="systemd" exe="/usr/lib/systemd/systemd" hostname=? addr=? terminal=? res=success'
Aug 17 18:57:58 fedora systemd[1]: Started user@1000.service - User Manager for UID 1000.
Aug 17 18:57:58 fedora systemd[1]: Started session-1.scope - Session 1 of User bunny-live.
Aug 17 18:57:58 fedora gdm-autologin][1383]: pam_unix(gdm-autologin:session): session opened for user bunny-live(uid=1000) by bunny-live(uid=0)
Aug 17 18:57:58 fedora systemd[1447]: Created slice session.slice - User Core Session Slice.
Aug 17 18:57:58 fedora systemd[1447]: Starting dbus-broker.service - D-Bus User Message Bus...
Aug 17 18:57:58 fedora gdm-autologin][1383]: gkr-pam: gnome-keyring-daemon started properly
Aug 17 18:57:58 fedora audit[1383]: AVC avc:  denied  { create } for  pid=1383 comm="gdm-session-wor" scontext=system_u:system_r:kernel_t:s0 tcontext=system_u:system_r:kernel_t:s0 tclass=netlink_audit_socket permissive=1
Aug 17 18:57:58 fedora audit[1383]: SYSCALL arch=c000003e syscall=41 success=yes exit=11 a0=10 a1=80003 a2=9 a3=55df8b86ee20 items=0 ppid=1373 pid=1383 auid=1000 uid=0 gid=1000 euid=0 suid=0 fsuid=0 egid=1000 sgid=1000 fsgid=1000 tty=(none) ses=1 comm="gdm-session-wor" exe="/usr/libexec/gdm-session-worker" subj=system_u:system_r:kernel_t:s0 key=(null)
Aug 17 18:57:58 fedora audit: PROCTITLE proctitle=67646D2D73657373696F6E2D776F726B6572205B70616D2F67646D2D6175746F6C6F67696E5D
Aug 17 18:57:58 fedora audit[1383]: AUDIT1105 pid=1383 uid=0 auid=1000 ses=1 subj=system_u:system_r:kernel_t:s0 msg='op=PAM:session_open grantors=pam_selinux,pam_loginuid,pam_selinux,pam_keyinit,pam_namespace,pam_keyinit,pam_limits,pam_systemd,pam_unix,pam_gnome_keyring,pam_umask acct="bunny-live" exe="/usr/libexec/gdm-session-worker" hostname=fedora addr=? terminal=/dev/tty2 res=success'
Aug 17 18:57:58 fedora audit[1383]: AUDIT1112 pid=1383 uid=0 auid=1000 ses=1 subj=system_u:system_r:kernel_t:s0 msg='uid=1000 exe="/usr/libexec/gdm-session-worker" hostname=? addr=? terminal=? res=success'
Aug 17 18:57:58 fedora dbus-broker-launch[1483]: Policy to allow eavesdropping in /usr/share/dbus-1/session.conf +31: Eavesdropping is deprecated and ignored
Aug 17 18:57:58 fedora dbus-broker-launch[1483]: Policy to allow eavesdropping in /usr/share/dbus-1/session.conf +33: Eavesdropping is deprecated and ignored
Aug 17 18:57:58 fedora systemd[1447]: Started dbus-broker.service - D-Bus User Message Bus.
Aug 17 18:57:58 fedora dbus-broker-launch[1483]: Ready
Aug 17 18:57:58 fedora audit[1151]: NETFILTER_CFG table=firewalld:4 family=1 entries=1 op=nft_register_table pid=1151 subj=system_u:system_r:kernel_t:s0 comm="firewalld"
Aug 17 18:57:58 fedora audit[1151]: NETFILTER_CFG table=firewalld:4 family=1 entries=2 op=nft_unregister_table pid=1151 subj=system_u:system_r:kernel_t:s0 comm="firewalld"
Aug 17 18:57:58 fedora audit[1151]: SYSCALL arch=c000003e syscall=46 success=yes exit=204 a0=5 a1=7ffd5641b530 a2=0 a3=0 items=0 ppid=1 pid=1151 auid=4294967295 uid=0 gid=0 euid=0 suid=0 fsuid=0 egid=0 sgid=0 fsgid=0 tty=(none) ses=4294967295 comm="firewalld" exe="/usr/bin/python3.14" subj=system_u:system_r:kernel_t:s0 key=(null)
Aug 17 18:57:58 fedora audit: PROCTITLE proctitle="(firewalld)"
Aug 17 18:57:58 fedora audit[1510]: AVC avc:  denied  { module_load } for  pid=1510 comm="modprobe" path="/usr/lib/modules/7.1.5-201.fc44.x86_64/kernel/net/ipv4/netfilter/nf_defrag_ipv4.ko.xz" dev="overlay" ino=39164 scontext=system_u:system_r:kernel_t:s0 tcontext=system_u:object_r:unlabeled_t:s0 tclass=system permissive=1
Aug 17 18:57:58 fedora audit[1510]: SYSCALL arch=c000003e syscall=313 success=yes exit=0 a0=0 a1=5601627d5ffd a2=4 a3=0 items=2 ppid=19 pid=1510 auid=4294967295 uid=0 gid=0 euid=0 suid=0 fsuid=0 egid=0 sgid=0 fsgid=0 tty=(none) ses=4294967295 comm="modprobe" exe="/usr/bin/kmod" subj=system_u:system_r:kernel_t:s0 key=(null)
Aug 17 18:57:58 fedora audit: KERN_MODULE name="nf_defrag_ipv4"
Aug 17 18:57:58 fedora audit: CWD cwd="/"
Aug 17 18:57:58 fedora audit: PATH item=0 name=(null) inode=20 dev=00:09 mode=040755 ouid=0 ogid=0 rdev=00:00 obj=system_u:object_r:debugfs_t:s0 nametype=PARENT cap_fp=0 cap_fi=0 cap_fe=0 cap_fver=0 cap_frootid=0
Aug 17 18:57:58 fedora audit: PATH item=1 name=(null) inode=18858 dev=00:09 mode=0100444 ouid=0 ogid=0 rdev=00:00 obj=system_u:object_r:debugfs_t:s0 nametype=CREATE cap_fp=0 cap_fi=0 cap_fe=0 cap_fver=0 cap_frootid=0
Aug 17 18:57:58 fedora audit: PROCTITLE proctitle=2F7573722F62696E2F6D6F6470726F6265002D71002D2D006E66742D636861696E2D312D6E6174
Aug 17 18:57:58 fedora (udev-worker)[1275]: sr0: Process '/usr/sbin/pktsetup -i -d 11:0' failed with exit code 1.
Aug 17 18:57:58 fedora audit[1143]: USER_AVC pid=1143 uid=81 auid=4294967295 ses=4294967295 subj=system_u:system_r:kernel_t:s0 msg='avc:  denied  { send_msg } for  scontext=system_u:system_r:kernel_t:s0 tcontext=unconfined_u:unconfined_r:unconfined_t:s0 tclass=dbus permissive=1 exe="/usr/bin/dbus-broker" sauid=81 hostname=? addr=? terminal=?'
Aug 17 18:57:58 fedora systemd[1447]: Started bunny-search-index.timer - Periodically refresh approved Bunny desktop-search metadata.
Aug 17 18:57:58 fedora systemd[1447]: Started bunny-shell-status.service - Bunny Shell bounded status projection.
Aug 17 18:57:58 fedora systemd[1447]: Reached target bunny-shell.target - Bunny Shell user session.
Aug 17 18:57:58 fedora systemd[1447]: Stopped target bunny-shell.target - Bunny Shell user session.
Aug 17 18:57:58 fedora systemd[1447]: Stopped bunny-search-index.timer - Periodically refresh approved Bunny desktop-search metadata.
Aug 17 18:57:58 fedora systemd[1447]: Stopping bunny-shell-status.service - Bunny Shell bounded status projection...
Aug 17 18:57:58 fedora systemd[1447]: Stopped bunny-shell-status.service - Bunny Shell bounded status projection.
Aug 17 18:57:58 fedora audit[1151]: NETFILTER_CFG table=firewalld:5 family=1 entries=224 op=nft_register_chain pid=1151 subj=system_u:system_r:kernel_t:s0 comm="firewalld"
Aug 17 18:57:58 fedora audit[1151]: SYSCALL arch=c000003e syscall=46 success=yes exit=25916 a0=5 a1=7ffd5641b530 a2=0 a3=0 items=0 ppid=1 pid=1151 auid=4294967295 uid=0 gid=0 euid=0 suid=0 fsuid=0 egid=0 sgid=0 fsgid=0 tty=(none) ses=4294967295 comm="firewalld" exe="/usr/bin/python3.14" subj=system_u:system_r:kernel_t:s0 key=(null)
Aug 17 18:57:58 fedora audit: PROCTITLE proctitle="(firewalld)"
Aug 17 18:57:58 fedora audit[1151]: NETFILTER_CFG table=firewalld_policy_drop:6 family=1 entries=2 op=nft_unregister_table pid=1151 subj=system_u:system_r:kernel_t:s0 comm="firewalld"
Aug 17 18:57:58 fedora audit[1151]: SYSCALL arch=c000003e syscall=46 success=yes exit=164 a0=5 a1=7ffd5641b530 a2=0 a3=0 items=0 ppid=1 pid=1151 auid=4294967295 uid=0 gid=0 euid=0 suid=0 fsuid=0 egid=0 sgid=0 fsgid=0 tty=(none) ses=4294967295 comm="firewalld" exe="/usr/bin/python3.14" subj=system_u:system_r:kernel_t:s0 key=(null)
Aug 17 18:57:58 fedora audit: PROCTITLE proctitle="(firewalld)"
Aug 17 18:57:58 fedora gnome-session-i[1508]: Starting GNOME session target: gnome-session@gnome.target
Aug 17 18:57:58 fedora systemd[1]: Starting lvm2-lvmdbusd.service - LVM2 D-Bus service...
Aug 17 18:57:58 fedora systemd[1447]: Created slice app-gnome\x2dsession\x2dmanager.slice - Slice /app/gnome-session-manager.
Aug 17 18:57:58 fedora systemd[1447]: Created slice background.slice - User Background Tasks Slice.
Aug 17 18:57:58 fedora systemd[1447]: Starting gcr-ssh-agent.socket - GCR ssh-agent wrapper...
Aug 17 18:57:58 fedora audit[1151]: NETFILTER_CFG table=firewalld:7 family=1 entries=25 op=nft_register_rule pid=1151 subj=system_u:system_r:kernel_t:s0 comm="firewalld"
Aug 17 18:57:58 fedora audit[1151]: SYSCALL arch=c000003e syscall=46 success=yes exit=6176 a0=5 a1=7ffd5641ae20 a2=0 a3=0 items=0 ppid=1 pid=1151 auid=4294967295 uid=0 gid=0 euid=0 suid=0 fsuid=0 egid=0 sgid=0 fsgid=0 tty=(none) ses=4294967295 comm="firewalld" exe="/usr/bin/python3.14" subj=system_u:system_r:kernel_t:s0 key=(null)
Aug 17 18:57:58 fedora audit: PROCTITLE proctitle="(firewalld)"
Aug 17 18:57:58 fedora systemd[1447]: Starting bunny-config-dir.service - Establish and verify the Bunny OS per-user configuration directory...
Aug 17 18:57:58 fedora systemd[1447]: Starting gnome-initial-setup-copy-worker.service - GNOME Initial Setup Copy Worker...
Aug 17 18:57:58 fedora systemd[1447]: Starting gnome-session-monitor.service - Monitor Session leader for GNOME Session...
Aug 17 18:57:58 fedora systemd[1447]: Starting xdg-user-dirs.service - User folders update...
Aug 17 18:57:59 fedora systemd[1447]: Finished gnome-initial-setup-copy-worker.service - GNOME Initial Setup Copy Worker.
Aug 17 18:57:59 fedora systemd[1447]: Started gnome-session-monitor.service - Monitor Session leader for GNOME Session.
Aug 17 18:57:59 fedora systemd[1447]: Listening on gcr-ssh-agent.socket - GCR ssh-agent wrapper.
Aug 17 18:57:59 fedora systemd[1447]: Finished xdg-user-dirs.service - User folders update.
Aug 17 18:57:59 fedora systemd[1447]: Reached target graphical-session-pre.target - Session services which should run early before the graphical session is brought up.
Aug 17 18:57:59 fedora systemd[1447]: Reached target gnome-session-pre.target - Tasks to be run before GNOME Session starts.
Aug 17 18:57:59 fedora systemd[1447]: Starting gnome-session-manager@gnome.service - GNOME Session Manager (session: gnome)...
Aug 17 18:57:59 fedora bunny-config-dir[1580]: bunny-config-dir: /var/home/bunny-live/.config/bunny-os: verified
Aug 17 18:57:59 fedora bunny-config-dir[1580]: bunny-config-dir: /var/home/bunny-live/.config/systemd/user: verified
Aug 17 18:57:59 fedora audit[992]: AVC avc:  denied  { sys_ptrace } for  pid=992 comm="systemd-journal" capability=19  scontext=system_u:system_r:kernel_t:s0 tcontext=system_u:system_r:kernel_t:s0 tclass=cap_userns permissive=1
Aug 17 18:57:59 fedora systemd[1447]: Finished bunny-config-dir.service - Establish and verify the Bunny OS per-user configuration directory.
Aug 17 18:57:59 fedora gnome-session-service[1589]: App at-spi-dbus-bus.desktop sets X-GNOME-Autostart-Phase, but gnome-session no longer manages session services
Aug 17 18:57:59 fedora gnome-session-service[1589]: App gnome-keyring-pkcs11.desktop sets X-GNOME-Autostart-Phase, but gnome-session no longer manages session services
Aug 17 18:57:59 fedora gnome-session-service[1589]: App gnome-keyring-secrets.desktop sets X-GNOME-Autostart-Phase, but gnome-session no longer manages session services
Aug 17 18:57:59 fedora gnome-session-service[1589]: App gnome-keyring-ssh.desktop sets X-GNOME-Autostart-Phase, but gnome-session no longer manages session services
Aug 17 18:57:59 fedora gnome-session-service[1589]: App liveinst-setup.desktop sets X-GNOME-Autostart-Phase, but gnome-session no longer manages session services
Aug 17 18:57:59 fedora gnome-session-service[1589]: App xdg-user-dirs.desktop sets X-GNOME-Autostart-Phase, but gnome-session no longer manages session services
Aug 17 18:57:59 fedora systemd[1447]: Started gnome-session-manager@gnome.service - GNOME Session Manager (session: gnome).
Aug 17 18:57:59 fedora systemd[1447]: Reached target gnome-session-manager.target - GNOME Session Manager is ready.
Aug 17 18:57:59 fedora systemd[1447]: Starting org.gnome.Shell@user.service - GNOME Shell...
Aug 17 18:57:59 fedora audit[1152]: AVC avc:  denied  { read } for  pid=1152 comm="NetworkManager" name="max_addresses" dev="proc" ino=17949 scontext=system_u:system_r:kernel_t:s0 tcontext=system_u:object_r:sysctl_net_t:s0 tclass=file permissive=1
Aug 17 18:57:59 fedora audit[1152]: AVC avc:  denied  { open } for  pid=1152 comm="NetworkManager" path="/proc/sys/net/ipv6/conf/enp0s3/max_addresses" dev="proc" ino=17949 scontext=system_u:system_r:kernel_t:s0 tcontext=system_u:object_r:sysctl_net_t:s0 tclass=file permissive=1
Aug 17 18:57:59 fedora audit[1152]: SYSCALL arch=c000003e syscall=257 success=yes exit=27 a0=ffffffffffffff9c a1=7ffe5e8440d0 a2=80000 a3=0 items=0 ppid=1 pid=1152 auid=4294967295 uid=0 gid=0 euid=0 suid=0 fsuid=0 egid=0 sgid=0 fsgid=0 tty=(none) ses=4294967295 comm="NetworkManager" exe="/usr/bin/NetworkManager" subj=system_u:system_r:kernel_t:s0 key=(null)
Aug 17 18:57:59 fedora audit: PROCTITLE proctitle=2F7573722F62696E2F4E6574776F726B4D616E61676572002D2D6E6F2D6461656D6F6E
Aug 17 18:57:59 fedora audit[1152]: AVC avc:  denied  { getattr } for  pid=1152 comm="NetworkManager" path="/proc/sys/net/ipv6/conf/enp0s3/max_addresses" dev="proc" ino=17949 scontext=system_u:system_r:kernel_t:s0 tcontext=system_u:object_r:sysctl_net_t:s0 tclass=file permissive=1
Aug 17 18:57:59 fedora audit[1152]: SYSCALL arch=c000003e syscall=5 success=yes exit=0 a0=1b a1=7ffe5e842c00 a2=0 a3=7ffe5e8440d0 items=0 ppid=1 pid=1152 auid=4294967295 uid=0 gid=0 euid=0 suid=0 fsuid=0 egid=0 sgid=0 fsgid=0 tty=(none) ses=4294967295 comm="NetworkManager" exe="/usr/bin/NetworkManager" subj=system_u:system_r:kernel_t:s0 key=(null)
Aug 17 18:57:59 fedora audit: PROCTITLE proctitle=2F7573722F62696E2F4E6574776F726B4D616E61676572002D2D6E6F2D6461656D6F6E
Aug 17 18:57:59 fedora audit[1152]: AVC avc:  denied  { create } for  pid=1152 comm="NetworkManager" scontext=system_u:system_r:kernel_t:s0 tcontext=system_u:system_r:kernel_t:s0 tclass=rawip_socket permissive=1
Aug 17 18:57:59 fedora audit[1152]: SYSCALL arch=c000003e syscall=41 success=yes exit=27 a0=a a1=3 a2=3a a3=1 items=0 ppid=1 pid=1152 auid=4294967295 uid=0 gid=0 euid=0 suid=0 fsuid=0 egid=0 sgid=0 fsgid=0 tty=(none) ses=4294967295 comm="NetworkManager" exe="/usr/bin/NetworkManager" subj=system_u:system_r:kernel_t:s0 key=(null)
Aug 17 18:57:59 fedora audit: PROCTITLE proctitle=2F7573722F62696E2F4E6574776F726B4D616E61676572002D2D6E6F2D6461656D6F6E
Aug 17 18:57:59 fedora systemd[1447]: Starting gvfs-daemon.service - Virtual filesystem service...
Aug 17 18:57:59 fedora avahi-daemon[1145]: Server startup complete. Host name is fedora.local. Local service cookie is 3626313464.
Aug 17 18:57:59 fedora systemd[1447]: Started gvfs-daemon.service - Virtual filesystem service.
Aug 17 18:57:59 fedora systemd[1]: Started lvm2-lvmdbusd.service - LVM2 D-Bus service.
Aug 17 18:57:59 fedora audit[1]: SERVICE_START pid=1 uid=0 auid=4294967295 ses=4294967295 subj=system_u:system_r:kernel_t:s0 msg='unit=lvm2-lvmdbusd comm="systemd" exe="/usr/lib/systemd/systemd" hostname=? addr=? terminal=? res=success'
Aug 17 18:57:59 fedora audit[1620]: AVC avc:  denied  { setfscreate } for  pid=1620 comm="lvm" scontext=system_u:system_r:kernel_t:s0 tcontext=system_u:system_r:kernel_t:s0 tclass=process permissive=1
Aug 17 18:57:59 fedora audit[1620]: SYSCALL arch=c000003e syscall=1 success=yes exit=32 a0=3 a1=5643faf34180 a2=20 a3=0 items=0 ppid=1577 pid=1620 auid=4294967295 uid=0 gid=0 euid=0 suid=0 fsuid=0 egid=0 sgid=0 fsgid=0 tty=(none) ses=4294967295 comm="lvm" exe="/usr/bin/lvm" subj=system_u:system_r:kernel_t:s0 key=(null)
Aug 17 18:57:59 fedora audit: PROCTITLE proctitle=2F7573722F62696E2F6C766D0066756C6C7265706F7274002D2D6E6F737566666978002D2D756E6275666665726564002D2D756E6974730062002D61002D2D636F6E6669677265706F7274007076002D6F0070765F6E616D652C70765F757569642C70765F666D742C70765F73697A652C70765F667265652C70765F75736564
Aug 17 18:57:59 fedora avahi-daemon[1145]: Leaving mDNS multicast group on interface enp0s3.IPv6 with address fe80::15ff:49a9:224c:1d6f.
Aug 17 18:57:59 fedora avahi-daemon[1145]: Joining mDNS multicast group on interface enp0s3.IPv6 with address fec0::9dd:baa9:2587:8ad8.
Aug 17 18:57:59 fedora avahi-daemon[1145]: Registering new address record for fec0::9dd:baa9:2587:8ad8 on enp0s3.*.
Aug 17 18:57:59 fedora avahi-daemon[1145]: Withdrawing address record for fe80::15ff:49a9:224c:1d6f on enp0s3.
Aug 17 18:57:59 fedora NetworkManager[1152]: <info>  [1786993079.3472] policy: set 'Wired connection 1' (enp0s3) as default for IPv6 routing and DNS
Aug 17 18:57:59 fedora gnome-shell[1596]: Running GNOME Shell (using mutter 50.4) as a Wayland display server
Aug 17 18:57:59 fedora audit[992]: AVC avc:  denied  { read } for  pid=992 comm="systemd-journal" name="comm" dev="proc" ino=18968 scontext=system_u:system_r:kernel_t:s0 tcontext=unconfined_u:unconfined_r:unconfined_t:s0 tclass=file permissive=1
Aug 17 18:57:59 fedora audit[992]: AVC avc:  denied  { open } for  pid=992 comm="systemd-journal" path="/proc/1596/comm" dev="proc" ino=18968 scontext=system_u:system_r:kernel_t:s0 tcontext=unconfined_u:unconfined_r:unconfined_t:s0 tclass=file permissive=1
Aug 17 18:57:59 fedora audit[992]: AVC avc:  denied  { getattr } for  pid=992 comm="systemd-journal" path="/proc/1596/comm" dev="proc" ino=18968 scontext=system_u:system_r:kernel_t:s0 tcontext=unconfined_u:unconfined_r:unconfined_t:s0 tclass=file permissive=1
Aug 17 18:57:59 fedora audit[992]: AVC avc:  denied  { ioctl } for  pid=992 comm="systemd-journal" path="/proc/1596/comm" dev="proc" ino=18968 ioctlcmd=0x542a scontext=system_u:system_r:kernel_t:s0 tcontext=unconfined_u:unconfined_r:unconfined_t:s0 tclass=file permissive=1
Aug 17 18:57:59 fedora audit[1577]: AVC avc:  denied  { create } for  pid=1577 comm="lvmdbusd" scontext=system_u:system_r:kernel_t:s0 tcontext=system_u:system_r:kernel_t:s0 tclass=netlink_kobject_uevent_socket permissive=1
Aug 17 18:57:59 fedora audit[1577]: SYSCALL arch=c000003e syscall=41 success=yes exit=11 a0=10 a1=80803 a2=f a3=0 items=0 ppid=1 pid=1577 auid=4294967295 uid=0 gid=0 euid=0 suid=0 fsuid=0 egid=0 sgid=0 fsgid=0 tty=(none) ses=4294967295 comm="lvmdbusd" exe="/usr/bin/python3.14" subj=system_u:system_r:kernel_t:s0 key=(null)
Aug 17 18:57:59 fedora audit: PROCTITLE proctitle=2F7573722F62696E2F707974686F6E33002F7573722F62696E2F6C766D6462757364
Aug 17 18:57:59 fedora dbus-daemon[1453]: DEBUG:anaconda.modules.common:The configuration is loaded from: ['/etc/anaconda/anaconda.conf']
Aug 17 18:57:59 fedora dbus-daemon[1453]: DEBUG:anaconda.core.util:ID_LIKE not found in os-release files
Aug 17 18:57:59 fedora dbus-daemon[1453]: DEBUG:anaconda.core.kickstart.version:Using ID for version detection: fedora
Aug 17 18:57:59 fedora dbus-daemon[1453]: DEBUG:anaconda.core.kickstart.version:Attempting to convert version string: f44
Aug 17 18:57:59 fedora dbus-daemon[1453]: INFO:anaconda.core.kickstart.version:Detected kickstart version from platform ID: f44 -> 44000
Aug 17 18:57:59 fedora dbus-daemon[1453]: INFO:anaconda.core.kickstart.version:Using os-release detected kickstart version
Aug 17 18:57:59 fedora dbus-daemon[1453]: DEBUG:anaconda.modules.common.base.base:Publish the service.
Aug 17 18:57:59 fedora dbus-daemon[1453]: DEBUG:dasbus.connection:Publishing an object at /org/fedoraproject/Anaconda/Boss.
Aug 17 18:57:59 fedora dbus-daemon[1453]: INFO:anaconda.core.dbus:Connecting to the Anaconda bus at unix:path=/run/anaconda/bus.socket,guid=ac68f3f6def9ed84bf3054d06a8359b6.
Aug 17 18:57:59 fedora dbus-daemon[1453]: WARNING:py.warnings:/usr/lib/python3.14/site-packages/dasbus/server/handler.py:78: DeprecationWarning: Gio.DBusConnection.register_object is deprecated
Aug 17 18:57:59 fedora dbus-daemon[1453]:   registration_id = connection.register_object(
Aug 17 18:57:59 fedora dbus-daemon[1453]: DEBUG:dasbus.connection:Registering a service name org.fedoraproject.Anaconda.Boss.
Aug 17 18:57:59 fedora audit[1352]: USER_AVC pid=1352 uid=0 auid=4294967295 ses=4294967295 subj=system_u:system_r:kernel_t:s0 msg='avc:  denied  { acquire_svc } for service=org.fedoraproject.Anaconda.Boss spid=1453 scontext=system_u:system_r:kernel_t:s0 tcontext=system_u:system_r:kernel_t:s0 tclass=dbus permissive=1 exe="/usr/bin/dbus-daemon" sauid=0 hostname=? addr=? terminal=?'
Aug 17 18:57:59 fedora dbus-daemon[1352]: dbus-daemon[1352]: Successfully activated service 'org.fedoraproject.Anaconda.Boss'
Aug 17 18:57:59 fedora dbus-daemon[1453]: DEBUG:anaconda.modules.common.base.base:Start the loop.
Aug 17 18:57:59 fedora dbus-daemon[1453]: WARNING:py.warnings:/usr/lib64/python3.14/site-packages/gi/events.py:803: DeprecationWarning: 'asyncio.AbstractEventLoopPolicy' is deprecated and slated for removal in Python 3.16
Aug 17 18:57:59 fedora dbus-daemon[1453]:   AbstractEventLoopPolicy = getattr(asyncio, "AbstractEventLoopPolicy", object)
Aug 17 18:57:59 fedora bunny-installer-backend[1372]: {"event": "driver-arguments", "path": "/run/bunny-setup/drive.args", "value": "--passphrase=bunny-disk-passphrase --device-name=warren"}
Aug 17 18:57:59 fedora bunny-installer-backend[1372]: {"available": true, "event": "executor", "reason": ""}
Aug 17 18:57:59 fedora bunny-installer-backend[1372]: {"destructiveExecutionAvailable": true, "schemaVersion": 1, "sessionToken": "oYdmeIenKwW1KMQZiwaJIssyDyPwtTGuoeC0Npt90Jc", "socket": "/run/bunny-installer/backend.sock"}
Aug 17 18:57:59 fedora bunny-installer-backend[1372]: {"event": "listening", "liveUid": 1000, "path": "/run/bunny-installer/backend.sock"}
Aug 17 18:58:00 fedora audit[1158]: AVC avc:  denied  { setsched } for  pid=1158 comm="rtkit-daemon" scontext=system_u:system_r:kernel_t:s0 tcontext=unconfined_u:unconfined_r:unconfined_t:s0 tclass=process permissive=1
Aug 17 18:58:00 fedora audit[1158]: SYSCALL arch=c000003e syscall=144 success=yes exit=0 a0=65f a1=40000000 a2=7ffe2473d0b4 a3=0 items=0 ppid=1 pid=1158 auid=4294967295 uid=973 gid=973 euid=973 suid=973 fsuid=973 egid=973 sgid=973 fsgid=973 tty=(none) ses=4294967295 comm="rtkit-daemon" exe="/usr/libexec/rtkit-daemon" subj=system_u:system_r:kernel_t:s0 key=(null)
Aug 17 18:58:00 fedora audit: PROCTITLE proctitle="/usr/libexec/rtkit-daemon"
Aug 17 18:58:00 fedora rtkit-daemon[1158]: Successfully made thread 1631 of process 1596 (/usr/bin/gnome-shell) owned by '1000' high priority at nice level -15.
Aug 17 18:58:00 fedora gnome-shell[1596]: Thread 'KMS thread' will be using high priority scheduling
Aug 17 18:58:00 fedora gnome-shell[1596]: libEGL warning: egl: failed to create dri2 screen
Aug 17 18:58:00 fedora gnome-shell[1596]: libEGL warning: egl: failed to create dri2 screen
Aug 17 18:58:00 fedora gnome-shell[1596]: libEGL warning: NEEDS EXTENSION: falling back to kms_swrast
Aug 17 18:58:00 fedora gnome-shell[1596]: Added device '/dev/dri/card1' (virtio_gpu) using atomic mode setting.
Aug 17 18:58:00 fedora gnome-shell[1596]: Failed to initialize accelerated iGPU/dGPU framebuffer sharing: Not hardware accelerated
Aug 17 18:58:00 fedora gnome-shell[1596]: Created gbm renderer for '/dev/dri/card1'
Aug 17 18:58:00 fedora gnome-shell[1596]: Boot VGA GPU /dev/dri/card1 selected as primary
Aug 17 18:58:00 fedora systemd[1447]: Starting at-spi-dbus-bus.service - Accessibility services bus...
Aug 17 18:58:00 fedora systemd[1447]: Started at-spi-dbus-bus.service - Accessibility services bus.
Aug 17 18:58:00 fedora dbus-broker-launch[1654]: Ready
Aug 17 18:58:00 fedora gnome-shell[1596]: Using public X11 display :0, (using unix:/tmp/.X11-unix/X1 for managed services)
Aug 17 18:58:00 fedora gnome-shell[1596]: Using Wayland display name 'wayland-0'
Aug 17 18:58:00 fedora systemd[1447]: Created slice app-dbus\x2d:1.13\x2dorg.a11y.atspi.Registry.slice - Slice /app/dbus-:1.13-org.a11y.atspi.Registry.
Aug 17 18:58:00 fedora systemd[1447]: Started dbus-:1.13-org.a11y.atspi.Registry@0.service.
Aug 17 18:58:00 fedora systemd[1]: Starting colord.service - Manage, Install and Generate Color Profiles...
Aug 17 18:58:00 fedora audit[1657]: AVC avc:  denied  { search } for  pid=1657 comm="(colord)" name="pressure" dev="proc" ino=4026532058 scontext=system_u:system_r:kernel_t:s0 tcontext=system_u:object_r:proc_psi_t:s0 tclass=dir permissive=1
Aug 17 18:58:00 fedora audit[1657]: SYSCALL arch=c000003e syscall=257 success=yes exit=3 a0=ffffffffffffff9c a1=55a0bb298e68 a2=80100 a3=0 items=1 ppid=1 pid=1657 auid=4294967295 uid=0 gid=0 euid=0 suid=0 fsuid=0 egid=0 sgid=0 fsgid=0 tty=(none) ses=4294967295 comm="(colord)" exe="/usr/lib/systemd/systemd-executor" subj=system_u:system_r:kernel_t:s0 key=(null)
Aug 17 18:58:00 fedora audit: CWD cwd="/"
Aug 17 18:58:00 fedora audit: PATH item=0 name="/proc/pressure/cpu" inode=4026532061 dev=00:19 mode=0100666 ouid=0 ogid=0 rdev=00:00 obj=system_u:object_r:proc_psi_t:s0 nametype=NORMAL cap_fp=0 cap_fi=0 cap_fe=0 cap_fver=0 cap_frootid=0
Aug 17 18:58:00 fedora audit: PROCTITLE proctitle="(colord)"
Aug 17 18:58:00 fedora at-spi2-registryd[1656]: SpiRegistry daemon is running with well-known name - org.a11y.atspi.Registry
Aug 17 18:58:00 fedora audit[1657]: AVC avc:  denied  { sys_admin } for  pid=1657 comm="(colord)" capability=21  scontext=system_u:system_r:kernel_t:s0 tcontext=system_u:system_r:kernel_t:s0 tclass=cap_userns permissive=1
Aug 17 18:58:00 fedora audit[1657]: SYSCALL arch=c000003e syscall=1 success=yes exit=6 a0=4 a1=7fff85801380 a2=6 a3=0 items=0 ppid=1 pid=1657 auid=4294967295 uid=0 gid=0 euid=0 suid=0 fsuid=0 egid=0 sgid=0 fsgid=0 tty=(none) ses=4294967295 comm="(colord)" exe="/usr/lib/systemd/systemd-executor" subj=system_u:system_r:kernel_t:s0 key=(null)
Aug 17 18:58:00 fedora audit: PROCTITLE proctitle="(colord)"
Aug 17 18:58:00 fedora audit[1657]: AVC avc:  denied  { read open } for  pid=1657 comm="(colord)" path="user:[4026532419]" dev="nsfs" ino=4026532419 scontext=system_u:system_r:kernel_t:s0 tcontext=system_u:object_r:nsfs_t:s0 tclass=file permissive=1
Aug 17 18:58:00 fedora audit[1657]: SYSCALL arch=c000003e syscall=16 success=yes exit=4 a0=3 a1=ff09 a2=0 a3=1e1 items=0 ppid=1 pid=1657 auid=4294967295 uid=0 gid=0 euid=0 suid=0 fsuid=0 egid=0 sgid=0 fsgid=0 tty=(none) ses=4294967295 comm="(colord)" exe="/usr/lib/systemd/systemd-executor" subj=system_u:system_r:kernel_t:s0 key=(null)
Aug 17 18:58:00 fedora audit: PROCTITLE proctitle="(colord)"
Aug 17 18:58:00 fedora audit[1657]: AVC avc:  denied  { setrlimit } for  pid=1657 comm="(colord)" scontext=system_u:system_r:kernel_t:s0 tcontext=system_u:system_r:kernel_t:s0 tclass=process permissive=1
Aug 17 18:58:00 fedora audit[1657]: SYSCALL arch=c000003e syscall=302 success=yes exit=0 a0=0 a1=7 a2=55a0f21a3810 a3=0 items=0 ppid=1 pid=1657 auid=4294967295 uid=0 gid=0 euid=0 suid=0 fsuid=0 egid=0 sgid=0 fsgid=0 tty=(none) ses=4294967295 comm="(colord)" exe="/usr/lib/systemd/systemd-executor" subj=system_u:system_r:kernel_t:s0 key=(null)
Aug 17 18:58:00 fedora audit: PROCTITLE proctitle="(colord)"
Aug 17 18:58:00 fedora audit[1657]: AVC avc:  denied  { mounton } for  pid=1657 comm="(colord)" path="/run/systemd/mount-rootfs" dev="tmpfs" ino=4 scontext=system_u:system_r:kernel_t:s0 tcontext=system_u:object_r:init_var_run_t:s0 tclass=dir permissive=1
Aug 17 18:58:00 fedora audit[1657]: SYSCALL arch=c000003e syscall=165 success=yes exit=0 a0=55a0bb29ae95 a1=7fff85801040 a2=0 a3=5000 items=1 ppid=1 pid=1657 auid=4294967295 uid=0 gid=0 euid=0 suid=0 fsuid=0 egid=0 sgid=0 fsgid=0 tty=(none) ses=4294967295 comm="(colord)" exe="/usr/lib/systemd/systemd-executor" subj=system_u:system_r:kernel_t:s0 key=(null)
Aug 17 18:58:00 fedora audit: CWD cwd="/"
Aug 17 18:58:00 fedora audit: PATH item=0 name="/" inode=2 dev=00:24 mode=040755 ouid=0 ogid=0 rdev=00:00 obj=system_u:object_r:tmpfs_t:s0 nametype=NORMAL cap_fp=0 cap_fi=0 cap_fe=0 cap_fver=0 cap_frootid=0
Aug 17 18:58:00 fedora audit: PROCTITLE proctitle="(colord)"
Aug 17 18:58:00 fedora audit[1657]: AVC avc:  denied  { mounton } for  pid=1657 comm="(colord)" path="/run/systemd/mount-rootfs/etc/colord" dev="overlay" ino=852 scontext=system_u:system_r:kernel_t:s0 tcontext=system_u:object_r:etc_t:s0 tclass=dir permissive=1
Aug 17 18:58:00 fedora audit[1657]: SYSCALL arch=c000003e syscall=165 success=yes exit=0 a0=55a0f2fc1b20 a1=7fff85800ef0 a2=0 a3=5000 items=1 ppid=1 pid=1657 auid=4294967295 uid=0 gid=0 euid=0 suid=0 fsuid=0 egid=0 sgid=0 fsgid=0 tty=(none) ses=4294967295 comm="(colord)" exe="/usr/lib/systemd/systemd-executor" subj=system_u:system_r:kernel_t:s0 key=(null)
Aug 17 18:58:00 fedora audit: CWD cwd="/"
Aug 17 18:58:00 fedora audit: PATH item=0 name="/etc/colord" inode=852 dev=00:24 mode=040755 ouid=968 ogid=968 rdev=00:00 obj=system_u:object_r:etc_t:s0 nametype=NORMAL cap_fp=0 cap_fi=0 cap_fe=0 cap_fver=0 cap_frootid=0
Aug 17 18:58:00 fedora audit: PROCTITLE proctitle="(colord)"
Aug 17 18:58:00 fedora audit[1657]: AVC avc:  denied  { mounton } for  pid=1657 comm="(colord)" path="/run/systemd/mount-rootfs/run/credentials" dev="tmpfs" ino=5 scontext=system_u:system_r:kernel_t:s0 tcontext=system_u:object_r:var_run_t:s0 tclass=dir permissive=1
Aug 17 18:58:00 fedora audit[1657]: SYSCALL arch=c000003e syscall=165 success=yes exit=0 a0=55a0f2fc23d0 a1=7fff85800ef0 a2=0 a3=5000 items=1 ppid=1 pid=1657 auid=4294967295 uid=0 gid=0 euid=0 suid=0 fsuid=0 egid=0 sgid=0 fsgid=0 tty=(none) ses=4294967295 comm="(colord)" exe="/usr/lib/systemd/systemd-executor" subj=system_u:system_r:kernel_t:s0 key=(null)
Aug 17 18:58:00 fedora audit: CWD cwd="/"
Aug 17 18:58:00 fedora audit: PATH item=0 name="/run/systemd/inaccessible/dir" inode=8 dev=00:1d mode=040000 ouid=0 ogid=0 rdev=00:00 obj=system_u:object_r:init_var_run_t:s0 nametype=NORMAL cap_fp=0 cap_fi=0 cap_fe=0 cap_fver=0 cap_frootid=0
Aug 17 18:58:00 fedora audit: PROCTITLE proctitle="(colord)"
Aug 17 18:58:00 fedora audit[1657]: AVC avc:  denied  { mounton } for  pid=1657 comm="(colord)" path="/run/systemd/mount-rootfs/tmp" dev="tmpfs" ino=1 scontext=system_u:system_r:kernel_t:s0 tcontext=system_u:object_r:tmp_t:s0 tclass=dir permissive=1
Aug 17 18:58:00 fedora audit[1657]: SYSCALL arch=c000003e syscall=165 success=yes exit=0 a0=7fff85801270 a1=7fff85800ef0 a2=0 a3=5000 items=1 ppid=1 pid=1657 auid=4294967295 uid=0 gid=0 euid=0 suid=0 fsuid=0 egid=0 sgid=0 fsgid=0 tty=(none) ses=4294967295 comm="(colord)" exe="/usr/lib/systemd/systemd-executor" subj=system_u:system_r:kernel_t:s0 key=(null)
Aug 17 18:58:00 fedora audit: CWD cwd="/"
Aug 17 18:58:00 fedora audit: PATH item=0 name="/tmp/systemd-private-956d54ecc64a4d83bf87efaea287ebff-colord.service-K5NHR7/tmp" inode=45 dev=00:34 mode=041777 ouid=0 ogid=0 rdev=00:00 obj=system_u:object_r:tmp_t:s0 nametype=NORMAL cap_fp=0 cap_fi=0 cap_fe=0 cap_fver=0 cap_frootid=0
Aug 17 18:58:00 fedora audit: PROCTITLE proctitle="(colord)"
Aug 17 18:58:00 fedora audit[1657]: AVC avc:  denied  { mounton } for  pid=1657 comm="(colord)" path="/run/systemd/mount-rootfs/var/cache/colord" dev="overlay" ino=851 scontext=system_u:system_r:kernel_t:s0 tcontext=system_u:object_r:var_t:s0 tclass=dir permissive=1
Aug 17 18:58:00 fedora audit[1657]: SYSCALL arch=c000003e syscall=165 success=yes exit=0 a0=55a0f2fc23d0 a1=7fff85800ef0 a2=0 a3=5000 items=1 ppid=1 pid=1657 auid=4294967295 uid=0 gid=0 euid=0 suid=0 fsuid=0 egid=0 sgid=0 fsgid=0 tty=(none) ses=4294967295 comm="(colord)" exe="/usr/lib/systemd/systemd-executor" subj=system_u:system_r:kernel_t:s0 key=(null)
Aug 17 18:58:00 fedora audit: CWD cwd="/"
Aug 17 18:58:00 fedora audit: PATH item=0 name="/var/cache/colord" inode=851 dev=00:24 mode=040755 ouid=968 ogid=968 rdev=00:00 obj=system_u:object_r:var_t:s0 nametype=NORMAL cap_fp=0 cap_fi=0 cap_fe=0 cap_fver=0 cap_frootid=0
Aug 17 18:58:00 fedora audit: PROCTITLE proctitle="(colord)"
Aug 17 18:58:00 fedora audit[1657]: AVC avc:  denied  { mounton } for  pid=1657 comm="(colord)" path="/run/systemd/mount-rootfs/var/home" dev="overlay" ino=268 scontext=system_u:system_r:kernel_t:s0 tcontext=system_u:object_r:home_root_t:s0 tclass=dir permissive=1
Aug 17 18:58:00 fedora audit[1657]: SYSCALL arch=c000003e syscall=165 success=yes exit=0 a0=55a0f2fc2f30 a1=7fff85800ef0 a2=0 a3=5000 items=1 ppid=1 pid=1657 auid=4294967295 uid=0 gid=0 euid=0 suid=0 fsuid=0 egid=0 sgid=0 fsgid=0 tty=(none) ses=4294967295 comm="(colord)" exe="/usr/lib/systemd/systemd-executor" subj=system_u:system_r:kernel_t:s0 key=(null)
Aug 17 18:58:00 fedora audit: CWD cwd="/"
Aug 17 18:58:00 fedora audit: PATH item=0 name="/run/systemd/inaccessible/dir" inode=8 dev=00:1d mode=040000 ouid=0 ogid=0 rdev=00:00 obj=system_u:object_r:init_var_run_t:s0 nametype=NORMAL cap_fp=0 cap_fi=0 cap_fe=0 cap_fver=0 cap_frootid=0
Aug 17 18:58:00 fedora audit: PROCTITLE proctitle="(colord)"
Aug 17 18:58:00 fedora audit[1657]: AVC avc:  denied  { mounton } for  pid=1657 comm="(colord)" path="/run/systemd/mount-rootfs/var/lib/colord" dev="overlay" ino=228 scontext=system_u:system_r:kernel_t:s0 tcontext=system_u:object_r:colord_var_lib_t:s0 tclass=dir permissive=1
Aug 17 18:58:00 fedora audit[1657]: SYSCALL arch=c000003e syscall=165 success=yes exit=0 a0=55a0f2fc2e70 a1=7fff85800ef0 a2=0 a3=5000 items=1 ppid=1 pid=1657 auid=4294967295 uid=0 gid=0 euid=0 suid=0 fsuid=0 egid=0 sgid=0 fsgid=0 tty=(none) ses=4294967295 comm="(colord)" exe="/usr/lib/systemd/systemd-executor" subj=system_u:system_r:kernel_t:s0 key=(null)
Aug 17 18:58:00 fedora audit: CWD cwd="/"
Aug 17 18:58:00 fedora audit: PATH item=0 name="/var/lib/colord" inode=228 dev=00:24 mode=040755 ouid=968 ogid=968 rdev=00:00 obj=system_u:object_r:colord_var_lib_t:s0 nametype=NORMAL cap_fp=0 cap_fi=0 cap_fe=0 cap_fver=0 cap_frootid=0
Aug 17 18:58:00 fedora audit: PROCTITLE proctitle="(colord)"
Aug 17 18:58:00 fedora audit[1657]: AVC avc:  denied  { mounton } for  pid=1657 comm="(colord)" path="/run/systemd/mount-rootfs/var/roothome" dev="overlay" ino=256 scontext=system_u:system_r:kernel_t:s0 tcontext=system_u:object_r:admin_home_t:s0 tclass=dir permissive=1
Aug 17 18:58:00 fedora audit[1657]: SYSCALL arch=c000003e syscall=165 success=yes exit=0 a0=55a0f2fc0e90 a1=7fff85800ef0 a2=0 a3=5000 items=1 ppid=1 pid=1657 auid=4294967295 uid=0 gid=0 euid=0 suid=0 fsuid=0 egid=0 sgid=0 fsgid=0 tty=(none) ses=4294967295 comm="(colord)" exe="/usr/lib/systemd/systemd-executor" subj=system_u:system_r:kernel_t:s0 key=(null)
Aug 17 18:58:00 fedora audit: CWD cwd="/"
Aug 17 18:58:00 fedora audit: PATH item=0 name="/run/systemd/inaccessible/dir" inode=8 dev=00:1d mode=040000 ouid=0 ogid=0 rdev=00:00 obj=system_u:object_r:init_var_run_t:s0 nametype=NORMAL cap_fp=0 cap_fi=0 cap_fe=0 cap_fver=0 cap_frootid=0
Aug 17 18:58:00 fedora audit: PROCTITLE proctitle="(colord)"
Aug 17 18:58:00 fedora audit[1657]: AVC avc:  denied  { remount } for  pid=1657 comm="(colord)" scontext=system_u:system_r:kernel_t:s0 tcontext=system_u:object_r:tmpfs_t:s0 tclass=filesystem permissive=1
Aug 17 18:58:00 fedora audit[1657]: SYSCALL arch=c000003e syscall=165 success=yes exit=0 a0=0 a1=7fff85800fd0 a2=0 a3=1027 items=0 ppid=1 pid=1657 auid=4294967295 uid=0 gid=0 euid=0 suid=0 fsuid=0 egid=0 sgid=0 fsgid=0 tty=(none) ses=4294967295 comm="(colord)" exe="/usr/lib/systemd/systemd-executor" subj=system_u:system_r:kernel_t:s0 key=(null)
Aug 17 18:58:00 fedora audit: PROCTITLE proctitle="(colord)"
Aug 17 18:58:00 fedora audit[1657]: AVC avc:  denied  { setpcap } for  pid=1657 comm="(colord)" capability=8  scontext=system_u:system_r:kernel_t:s0 tcontext=system_u:system_r:kernel_t:s0 tclass=cap_userns permissive=1
Aug 17 18:58:00 fedora audit[1657]: SYSCALL arch=c000003e syscall=157 success=yes exit=0 a0=18 a1=0 a2=0 a3=0 items=0 ppid=1 pid=1657 auid=4294967295 uid=0 gid=968 euid=0 suid=0 fsuid=0 egid=968 sgid=968 fsgid=968 tty=(none) ses=4294967295 comm="(colord)" exe="/usr/lib/systemd/systemd-executor" subj=system_u:system_r:kernel_t:s0 key=(null)
Aug 17 18:58:00 fedora audit: PROCTITLE proctitle="(colord)"
Aug 17 18:58:00 fedora audit[1657]: AVC avc:  denied  { setuid } for  pid=1657 comm="(colord)" capability=7  scontext=system_u:system_r:kernel_t:s0 tcontext=system_u:system_r:kernel_t:s0 tclass=cap_userns permissive=1
Aug 17 18:58:00 fedora audit[1657]: SYSCALL arch=c000003e syscall=117 success=yes exit=0 a0=3c8 a1=3c8 a2=3c8 a3=55a0bb29ec5f items=0 ppid=1 pid=1657 auid=4294967295 uid=968 gid=968 euid=968 suid=968 fsuid=968 egid=968 sgid=968 fsgid=968 tty=(none) ses=4294967295 comm="(colord)" exe="/usr/lib/systemd/systemd-executor" subj=system_u:system_r:kernel_t:s0 key=(null)
Aug 17 18:58:00 fedora audit: PROCTITLE proctitle="(colord)"
Aug 17 18:58:00 fedora systemd[1]: Started colord.service - Manage, Install and Generate Color Profiles.
Aug 17 18:58:00 fedora audit[1]: SERVICE_START pid=1 uid=0 auid=4294967295 ses=4294967295 subj=system_u:system_r:kernel_t:s0 msg='unit=colord comm="systemd" exe="/usr/lib/systemd/systemd" hostname=? addr=? terminal=? res=success'
Aug 17 18:58:01 fedora gnome-shell[1596]: Unset XDG_SESSION_ID, getCurrentSessionProxy() called outside a user session. Asking logind directly.
Aug 17 18:58:01 fedora systemd[1447]: Created slice app-dbus\x2d:1.2\x2dorg.gnome.Shell.Screencast.slice - Slice /app/dbus-:1.2-org.gnome.Shell.Screencast.
Aug 17 18:58:01 fedora systemd[1447]: Started dbus-:1.2-org.gnome.Shell.Screencast@0.service.
Aug 17 18:58:01 fedora systemd[1447]: Created slice app-dbus\x2d:1.2\x2dorg.gnome.Shell.CalendarServer.slice - Slice /app/dbus-:1.2-org.gnome.Shell.CalendarServer.
Aug 17 18:58:01 fedora systemd[1447]: Started dbus-:1.2-org.gnome.Shell.CalendarServer@0.service.
Aug 17 18:58:01 fedora systemd[1447]: Starting xdg-permission-store.service - sandboxed app permission store...
Aug 17 18:58:01 fedora systemd[1447]: Started xdg-permission-store.service - sandboxed app permission store.
Aug 17 18:58:01 fedora systemd[1447]: Starting evolution-source-registry.service - Evolution source registry...
Aug 17 18:58:01 fedora gnome-shell[1596]: Registering session with GDM
Aug 17 18:58:01 fedora systemd[1447]: Starting dconf.service - User preferences database...
Aug 17 18:58:01 fedora gnome-shell[1596]: Could not issue 'GetUnit' systemd call
Aug 17 18:58:01 fedora systemd[1447]: Created slice app-dbus\x2d:1.2\x2dorg.gnome.Shell.Notifications.slice - Slice /app/dbus-:1.2-org.gnome.Shell.Notifications.
Aug 17 18:58:01 fedora systemd[1447]: Started dbus-:1.2-org.gnome.Shell.Notifications@0.service.
Aug 17 18:58:01 fedora systemd[1447]: Started org.gnome.Shell@user.service - GNOME Shell.
Aug 17 18:58:01 fedora systemd[1447]: Reached target gnome-session-initialized.target - GNOME Session is initialized.
Aug 17 18:58:01 fedora systemd[1447]: Reached target gnome-session-basic-services.target - GNOME basic session services.
Aug 17 18:58:01 fedora systemd[1447]: Reached target gnome-session-services.target - GNOME session services.
Aug 17 18:58:01 fedora systemd[1447]: Reached target gnome-session@gnome.target - GNOME Session (session: gnome).
Aug 17 18:58:01 fedora systemd[1447]: Starting gnome-session-signal-init.service - Signal initialization done to GNOME Session Manager...
Aug 17 18:58:01 fedora systemd[1447]: Starting org.gnome.SettingsDaemon.A11ySettings.service - GNOME accessibility service...
Aug 17 18:58:01 fedora systemd[1447]: Starting org.gnome.SettingsDaemon.Color.service - GNOME color management service...
Aug 17 18:58:01 fedora systemd[1447]: Starting org.gnome.SettingsDaemon.Datetime.service - GNOME date & time service...
Aug 17 18:58:01 fedora systemd[1447]: Starting org.gnome.SettingsDaemon.Housekeeping.service - GNOME maintenance of expirable data service...
Aug 17 18:58:01 fedora systemd[1447]: Starting org.gnome.SettingsDaemon.Keyboard.service - GNOME keyboard configuration service...
Aug 17 18:58:01 fedora systemd[1447]: Starting org.gnome.SettingsDaemon.MediaKeys.service - GNOME keyboard shortcuts service...
Aug 17 18:58:01 fedora systemd[1447]: Starting org.gnome.SettingsDaemon.Power.service - GNOME power management service...
Aug 17 18:58:01 fedora gnome-shell[1596]: Failed to launch ibus-daemon: Failed to execute child process “ibus-daemon” (No such file or directory)
Aug 17 18:58:01 fedora systemd[1447]: Starting org.gnome.SettingsDaemon.PrintNotifications.service - GNOME printer notifications service...
Aug 17 18:58:01 fedora systemd[1447]: Starting org.gnome.SettingsDaemon.Rfkill.service - GNOME RFKill support service...
Aug 17 18:58:01 fedora systemd[1447]: Starting org.gnome.SettingsDaemon.ScreensaverProxy.service - GNOME FreeDesktop screensaver service...
Aug 17 18:58:01 fedora systemd[1447]: Starting org.gnome.SettingsDaemon.Sharing.service - GNOME file sharing service...
Aug 17 18:58:01 fedora systemd[1447]: Starting org.gnome.SettingsDaemon.Smartcard.service - GNOME smartcard service...
Aug 17 18:58:01 fedora systemd[1447]: Starting org.gnome.SettingsDaemon.Sound.service - GNOME sound sample caching service...
Aug 17 18:58:01 fedora systemd[1447]: Starting org.gnome.SettingsDaemon.UsbProtection.service - GNOME USB protection service...
Aug 17 18:58:01 fedora systemd[1447]: Starting org.gnome.SettingsDaemon.Wwan.service - GNOME WWan support service...
Aug 17 18:58:01 fedora systemd[1447]: Started dconf.service - User preferences database.
Aug 17 18:58:01 fedora gnome-session-service[1589]: Entering running state
Aug 17 18:58:01 fedora systemd[1447]: Finished gnome-session-signal-init.service - Signal initialization done to GNOME Session Manager.
Aug 17 18:58:01 fedora systemd[1447]: Started org.gnome.SettingsDaemon.Housekeeping.service - GNOME maintenance of expirable data service.
Aug 17 18:58:01 fedora systemd[1447]: Started org.gnome.SettingsDaemon.A11ySettings.service - GNOME accessibility service.
Aug 17 18:58:01 fedora systemd[1447]: Started org.gnome.SettingsDaemon.Keyboard.service - GNOME keyboard configuration service.
Aug 17 18:58:01 fedora systemd[1447]: Started org.gnome.SettingsDaemon.Color.service - GNOME color management service.
Aug 17 18:58:01 fedora kernel: rfkill: input handler disabled
Aug 17 18:58:01 fedora systemd[1447]: Started org.gnome.SettingsDaemon.Smartcard.service - GNOME smartcard service.
Aug 17 18:58:01 fedora systemd[1447]: Started org.gnome.SettingsDaemon.ScreensaverProxy.service - GNOME FreeDesktop screensaver service.
Aug 17 18:58:01 fedora systemd[1447]: Started org.gnome.SettingsDaemon.Datetime.service - GNOME date & time service.
Aug 17 18:58:01 fedora systemd[1447]: Started org.gnome.SettingsDaemon.PrintNotifications.service - GNOME printer notifications service.
Aug 17 18:58:01 fedora systemd[1447]: Started org.gnome.SettingsDaemon.Rfkill.service - GNOME RFKill support service.
Aug 17 18:58:01 fedora audit: BPF prog-id=85 op=LOAD
Aug 17 18:58:01 fedora audit: BPF prog-id=86 op=LOAD
Aug 17 18:58:01 fedora audit: BPF prog-id=87 op=LOAD
Aug 17 18:58:01 fedora systemd[1]: Starting systemd-localed.service - Locale Service...
Aug 17 18:58:01 fedora systemd[1]: Created slice system-cups.slice - CUPS Slice.
Aug 17 18:58:01 fedora systemd[1]: Starting foomaticrip-upgrade.service - Allowing already installed printers for foomatic-rip...
Aug 17 18:58:01 fedora systemd[1447]: Started org.gnome.SettingsDaemon.Wwan.service - GNOME WWan support service.
Aug 17 18:58:01 fedora systemd[1447]: Started org.gnome.SettingsDaemon.Power.service - GNOME power management service.
Aug 17 18:58:01 fedora audit[1840]: AVC avc:  denied  { read } for  pid=1840 comm="(systemd-local)" name="cpu" dev="proc" ino=4026532061 scontext=system_u:system_r:kernel_t:s0 tcontext=system_u:object_r:proc_psi_t:s0 tclass=file permissive=1
Aug 17 18:58:01 fedora audit[1846]: AVC avc:  denied  { open } for  pid=1846 comm="(bash)" path="/proc/pressure/cpu" dev="proc" ino=4026532061 scontext=system_u:system_r:kernel_t:s0 tcontext=system_u:object_r:proc_psi_t:s0 tclass=file permissive=1
Aug 17 18:58:01 fedora audit[1846]: SYSCALL arch=c000003e syscall=257 success=yes exit=3 a0=ffffffffffffff9c a1=560d47705e68 a2=80100 a3=0 items=0 ppid=1 pid=1846 auid=4294967295 uid=0 gid=0 euid=0 suid=0 fsuid=0 egid=0 sgid=0 fsgid=0 tty=(none) ses=4294967295 comm="(bash)" exe="/usr/lib/systemd/systemd-executor" subj=system_u:system_r:kernel_t:s0 key=(null)
Aug 17 18:58:01 fedora audit[1840]: AVC avc:  denied  { open } for  pid=1840 comm="(systemd-local)" path="/proc/pressure/cpu" dev="proc" ino=4026532061 scontext=system_u:system_r:kernel_t:s0 tcontext=system_u:object_r:proc_psi_t:s0 tclass=file permissive=1
Aug 17 18:58:01 fedora audit: PROCTITLE proctitle="(bash)"
Aug 17 18:58:01 fedora audit[1846]: AVC avc:  denied  { getattr } for  pid=1846 comm="(bash)" path="/proc/pressure/cpu" dev="proc" ino=4026532061 scontext=system_u:system_r:kernel_t:s0 tcontext=system_u:object_r:proc_psi_t:s0 tclass=file permissive=1
Aug 17 18:58:01 fedora audit[1840]: SYSCALL arch=c000003e syscall=257 success=yes exit=3 a0=ffffffffffffff9c a1=558972ed3e68 a2=80100 a3=0 items=0 ppid=1 pid=1840 auid=4294967295 uid=0 gid=0 euid=0 suid=0 fsuid=0 egid=0 sgid=0 fsgid=0 tty=(none) ses=4294967295 comm="(systemd-local)" exe="/usr/lib/systemd/systemd-executor" subj=system_u:system_r:kernel_t:s0 key=(null)
Aug 17 18:58:01 fedora audit: PROCTITLE proctitle="(systemd-localed)"
Aug 17 18:58:01 fedora audit[1846]: SYSCALL arch=c000003e syscall=5 success=yes exit=0 a0=3 a1=7ffe942a5d60 a2=0 a3=0 items=0 ppid=1 pid=1846 auid=4294967295 uid=0 gid=0 euid=0 suid=0 fsuid=0 egid=0 sgid=0 fsgid=0 tty=(none) ses=4294967295 comm="(bash)" exe="/usr/lib/systemd/systemd-executor" subj=system_u:system_r:kernel_t:s0 key=(null)
Aug 17 18:58:01 fedora audit: PROCTITLE proctitle="(bash)"
Aug 17 18:58:01 fedora systemd[1447]: Started org.gnome.SettingsDaemon.Sound.service - GNOME sound sample caching service.
Aug 17 18:58:01 fedora systemd[1447]: Started org.gnome.SettingsDaemon.UsbProtection.service - GNOME USB protection service.
Aug 17 18:58:01 fedora systemd[1447]: Started org.gnome.SettingsDaemon.MediaKeys.service - GNOME keyboard shortcuts service.
Aug 17 18:58:01 fedora systemd[1447]: Started app-gnome-art.comrade.BunnyInstaller-1773.scope - Application launched by gnome-session-service.
Aug 17 18:58:01 fedora systemd[1447]: Started app-gnome-art.comrade.BunnySetupDrive-1781.scope - Application launched by gnome-session-service.
Aug 17 18:58:01 fedora systemd[1447]: Started app-gnome-libcanberra\x2dlogin\x2dsound-1787.scope - Application launched by gnome-session-service.
Aug 17 18:58:01 fedora systemd[1447]: Reached target org.gnome.SettingsDaemon.A11ySettings.target - GNOME accessibility target.
Aug 17 18:58:01 fedora systemd[1447]: Reached target org.gnome.SettingsDaemon.Color.target - GNOME color management target.
Aug 17 18:58:01 fedora systemd[1447]: Reached target org.gnome.SettingsDaemon.Datetime.target - GNOME date & time target.
Aug 17 18:58:01 fedora systemd[1447]: Reached target org.gnome.SettingsDaemon.Housekeeping.target - GNOME maintenance of expirable data target.
Aug 17 18:58:01 fedora systemd[1447]: Reached target org.gnome.SettingsDaemon.Keyboard.target - GNOME keyboard configuration target.
Aug 17 18:58:01 fedora systemd[1447]: Reached target org.gnome.SettingsDaemon.MediaKeys.target - GNOME keyboard shortcuts target.
Aug 17 18:58:01 fedora systemd[1447]: Reached target org.gnome.SettingsDaemon.Power.target - GNOME power management target.
Aug 17 18:58:01 fedora systemd[1447]: Reached target org.gnome.SettingsDaemon.PrintNotifications.target - GNOME printer notifications target.
Aug 17 18:58:01 fedora systemd[1447]: Reached target org.gnome.SettingsDaemon.Rfkill.target - GNOME RFKill support target.
Aug 17 18:58:01 fedora systemd[1447]: Reached target org.gnome.SettingsDaemon.ScreensaverProxy.target - GNOME FreeDesktop screensaver target.
Aug 17 18:58:01 fedora systemd[1447]: Reached target org.gnome.SettingsDaemon.Smartcard.target - GNOME smartcard target.
Aug 17 18:58:01 fedora systemd[1447]: Reached target org.gnome.SettingsDaemon.Sound.target - GNOME sound sample caching target.
Aug 17 18:58:01 fedora systemd[1447]: Reached target org.gnome.SettingsDaemon.UsbProtection.target - GNOME USB protection target.
Aug 17 18:58:01 fedora systemd[1447]: Reached target org.gnome.SettingsDaemon.Wwan.target - GNOME WWan support target.
Aug 17 18:58:01 fedora systemd[1447]: Started org.gnome.SettingsDaemon.Sharing.service - GNOME file sharing service.
Aug 17 18:58:01 fedora systemd[1447]: Reached target org.gnome.SettingsDaemon.Sharing.target - GNOME file sharing target.
Aug 17 18:58:01 fedora systemd[1447]: Reached target gnome-session.target - GNOME Session.
Aug 17 18:58:01 fedora systemd[1447]: Reached target graphical-session.target - Current graphical user session.
Aug 17 18:58:01 fedora audit[1840]: AVC avc:  denied  { mounton } for  pid=1840 comm="(systemd-local)" path="/run/systemd/namespace-cMU5pG/dev/pts" dev="tmpfs" ino=2 scontext=system_u:system_r:kernel_t:s0 tcontext=system_u:object_r:devpts_t:s0 tclass=dir permissive=1
Aug 17 18:58:01 fedora audit[1840]: SYSCALL arch=c000003e syscall=165 success=yes exit=0 a0=558972ed5ede a1=7ffe7506a1f0 a2=0 a3=1000 items=1 ppid=1 pid=1840 auid=4294967295 uid=0 gid=0 euid=0 suid=0 fsuid=0 egid=0 sgid=0 fsgid=0 tty=(none) ses=4294967295 comm="(systemd-local)" exe="/usr/lib/systemd/systemd-executor" subj=system_u:system_r:kernel_t:s0 key=(null)
Aug 17 18:58:01 fedora audit: CWD cwd="/"
Aug 17 18:58:01 fedora audit: PATH item=0 name="/dev/pts" inode=1 dev=00:1c mode=040755 ouid=0 ogid=0 rdev=00:00 obj=system_u:object_r:devpts_t:s0 nametype=NORMAL cap_fp=0 cap_fi=0 cap_fe=0 cap_fver=0 cap_frootid=0
Aug 17 18:58:01 fedora audit: PROCTITLE proctitle="(systemd-localed)"
Aug 17 18:58:01 fedora audit[1]: SERVICE_START pid=1 uid=0 auid=4294967295 ses=4294967295 subj=system_u:system_r:kernel_t:s0 msg='unit=foomaticrip-upgrade comm="systemd" exe="/usr/lib/systemd/systemd" hostname=? addr=? terminal=? res=success'
Aug 17 18:58:01 fedora audit[1]: SERVICE_STOP pid=1 uid=0 auid=4294967295 ses=4294967295 subj=system_u:system_r:kernel_t:s0 msg='unit=foomaticrip-upgrade comm="systemd" exe="/usr/lib/systemd/systemd" hostname=? addr=? terminal=? res=success'
Aug 17 18:58:01 fedora systemd[1447]: Started bunny-companion.service - Bunny Companion runtime.
Aug 17 18:58:01 fedora systemd[1]: foomaticrip-upgrade.service: Deactivated successfully.
Aug 17 18:58:01 fedora systemd[1]: Finished foomaticrip-upgrade.service - Allowing already installed printers for foomatic-rip.
Aug 17 18:58:01 fedora systemd[1]: Starting cups.service - CUPS Scheduler...
Aug 17 18:58:01 fedora systemd[1447]: Starting bunny-first-boot.service - Bunny OS per-user first-boot preferences...
Aug 17 18:58:01 fedora audit[1840]: AVC avc:  denied  { mounton } for  pid=1840 comm="(systemd-local)" path="/run/systemd/mount-rootfs/proc/acpi" dev="proc" ino=4026531997 scontext=system_u:system_r:kernel_t:s0 tcontext=system_u:object_r:proc_t:s0 tclass=dir permissive=1
Aug 17 18:58:01 fedora audit[1840]: SYSCALL arch=c000003e syscall=165 success=yes exit=0 a0=558996fbd710 a1=7ffe7506a390 a2=0 a3=5000 items=1 ppid=1 pid=1840 auid=4294967295 uid=0 gid=0 euid=0 suid=0 fsuid=0 egid=0 sgid=0 fsgid=0 tty=(none) ses=4294967295 comm="(systemd-local)" exe="/usr/lib/systemd/systemd-executor" subj=system_u:system_r:kernel_t:s0 key=(null)
Aug 17 18:58:01 fedora audit: CWD cwd="/"
Aug 17 18:58:01 fedora audit: PATH item=0 name="/run/systemd/mount-rootfs/proc/acpi" inode=4026531997 dev=00:54 mode=040555 ouid=0 ogid=0 rdev=00:00 obj=system_u:object_r:proc_t:s0 nametype=NORMAL cap_fp=0 cap_fi=0 cap_fe=0 cap_fver=0 cap_frootid=0
Aug 17 18:58:01 fedora audit: PROCTITLE proctitle="(systemd-localed)"
Aug 17 18:58:01 fedora audit[1840]: AVC avc:  denied  { getattr } for  pid=1840 comm="(systemd-local)" path="/run/systemd/mount-rootfs/proc/irq" dev="proc" ino=4026531861 scontext=system_u:system_r:kernel_t:s0 tcontext=system_u:object_r:sysctl_irq_t:s0 tclass=dir permissive=1
Aug 17 18:58:01 fedora audit[1840]: SYSCALL arch=c000003e syscall=5 success=yes exit=0 a0=5 a1=7ffe7506a330 a2=80100 a3=21 items=0 ppid=1 pid=1840 auid=4294967295 uid=0 gid=0 euid=0 suid=0 fsuid=0 egid=0 sgid=0 fsgid=0 tty=(none) ses=4294967295 comm="(systemd-local)" exe="/usr/lib/systemd/systemd-executor" subj=system_u:system_r:kernel_t:s0 key=(null)
Aug 17 18:58:01 fedora audit: PROCTITLE proctitle="(systemd-localed)"
Aug 17 18:58:01 fedora systemd[1447]: Starting bunny-first-run.service - Bunny OS first-run experience...
Aug 17 18:58:01 fedora audit[1840]: AVC avc:  denied  { mounton } for  pid=1840 comm="(systemd-local)" path="/run/systemd/mount-rootfs/proc/irq" dev="proc" ino=4026531861 scontext=system_u:system_r:kernel_t:s0 tcontext=system_u:object_r:sysctl_irq_t:s0 tclass=dir permissive=1
Aug 17 18:58:01 fedora audit[1840]: SYSCALL arch=c000003e syscall=165 success=yes exit=0 a0=558996fc9e90 a1=7ffe7506a390 a2=0 a3=5000 items=1 ppid=1 pid=1840 auid=4294967295 uid=0 gid=0 euid=0 suid=0 fsuid=0 egid=0 sgid=0 fsgid=0 tty=(none) ses=4294967295 comm="(systemd-local)" exe="/usr/lib/systemd/systemd-executor" subj=system_u:system_r:kernel_t:s0 key=(null)
Aug 17 18:58:01 fedora audit: CWD cwd="/"
Aug 17 18:58:01 fedora audit: PATH item=0 name="/run/systemd/mount-rootfs/proc/irq" inode=4026531861 dev=00:54 mode=040555 ouid=0 ogid=0 rdev=00:00 obj=system_u:object_r:sysctl_irq_t:s0 nametype=NORMAL cap_fp=0 cap_fi=0 cap_fe=0 cap_fver=0 cap_frootid=0
Aug 17 18:58:01 fedora audit: PROCTITLE proctitle="(systemd-localed)"
Aug 17 18:58:01 fedora audit[1840]: AVC avc:  denied  { mounton } for  pid=1840 comm="(systemd-local)" path="/run/systemd/mount-rootfs/proc/kallsyms" dev="proc" ino=4026532066 scontext=system_u:system_r:kernel_t:s0 tcontext=system_u:object_r:system_map_t:s0 tclass=file permissive=1
Aug 17 18:58:01 fedora audit[1840]: SYSCALL arch=c000003e syscall=165 success=yes exit=0 a0=558997384070 a1=7ffe7506a390 a2=0 a3=5000 items=1 ppid=1 pid=1840 auid=4294967295 uid=0 gid=0 euid=0 suid=0 fsuid=0 egid=0 sgid=0 fsgid=0 tty=(none) ses=4294967295 comm="(systemd-local)" exe="/usr/lib/systemd/systemd-executor" subj=system_u:system_r:kernel_t:s0 key=(null)
Aug 17 18:58:01 fedora audit: CWD cwd="/"
Aug 17 18:58:01 fedora audit: PATH item=0 name="/run/systemd/inaccessible/reg" inode=7 dev=00:1d mode=0100000 ouid=0 ogid=0 rdev=00:00 obj=system_u:object_r:init_var_run_t:s0 nametype=NORMAL cap_fp=0 cap_fi=0 cap_fe=0 cap_fver=0 cap_frootid=0
Aug 17 18:58:01 fedora audit: PROCTITLE proctitle="(systemd-localed)"
Aug 17 18:58:01 fedora audit[1840]: AVC avc:  denied  { mounton } for  pid=1840 comm="(systemd-local)" path="/run/systemd/mount-rootfs/proc/kcore" dev="proc" ino=4026532026 scontext=system_u:system_r:kernel_t:s0 tcontext=system_u:object_r:proc_kcore_t:s0 tclass=file permissive=1
Aug 17 18:58:01 fedora audit[1840]: SYSCALL arch=c000003e syscall=165 success=yes exit=0 a0=558996fbd2b0 a1=7ffe7506a390 a2=0 a3=5000 items=1 ppid=1 pid=1840 auid=4294967295 uid=0 gid=0 euid=0 suid=0 fsuid=0 egid=0 sgid=0 fsgid=0 tty=(none) ses=4294967295 comm="(systemd-local)" exe="/usr/lib/systemd/systemd-executor" subj=system_u:system_r:kernel_t:s0 key=(null)
Aug 17 18:58:01 fedora audit: CWD cwd="/"
Aug 17 18:58:01 fedora audit: PATH item=0 name="/run/systemd/inaccessible/reg" inode=7 dev=00:1d mode=0100000 ouid=0 ogid=0 rdev=00:00 obj=system_u:object_r:init_var_run_t:s0 nametype=NORMAL cap_fp=0 cap_fi=0 cap_fe=0 cap_fver=0 cap_frootid=0
Aug 17 18:58:01 fedora audit: PROCTITLE proctitle="(systemd-localed)"
Aug 17 18:58:01 fedora audit[1840]: AVC avc:  denied  { mounton } for  pid=1840 comm="(systemd-local)" path="/run/systemd/mount-rootfs/proc/mtrr" dev="proc" ino=4026531994 scontext=system_u:system_r:kernel_t:s0 tcontext=system_u:object_r:mtrr_device_t:s0 tclass=file permissive=1
Aug 17 18:58:01 fedora audit[1840]: SYSCALL arch=c000003e syscall=165 success=yes exit=0 a0=558996fc1210 a1=7ffe7506a390 a2=0 a3=5000 items=1 ppid=1 pid=1840 auid=4294967295 uid=0 gid=0 euid=0 suid=0 fsuid=0 egid=0 sgid=0 fsgid=0 tty=(none) ses=4294967295 comm="(systemd-local)" exe="/usr/lib/systemd/systemd-executor" subj=system_u:system_r:kernel_t:s0 key=(null)
Aug 17 18:58:01 fedora audit: CWD cwd="/"
Aug 17 18:58:01 fedora audit: PATH item=0 name="/run/systemd/mount-rootfs/proc/mtrr" inode=4026531994 dev=00:54 mode=0100644 ouid=0 ogid=0 rdev=00:00 obj=system_u:object_r:mtrr_device_t:s0 nametype=NORMAL cap_fp=0 cap_fi=0 cap_fe=0 cap_fver=0 cap_frootid=0
Aug 17 18:58:01 fedora audit: PROCTITLE proctitle="(systemd-localed)"
Aug 17 18:58:01 fedora audit[1840]: AVC avc:  denied  { mounton } for  pid=1840 comm="(systemd-local)" path="/run/systemd/mount-rootfs/proc/sys" dev="proc" ino=4026531854 scontext=system_u:system_r:kernel_t:s0 tcontext=system_u:object_r:sysctl_t:s0 tclass=dir permissive=1
Aug 17 18:58:01 fedora audit[1840]: SYSCALL arch=c000003e syscall=165 success=yes exit=0 a0=55899737c8d0 a1=7ffe7506a390 a2=0 a3=5000 items=1 ppid=1 pid=1840 auid=4294967295 uid=0 gid=0 euid=0 suid=0 fsuid=0 egid=0 sgid=0 fsgid=0 tty=(none) ses=4294967295 comm="(systemd-local)" exe="/usr/lib/systemd/systemd-executor" subj=system_u:system_r:kernel_t:s0 key=(null)
Aug 17 18:58:01 fedora audit: CWD cwd="/"
Aug 17 18:58:01 fedora audit: PATH item=0 name="/run/systemd/mount-rootfs/proc/sys" inode=4026531854 dev=00:54 mode=040555 ouid=0 ogid=0 rdev=00:00 obj=system_u:object_r:sysctl_t:s0 nametype=NORMAL cap_fp=0 cap_fi=0 cap_fe=0 cap_fver=0 cap_frootid=0
Aug 17 18:58:01 fedora audit: PROCTITLE proctitle="(systemd-localed)"
Aug 17 18:58:01 fedora systemd[1447]: Starting evolution-alarm-notify.service - Event and Task Reminders...
Aug 17 18:58:01 fedora systemd[1447]: Starting gnome-initial-setup-first-login.service - GNOME Initial Setup...
Aug 17 18:58:01 fedora audit[1840]: AVC avc:  denied  { remount } for  pid=1840 comm="(systemd-local)" scontext=system_u:system_r:kernel_t:s0 tcontext=system_u:object_r:binfmt_misc_fs_t:s0 tclass=filesystem permissive=1
Aug 17 18:58:01 fedora audit[1840]: SYSCALL arch=c000003e syscall=165 success=yes exit=0 a0=0 a1=7ffe7506a470 a2=0 a3=102f items=0 ppid=1 pid=1840 auid=4294967295 uid=0 gid=0 euid=0 suid=0 fsuid=0 egid=0 sgid=0 fsgid=0 tty=(none) ses=4294967295 comm="(systemd-local)" exe="/usr/lib/systemd/systemd-executor" subj=system_u:system_r:kernel_t:s0 key=(null)
Aug 17 18:58:01 fedora audit: PROCTITLE proctitle="(systemd-localed)"
Aug 17 18:58:01 fedora audit[1840]: AVC avc:  denied  { remount } for  pid=1840 comm="(systemd-local)" scontext=system_u:system_r:kernel_t:s0 tcontext=system_u:object_r:sysfs_t:s0 tclass=filesystem permissive=1
Aug 17 18:58:01 fedora audit[1840]: SYSCALL arch=c000003e syscall=165 success=yes exit=0 a0=0 a1=7ffe7506a470 a2=0 a3=102f items=0 ppid=1 pid=1840 auid=4294967295 uid=0 gid=0 euid=0 suid=0 fsuid=0 egid=0 sgid=0 fsgid=0 tty=(none) ses=4294967295 comm="(systemd-local)" exe="/usr/lib/systemd/systemd-executor" subj=system_u:system_r:kernel_t:s0 key=(null)
Aug 17 18:58:01 fedora audit: PROCTITLE proctitle="(systemd-localed)"
Aug 17 18:58:01 fedora audit[1840]: AVC avc:  denied  { remount } for  pid=1840 comm="(systemd-local)" scontext=system_u:system_r:kernel_t:s0 tcontext=system_u:object_r:efivarfs_t:s0 tclass=filesystem permissive=1
Aug 17 18:58:01 fedora audit[1840]: SYSCALL arch=c000003e syscall=165 success=yes exit=0 a0=0 a1=7ffe7506a470 a2=0 a3=102f items=0 ppid=1 pid=1840 auid=4294967295 uid=0 gid=0 euid=0 suid=0 fsuid=0 egid=0 sgid=0 fsgid=0 tty=(none) ses=4294967295 comm="(systemd-local)" exe="/usr/lib/systemd/systemd-executor" subj=system_u:system_r:kernel_t:s0 key=(null)
Aug 17 18:58:01 fedora audit: PROCTITLE proctitle="(systemd-localed)"
Aug 17 18:58:01 fedora audit[1840]: AVC avc:  denied  { remount } for  pid=1840 comm="(systemd-local)" scontext=system_u:system_r:kernel_t:s0 tcontext=system_u:object_r:configfs_t:s0 tclass=filesystem permissive=1
Aug 17 18:58:01 fedora audit[1840]: SYSCALL arch=c000003e syscall=165 success=yes exit=0 a0=0 a1=7ffe7506a470 a2=0 a3=102f items=0 ppid=1 pid=1840 auid=4294967295 uid=0 gid=0 euid=0 suid=0 fsuid=0 egid=0 sgid=0 fsgid=0 tty=(none) ses=4294967295 comm="(systemd-local)" exe="/usr/lib/systemd/systemd-executor" subj=system_u:system_r:kernel_t:s0 key=(null)
Aug 17 18:58:01 fedora audit: PROCTITLE proctitle="(systemd-localed)"
Aug 17 18:58:01 fedora audit[1840]: AVC avc:  denied  { remount } for  pid=1840 comm="(systemd-local)" scontext=system_u:system_r:kernel_t:s0 tcontext=system_u:object_r:pstore_t:s0 tclass=filesystem permissive=1
Aug 17 18:58:01 fedora audit[1840]: SYSCALL arch=c000003e syscall=165 success=yes exit=0 a0=0 a1=7ffe7506a470 a2=0 a3=102f items=0 ppid=1 pid=1840 auid=4294967295 uid=0 gid=0 euid=0 suid=0 fsuid=0 egid=0 sgid=0 fsgid=0 tty=(none) ses=4294967295 comm="(systemd-local)" exe="/usr/lib/systemd/systemd-executor" subj=system_u:system_r:kernel_t:s0 key=(null)
Aug 17 18:58:01 fedora audit: PROCTITLE proctitle="(systemd-localed)"
Aug 17 18:58:01 fedora audit[1840]: AVC avc:  denied  { remount } for  pid=1840 comm="(systemd-local)" scontext=system_u:system_r:kernel_t:s0 tcontext=system_u:object_r:security_t:s0 tclass=filesystem permissive=1
Aug 17 18:58:01 fedora audit[1840]: SYSCALL arch=c000003e syscall=165 success=yes exit=0 a0=0 a1=7ffe7506a470 a2=0 a3=102f items=0 ppid=1 pid=1840 auid=4294967295 uid=0 gid=0 euid=0 suid=0 fsuid=0 egid=0 sgid=0 fsgid=0 tty=(none) ses=4294967295 comm="(systemd-local)" exe="/usr/lib/systemd/systemd-executor" subj=system_u:system_r:kernel_t:s0 key=(null)
Aug 17 18:58:01 fedora audit: PROCTITLE proctitle="(systemd-localed)"
Aug 17 18:58:01 fedora audit[1840]: AVC avc:  denied  { remount } for  pid=1840 comm="(systemd-local)" scontext=system_u:system_r:kernel_t:s0 tcontext=system_u:object_r:fusefs_t:s0 tclass=filesystem permissive=1
Aug 17 18:58:01 fedora audit[1840]: SYSCALL arch=c000003e syscall=165 success=yes exit=0 a0=0 a1=7ffe7506a470 a2=0 a3=102f items=0 ppid=1 pid=1840 auid=4294967295 uid=0 gid=0 euid=0 suid=0 fsuid=0 egid=0 sgid=0 fsgid=0 tty=(none) ses=4294967295 comm="(systemd-local)" exe="/usr/lib/systemd/systemd-executor" subj=system_u:system_r:kernel_t:s0 key=(null)
Aug 17 18:58:01 fedora audit: PROCTITLE proctitle="(systemd-localed)"
Aug 17 18:58:01 fedora audit[1840]: AVC avc:  denied  { remount } for  pid=1840 comm="(systemd-local)" scontext=system_u:system_r:kernel_t:s0 tcontext=system_u:object_r:bpf_t:s0 tclass=filesystem permissive=1
Aug 17 18:58:01 fedora audit[1840]: SYSCALL arch=c000003e syscall=165 success=yes exit=0 a0=0 a1=7ffe7506a470 a2=0 a3=102f items=0 ppid=1 pid=1840 auid=4294967295 uid=0 gid=0 euid=0 suid=0 fsuid=0 egid=0 sgid=0 fsgid=0 tty=(none) ses=4294967295 comm="(systemd-local)" exe="/usr/lib/systemd/systemd-executor" subj=system_u:system_r:kernel_t:s0 key=(null)
Aug 17 18:58:01 fedora audit: PROCTITLE proctitle="(systemd-localed)"
Aug 17 18:58:01 fedora systemd[1447]: Starting localsearch-3.service - LocalSearch indexer...
Aug 17 18:58:01 fedora systemd[1447]: Started user-dirs-update-gtk.service - User folders update.
Aug 17 18:58:01 fedora audit[1840]: AVC avc:  denied  { getattr } for  pid=1840 comm="systemd-localed" path="pid:[4026531836]" dev="nsfs" ino=4026531836 scontext=system_u:system_r:kernel_t:s0 tcontext=system_u:object_r:nsfs_t:s0 tclass=file permissive=1
Aug 17 18:58:01 fedora audit[1840]: SYSCALL arch=c000003e syscall=262 success=yes exit=0 a0=ffffff9c a1=7ffc0a951d60 a2=7ffc0a951d80 a3=0 items=0 ppid=1 pid=1840 auid=4294967295 uid=0 gid=0 euid=0 suid=0 fsuid=0 egid=0 sgid=0 fsgid=0 tty=(none) ses=4294967295 comm="systemd-localed" exe="/usr/lib/systemd/systemd-localed" subj=system_u:system_r:kernel_t:s0 key=(null)
Aug 17 18:58:01 fedora audit: PROCTITLE proctitle="(systemd-localed)"
Aug 17 18:58:01 fedora art.comrade.BunnySetupDrive.desktop[1781]: BUNNY-INSTALL {"arguments": "--passphrase=bunny-disk-passphrase --device-name=warren", "event": "driver-arguments", "source": "/run/bunny-setup/drive.args"}
Aug 17 18:58:01 fedora art.comrade.BunnySetupDrive.desktop[1781]: BUNNY-INSTALL {"device_name": "warren", "disk_device": "/dev/vda", "disk_gib": 80.0, "disk_model": "QEMU HARDDISK", "display_name": "Alex", "event": "start", "expect_refusal": false, "high_contrast": false, "install_timeout": 2400.0, "reduced_motion": false, "text_scale": 1.0, "timeout": 180.0, "username": "alex"}
Aug 17 18:58:01 fedora audit[1]: SERVICE_START pid=1 uid=0 auid=4294967295 ses=4294967295 subj=system_u:system_r:kernel_t:s0 msg='unit=systemd-localed comm="systemd" exe="/usr/lib/systemd/systemd" hostname=? addr=? terminal=? res=success'
Aug 17 18:58:01 fedora systemd[1]: Started systemd-localed.service - Locale Service.
Aug 17 18:58:01 fedora systemd[1447]: Starting xdg-desktop-portal.service - Portal service...
Aug 17 18:58:01 fedora gsd-keyboard[1730]: g_variant_unref: assertion 'value != NULL' failed
Aug 17 18:58:01 fedora audit[1856]: AVC avc:  denied  { name_bind } for  pid=1856 comm="cupsd" src=631 scontext=system_u:system_r:kernel_t:s0 tcontext=system_u:object_r:ipp_port_t:s0 tclass=tcp_socket permissive=1
Aug 17 18:58:01 fedora audit[1856]: SYSCALL arch=c000003e syscall=49 success=yes exit=0 a0=7 a1=55e40e3bb084 a2=1c a3=7ffee1a264b4 items=0 ppid=1 pid=1856 auid=4294967295 uid=0 gid=0 euid=0 suid=0 fsuid=0 egid=0 sgid=0 fsgid=0 tty=(none) ses=4294967295 comm="cupsd" exe="/usr/bin/cupsd" subj=system_u:system_r:kernel_t:s0 key=(null)
Aug 17 18:58:01 fedora audit: PROCTITLE proctitle=2F7573722F62696E2F6375707364002D6C
Aug 17 18:58:01 fedora gsd-sharing[1740]: Failed to stop gnome-user-share-webdav.service: GDBus.Error:org.freedesktop.systemd1.NoSuchUnit: Unit gnome-user-share-webdav.service not loaded.
Aug 17 18:58:01 fedora audit[1]: SERVICE_START pid=1 uid=0 auid=4294967295 ses=4294967295 subj=system_u:system_r:kernel_t:s0 msg='unit=cups comm="systemd" exe="/usr/lib/systemd/systemd" hostname=? addr=? terminal=? res=success'
Aug 17 18:58:01 fedora systemd[1]: Started cups.service - CUPS Scheduler.
Aug 17 18:58:01 fedora gsd-sharing[1740]: Failed to stop rygel.service: GDBus.Error:org.freedesktop.systemd1.NoSuchUnit: Unit rygel.service not loaded.
Aug 17 18:58:01 fedora systemd[1447]: Created slice app-dbus\x2d:1.2\x2dorg.gnome.ScreenSaver.slice - Slice /app/dbus-:1.2-org.gnome.ScreenSaver.
Aug 17 18:58:01 fedora systemd[1447]: Started dbus-:1.2-org.gnome.ScreenSaver@0.service.
Aug 17 18:58:01 fedora systemd[1447]: Started pipewire.service - PipeWire Multimedia Service.
Aug 17 18:58:01 fedora systemd[1447]: Started wireplumber.service - Multimedia Service Session Manager.
Aug 17 18:58:01 fedora systemd[1447]: Started pipewire-pulse.service - PipeWire PulseAudio.
Aug 17 18:58:02 fedora systemd[1447]: Started localsearch-3.service - LocalSearch indexer.
Aug 17 18:58:02 fedora audit[1158]: AVC avc:  denied  { getsched } for  pid=1158 comm="rtkit-daemon" scontext=system_u:system_r:kernel_t:s0 tcontext=unconfined_u:unconfined_r:unconfined_t:s0 tclass=process permissive=1
Aug 17 18:58:02 fedora audit[1158]: SYSCALL arch=c000003e syscall=145 success=yes exit=1073741824 a0=65f a1=34 a2=0 a3=0 items=0 ppid=1 pid=1158 auid=4294967295 uid=973 gid=973 euid=973 suid=973 fsuid=973 egid=973 sgid=973 fsgid=973 tty=(none) ses=4294967295 comm="rtkit-daemon" exe="/usr/libexec/rtkit-daemon" subj=system_u:system_r:kernel_t:s0 key=(null)
Aug 17 18:58:02 fedora audit: PROCTITLE proctitle="/usr/libexec/rtkit-daemon"
Aug 17 18:58:02 fedora systemd[1447]: Starting xdg-document-portal.service - flatpak document portal service...
Aug 17 18:58:02 fedora systemd[1447]: Created slice app-dbus\x2d:1.2\x2dorg.gnome.OnlineAccounts.slice - Slice /app/dbus-:1.2-org.gnome.OnlineAccounts.
Aug 17 18:58:02 fedora systemd[1447]: Started dbus-:1.2-org.gnome.OnlineAccounts@0.service.
Aug 17 18:58:02 fedora systemd[1447]: Started xdg-document-portal.service - flatpak document portal service.
Aug 17 18:58:02 fedora systemd[1447]: Starting xdg-desktop-portal-gnome.service - Portal service (GNOME implementation)...
Aug 17 18:58:02 fedora systemd[1447]: Starting gvfs-udisks2-volume-monitor.service - Virtual filesystem service - disk device monitor...
Aug 17 18:58:02 fedora bunny-first-boot[1857]: Bunny OS first-boot preferences
Aug 17 18:58:02 fedora bunny-first-boot[1857]: GNOME Initial Setup manages language, keyboard, time, network, hostname, and the Linux account.
Aug 17 18:58:02 fedora bunny-first-boot[1857]: No cloud account, model download, telemetry, or payment is required.
Aug 17 18:58:02 fedora goa-daemon[1946]: goa-daemon version 3.58.1 starting
Aug 17 18:58:02 fedora systemd[1447]: Created slice app-dbus\x2d:1.2\x2dorg.gnome.Identity.slice - Slice /app/dbus-:1.2-org.gnome.Identity.
Aug 17 18:58:02 fedora bunny-first-boot[1857]: Launch Bunny Desktop when you sign in? [y/N] A signed OS update channel is not configured in this image; periodic checks remain off.
Aug 17 18:58:02 fedora bunny-first-boot[1857]: Have you stored your disk-encryption recovery key safely? [y/N] Saved local preferences to /var/home/bunny-live/.config/bunny-os/first-boot-complete.json
Aug 17 18:58:02 fedora bunny-first-boot[1857]: Enable autostart later with: systemctl --user enable bunny-desktop.service
Aug 17 18:58:02 fedora systemd[1447]: Started dbus-:1.2-org.gnome.Identity@0.service.
Aug 17 18:58:02 fedora systemd[1447]: Finished bunny-first-boot.service - Bunny OS per-user first-boot preferences.
Aug 17 18:58:02 fedora gnome-initial-setup[1862]: Starting gnome-initial-setup
Aug 17 18:58:02 fedora gnome-initial-setup[1862]: Production mode: changes will be saved to disk
Aug 17 18:58:02 fedora systemd[1447]: Started gvfs-udisks2-volume-monitor.service - Virtual filesystem service - disk device monitor.
Aug 17 18:58:02 fedora systemd[1447]: Starting gvfs-goa-volume-monitor.service - Virtual filesystem service - GNOME Online Accounts monitor...
Aug 17 18:58:02 fedora gnome-initial-setup[1862]: Skipping gnome-initial-setup for existing user
Aug 17 18:58:02 fedora systemd[1447]: Started gvfs-goa-volume-monitor.service - Virtual filesystem service - GNOME Online Accounts monitor.
Aug 17 18:58:02 fedora localsearch-3[1864]: Could not get file handle for '/var/home/bunny-live': Operation not supported
Aug 17 18:58:02 fedora rtkit-daemon[1158]: Successfully made thread 1885 of process 1885 (/usr/bin/pipewire) owned by '1000' high priority at nice level -11.
Aug 17 18:58:02 fedora localsearch-3[1864]: Could not get file handle for '/var/home/bunny-live/Desktop': Operation not supported
Aug 17 18:58:02 fedora localsearch-3[1864]: Could not get file handle for '/var/home/bunny-live/Downloads': Operation not supported
Aug 17 18:58:02 fedora localsearch-3[1864]: Could not get file handle for '/var/home/bunny-live/Templates': Operation not supported
Aug 17 18:58:02 fedora localsearch-3[1864]: Could not get file handle for '/var/home/bunny-live/Public': Operation not supported
Aug 17 18:58:02 fedora localsearch-3[1864]: Could not get file handle for '/var/home/bunny-live/Documents': Operation not supported
Aug 17 18:58:02 fedora localsearch-3[1864]: Could not get file handle for '/var/home/bunny-live/Music': Operation not supported
Aug 17 18:58:02 fedora localsearch-3[1864]: Could not get file handle for '/var/home/bunny-live/Pictures': Operation not supported
Aug 17 18:58:02 fedora localsearch-3[1864]: Could not get file handle for '/var/home/bunny-live/Videos': Operation not supported
Aug 17 18:58:02 fedora rtkit-daemon[1158]: Successfully made thread 1929 of process 1885 (/usr/bin/pipewire) owned by '1000' RT at priority 20.
Aug 17 18:58:02 fedora rtkit-daemon[1158]: Successfully made thread 1882 of process 1882 (/usr/bin/pipewire) owned by '1000' high priority at nice level -11.
Aug 17 18:58:02 fedora rtkit-daemon[1158]: Successfully made thread 1937 of process 1882 (/usr/bin/pipewire) owned by '1000' RT at priority 20.
Aug 17 18:58:02 fedora rtkit-daemon[1158]: Successfully made thread 1883 of process 1883 (/usr/bin/wireplumber) owned by '1000' high priority at nice level -11.
Aug 17 18:58:02 fedora systemd[1447]: Started evolution-source-registry.service - Evolution source registry.
Aug 17 18:58:02 fedora rtkit-daemon[1158]: Successfully made thread 1988 of process 1883 (/usr/bin/wireplumber) owned by '1000' RT at priority 20.
Aug 17 18:58:02 fedora gnome-shell[1596]: Failed to load background 'file:///usr/share/backgrounds/bunny-os/bunny-nocturne.svg': Unknown image format: application/xml
                                          Used config: Config {
                                              image_loader: {
                                                  Alloc(
                                                      "image/apng",
                                                  ): ImageLoaderConfig {
                                                      exec: "/usr/libexec/glycin-loaders/2+/glycin-image-rs",
                                                      expose_base_dir: false,
                                                      fontconfig: false,
                                                  },
                                                  Alloc(
                                                      "image/avif",
                                                  ): ImageLoaderConfig {
                                                      exec: "/usr/libexec/glycin-loaders/2+/glycin-heif",
                                                      expose_base_dir: false,
                                                      fontconfig: false,
                                                  },
                                                  Alloc(
                                                      "image/bmp",
                                                  ): ImageLoaderConfig {
                                                      exec: "/usr/libexec/glycin-loaders/2+/glycin-image-rs",
                                                      expose_base_dir: false,
                                                      fontconfig: false,
                                                  },
                                                  Alloc(
                                                      "image/gif",
                                                  ): ImageLoaderConfig {
                                                      exec: "/usr/libexec/glycin-loaders/2+/glycin-image-rs",
                                                      expose_base_dir: false,
                                                      fontconfig: false,
                                                  },
                                                  Alloc(
                                                      "image/heif",
                                                  ): ImageLoaderConfig {
                                                      exec: "/usr/libexec/glycin-loaders/2+/glycin-heif",
                                                      expose_base_dir: false,
                                                      fontconfig: false,
                                                  },
                                                  Alloc(
                                                      "image/jp2",
                                                  ): ImageLoaderConfig {
                                                      exec: "/usr/libexec/glycin-loaders/2+/glycin-image-rs",
                                                      expose_base_dir: false,
                                                      fontconfig: false,
                                                  },
                                                  Alloc(
                                                      "image/jpeg",
                                                  ): ImageLoaderConfig {
                                                      exec: "/usr/libexec/glycin-loaders/2+/glycin-image-rs",
                                                      expose_base_dir: false,
                                                      fontconfig: false,
                                                  },
                                                  Alloc(
                                                      "image/jxl",
                                                  ): ImageLoaderConfig {
                                                      exec: "/usr/libexec/glycin-loaders/2+/glycin-jxl",
                                                      expose_base_dir: false,
                                                      fontconfig: false,
                                                  },
                                                  Alloc(
                                                      "image/png",
                                                  ): ImageLoaderConfig {
                                                      exec: "/usr/libexec/glycin-loaders/2+/glycin-image-rs",
                                                      expose_base_dir: false,
                                                      fontconfig: false,
                                                  },
                                                  Alloc(
                                                      "image/qoi",
                                                  ): ImageLoaderConfig {
                                                      exec: "/usr/libexec/glycin-loaders/2+/glycin-image-rs",
                                                      expose_base_dir: false,
                                                      fontconfig: false,
                                                  },
                                                  Alloc(
                                                      "image/svg+xml",
                                                  ): ImageLoaderConfig {
                                                      exec: "/usr/libexec/glycin-loaders/2+/glycin-svg",
                                                      expose_base_dir: true,
                                                      fontconfig: true,
                                                  },
                                                  Alloc(
                                                      "image/svg+xml-compressed",
                                                  ): ImageLoaderConfig {
                                                      exec: "/usr/libexec/glycin-loaders/2+/glycin-svg",
                                                      expose_base_dir: true,
                                                      fontconfig: true,
                                                  },
                                                  Alloc(
                                                      "image/tiff",
                                                  ): ImageLoaderConfig {
                                                      exec: "/usr/libexec/glycin-loaders/2+/glycin-image-rs",
                                                      expose_base_dir: false,
                                                      fontconfig: false,
                                                  },
                                                  Alloc(
                                                      "image/vnd.microsoft.icon",
                                                  ): ImageLoaderConfig {
                                                      exec: "/usr/libexec/glycin-loaders/2+/glycin-image-rs",
                                                      expose_base_dir: false,
                                                      fontconfig: false,
                                                  },
                                                  Alloc(
                                                      "image/webp",
                                                  ): ImageLoaderConfig {
                                                      exec: "/usr/libexec/glycin-loaders/2+/glycin-image-rs",
                                                      expose_base_dir: false,
                                                      fontconfig: false,
                                                  },
                                                  Alloc(
                                                      "image/x-dds",
                                                  ): ImageLoaderConfig {
                                                      exec: "/usr/libexec/glycin-loaders/2+/glycin-image-rs",
                                                      expose_base_dir: false,
                                                      fontconfig: false,
                                                  },
                                                  Alloc(
                                                      "image/x-exr",
                                                  ): ImageLoaderConfig {
                                                      exec: "/usr/libexec/glycin-loaders/2+/glycin-image-rs",
                                                      expose_base_dir: false,
                                                      fontconfig: false,
                                                  },
                                                  Alloc(
                                                      "image/x-jp2-codestream",
                                                  ): ImageLoaderConfig {
                                                      exec: "/usr/libexec/glycin-loaders/2+/glycin-image-rs",
                                                      expose_base_dir: false,
                                                      fontconfig: false,
                                                  },
                                                  Alloc(
                                                      "image/x-portable-anymap",
                                                  ): ImageLoaderConfig {
                                                      exec: "/usr/libexec/glycin-loaders/2+/glycin-image-rs",
                                                      expose_base_dir: false,
                                                      fontconfig: false,
                                                  },
                                                  Alloc(
                                                      "image/x-portable-bitmap",
                                                  ): ImageLoaderConfig {
                                                      exec: "/usr/libexec/glycin-loaders/2+/glycin-image-rs",
                                                      expose_base_dir: false,
                                                      fontconfig: false,
                                                  },
                                                  Alloc(
                                                      "image/x-portable-graymap",
                                                  ): ImageLoaderConfig {
                                                      exec: "/usr/libexec/glycin-loaders/2+/glycin-image-rs",
                                                      expose_base_dir: false,
                                                      fontconfig: false,
                                                  },
                                                  Alloc(
                                                      "image/x-portable-pixmap",
                                                  ): ImageLoaderConfig {
                                                      exec: "/usr/libexec/glycin-loaders/2+/glycin-image-rs",
                                                      expose_base_dir: false,
                                                      fontconfig: false,
                                                  },
                                                  Alloc(
                                                      "image/x-qoi",
                                                  ): ImageLoaderConfig {
                                                      exec: "/usr/libexec/glycin-loaders/2+/glycin-image-rs",
                                                      expose_base_dir: false,
                                                      fontconfig: false,
                                                  },
                                                  Alloc(
                                                      "image/x-tga",
                                                  ): ImageLoaderConfig {
                                                      exec: "/usr/libexec/glycin-loaders/2+/glycin-image-rs",
                                                      expose_base_dir: false,
                                                      fontconfig: false,
                                                  },
                                                  Alloc(
                                                      "image/x-win-bitmap",
                                                  ): ImageLoaderConfig {
                                                      exec: "/usr/libexec/glycin-loaders/2+/glycin-image-rs",
                                                      expose_base_dir: false,
                                                      fontconfig: false,
                                                  },
                                                  Alloc(
                                                      "image/x-xbitmap",
                                                  ): ImageLoaderConfig {
                                                      exec: "/usr/libexec/glycin-loaders/2+/glycin-image-rs",
                                                      expose_base_dir: false,
                                                      fontconfig: false,
                                                  },
                                                  Alloc(
                                                      "image/x-xpixmap",
                                                  ): ImageLoaderConfig {
                                                      exec: "/usr/libexec/glycin-loaders/2+/glycin-image-rs",
                                                      expose_base_dir: false,
                                                      fontconfig: false,
                                                  },
                                              },
                                              image_editor: {
                                                  Alloc(
                                                      "image/avif",
                                                  ): ImageEditorConfig {
                                                      exec: "/usr/libexec/glycin-loaders/2+/glycin-heif",
                                                      expose_base_dir: false,
                                                      fontconfig: false,
                                                      operations: [],
                                                      creator: true,
                                                      creator_color_icc_profile: true,
                                                      creator_encoding_quality: true,
                                                      creator_encoding_compression: false,
                                                      creator_metadata_key_value: false,
                                                  },
                                                  Alloc(
                                                      "image/bmp",
                                                  ): ImageEditorConfig {
                                                      exec: "/usr/libexec/glycin-loaders/2+/glycin-image-rs",
                                                      expose_base_dir: false,
                                                      fontconfig: false,
                                                      operations: [],
                                                      creator: true,
                                                      creator_color_icc_profile: false,
                                                      creator_encoding_quality: false,
                                                      creator_encoding_compression: false,
                                                      creator_metadata_key_value: false,
                                                  },
                                                  Alloc(
                                                      "image/gif",
                                                  ): ImageEditorConfig {
                                                      exec: "/usr/libexec/glycin-loaders/2+/glycin-image-rs",
                                                      expose_base_dir: false,
                                                      fontconfig: false,
                                                      operations: [],
                                                      creator: true,
                                                      creator_color_icc_profile: false,
                                                      creator_encoding_quality: false,
                                                      creator_encoding_compression: false,
                                                      creator_metadata_key_value: false,
                                                  },
                                                  Alloc(
                                                      "image/heif",
                                                  ): ImageEditorConfig {
                                                      exec: "/usr/libexec/glycin-loaders/2+/glycin-heif",
                                                      expose_base_dir: false,
                                                      fontconfig: false,
                                                      operations: [],
                                                      creator: true,
                                                      creator_color_icc_profile: true,
                                                      creator_encoding_quality: true,
                                                      creator_encoding_compression: false,
                                                      creator_metadata_key_value: false,
                                                  },
                                                  Alloc(
                                                      "image/jpeg",
                                                  ): ImageEditorConfig {
                                                      exec: "/usr/libexec/glycin-loaders/2+/glycin-image-rs",
                                                      expose_base_dir: false,
                                                      fontconfig: false,
                                                      operations: [
                                                          Clip,
                                                          MirrorHorizontally,
                                                          MirrorVertically,
                                                          Rotate,
                                                      ],
                                                      creator: true,
                                                      creator_color_icc_profile: true,
                                                      creator_encoding_quality: true,
                                                      creator_encoding_compression: false,
                                                      creator_metadata_key_value: false,
                                                  },
                                                  Alloc(
                                                      "image/jxl",
                                                  ): ImageEditorConfig {
                                                      exec: "/usr/libexec/glycin-loaders/2+/glycin-jxl",
                                                      expose_base_dir: false,
                                                      fontconfig: false,
                                                      operations: [],
                                                      creator: true,
                                                      creator_color_icc_profile: false,
                                                      creator_encoding_quality: true,
                                                      creator_encoding_compression: false,
                                                      creator_metadata_key_value: false,
                                                  },
                                                  Alloc(
                                                      "image/png",
                                                  ): ImageEditorConfig {
                                                      exec: "/usr/libexec/glycin-loaders/2+/glycin-image-rs",
                                                      expose_base_dir: false,
                                                      fontconfig: false,
                                                      operations: [
                                                          Clip,
                                                          MirrorHorizontally,
                                                          MirrorVertically,
                                                          Rotate,
                                                      ],
                                                      creator: true,
                                                      creator_color_icc_profile: true,
                                                      creator_encoding_quality: false,
                                                      creator_encoding_compression: true,
                                                      creator_metadata_key_value: true,
                                                  },
                                                  Alloc(
                                                      "image/qoi",
                                                  ): ImageEditorConfig {
                                                      exec: "/usr/libexec/glycin-loaders/2+/glycin-image-rs",
                                                      expose_base_dir: false,
                                                      fontconfig: false,
                                                      operations: [],
                                                      creator: true,
                                                      creator_color_icc_profile: false,
                                                      creator_encoding_quality: false,
                                                      creator_encoding_compression: false,
                                                      creator_metadata_key_value: false,
                                                  },
                                                  Alloc(
                                                      "image/tiff",
                                                  ): ImageEditorConfig {
                                                      exec: "/usr/libexec/glycin-loaders/2+/glycin-image-rs",
                                                      expose_base_dir: false,
                                                      fontconfig: false,
                                                      operations: [],
                                                      creator: true,
                                                      creator_color_icc_profile: false,
                                                      creator_encoding_quality: false,
                                                      creator_encoding_compression: false,
                                                      creator_metadata_key_value: false,
                                                  },
                                                  Alloc(
                                                      "image/vnd.microsoft.icon",
                                                  ): ImageEditorConfig {
                                                      exec: "/usr/libexec/glycin-loaders/2+/glycin-image-rs",
                                                      expose_base_dir: false,
                                                      fontconfig: false,
                                                      operations: [],
                                                      creator: true,
                                                      creator_color_icc_profile: false,
                                                      creator_encoding_quality: false,
                                                      creator_encoding_compression: false,
                                                      creator_metadata_key_value: false,
                                                  },
                                                  Alloc(
                                                      "image/webp",
                                                  ): ImageEditorConfig {
                                                      exec: "/usr/libexec/glycin-loaders/2+/glycin-image-rs",
                                                      expose_base_dir: false,
                                                      fontconfig: false,
                                                      operations: [],
                                                      creator: true,
                                                      creator_color_icc_profile: false,
                                                      creator_encoding_quality: false,
                                                      creator_encoding_compression: false,
                                                      creator_metadata_key_value: false,
                                                  },
                                                  Alloc(
                                                      "image/x-exr",
                                                  ): ImageEditorConfig {
                                                      exec: "/usr/libexec/glycin-loaders/2+/glycin-image-rs",
                                                      expose_base_dir: false,
                                                      fontconfig: false,
                                                      operations: [],
                                                      creator: true,
                                                      creator_color_icc_profile: false,
                                                      creator_encoding_quality: false,
                                                      creator_encoding_compression: false,
                                                      creator_metadata_key_value: false,
                                                  },
                                                  Alloc(
                                                      "image/x-tga",
                                                  ): ImageEditorConfig {
                                                      exec: "/usr/libexec/glycin-loaders/2+/glycin-image-rs",
                                                      expose_base_dir: false,
                                                      fontconfig: false,
                                                      operations: [],
                                                      creator: true,
                                                      creator_color_icc_profile: false,
                                                      creator_encoding_quality: false,
                                                      creator_encoding_compression: false,
                                                      creator_metadata_key_value: false,
                                                  },
                                              },
                                          }
Aug 17 18:58:02 fedora gnome-shell[1596]: Will monitor session 1
Aug 17 18:58:02 fedora systemd[1447]: Starting evolution-calendar-factory.service - Evolution calendar service...
Aug 17 18:58:02 fedora gsd-usb-protection[1764]: Failed to fetch USBGuard parameters: GDBus.Error:org.freedesktop.DBus.Error.ServiceUnknown: The name is not activatable
Aug 17 18:58:02 fedora gsd-media-keys[1732]: Failed to grab accelerator for keybinding settings:playback-repeat
Aug 17 18:58:02 fedora gsd-media-keys[1732]: Failed to grab accelerator for keybinding settings:hibernate
Aug 17 18:58:02 fedora systemd[1447]: Finished gnome-initial-setup-first-login.service - GNOME Initial Setup.
Aug 17 18:58:02 fedora gnome-shell[1596]: Error looking up permission: GDBus.Error:org.freedesktop.portal.Error.NotFound: No entry for geolocation
Aug 17 18:58:02 fedora wireplumber[1883]: spa.bluez5: BlueZ system service is not available
Aug 17 18:58:02 fedora systemd[1447]: Started evolution-calendar-factory.service - Evolution calendar service.
Aug 17 18:58:02 fedora wireplumber[1883]: wp-device: SPA handle 'api.libcamera.enum.manager' could not be loaded; is it installed?
Aug 17 18:58:02 fedora wireplumber[1883]: s-monitors-libcamera: PipeWire's libcamera SPA plugin is missing or broken. Some camera types may not be supported.
Aug 17 18:58:02 fedora systemd[1447]: Starting evolution-addressbook-factory.service - Evolution address book service...
Aug 17 18:58:03 fedora cupsd[1856]: REQUEST localhost - - "POST / HTTP/1.1" 200 363 Create-Printer-Subscriptions successful-ok
Aug 17 18:58:03 fedora systemd[1447]: Started evolution-addressbook-factory.service - Evolution address book service.
Aug 17 18:58:03 fedora audit[1143]: USER_AVC pid=1143 uid=81 auid=4294967295 ses=4294967295 subj=system_u:system_r:kernel_t:s0 msg='avc:  denied  { acquire_svc } for  scontext=unconfined_u:unconfined_r:unconfined_t:s0 tcontext=system_u:system_r:kernel_t:s0 tclass=dbus permissive=1 exe="/usr/bin/dbus-broker" sauid=81 hostname=? addr=? terminal=?'
Aug 17 18:58:03 fedora kernel: kauditd_printk_skb: 562 callbacks suppressed
Aug 17 18:58:03 fedora systemd[1447]: Starting gvfs-metadata.service - Virtual filesystem metadata service...
Aug 17 18:58:03 fedora kernel: audit: type=1107 audit(1786993083.055:394): pid=1143 uid=81 auid=4294967295 ses=4294967295 subj=system_u:system_r:kernel_t:s0 msg='avc:  denied  { acquire_svc } for  scontext=unconfined_u:unconfined_r:unconfined_t:s0 tcontext=system_u:system_r:kernel_t:s0 tclass=dbus permissive=1 exe="/usr/bin/dbus-broker" sauid=81 hostname=? addr=? terminal=?'
Aug 17 18:58:03 fedora audit: BPF prog-id=88 op=LOAD
Aug 17 18:58:03 fedora audit: BPF prog-id=89 op=LOAD
Aug 17 18:58:03 fedora audit: BPF prog-id=90 op=LOAD
Aug 17 18:58:03 fedora systemd[1]: Starting malcontent-timerd.service - Parental Controls Timer Daemon...
Aug 17 18:58:03 fedora kernel: audit: type=1334 audit(1786993083.100:395): prog-id=88 op=LOAD
Aug 17 18:58:03 fedora kernel: audit: type=1334 audit(1786993083.100:396): prog-id=89 op=LOAD
Aug 17 18:58:03 fedora kernel: audit: type=1334 audit(1786993083.100:397): prog-id=90 op=LOAD
Aug 17 18:58:03 fedora systemd[1447]: Started gvfs-metadata.service - Virtual filesystem metadata service.
Aug 17 18:58:03 fedora audit[2137]: AVC avc:  denied  { create } for  pid=2137 comm="(malcontent-ti)" scontext=system_u:system_r:kernel_t:s0 tcontext=system_u:system_r:kernel_t:s0 tclass=netlink_route_socket permissive=1
Aug 17 18:58:03 fedora audit[2137]: SYSCALL arch=c000003e syscall=41 success=yes exit=3 a0=10 a1=80803 a2=0 a3=0 items=0 ppid=1 pid=2137 auid=4294967295 uid=0 gid=0 euid=0 suid=0 fsuid=0 egid=0 sgid=0 fsgid=0 tty=(none) ses=4294967295 comm="(malcontent-ti)" exe="/usr/lib/systemd/systemd-executor" subj=system_u:system_r:kernel_t:s0 key=(null)
Aug 17 18:58:03 fedora audit: PROCTITLE proctitle="(malcontent-timerd)"
Aug 17 18:58:03 fedora kernel: audit: type=1400 audit(1786993083.119:398): avc:  denied  { create } for  pid=2137 comm="(malcontent-ti)" scontext=system_u:system_r:kernel_t:s0 tcontext=system_u:system_r:kernel_t:s0 tclass=netlink_route_socket permissive=1
Aug 17 18:58:03 fedora kernel: audit: type=1300 audit(1786993083.119:398): arch=c000003e syscall=41 success=yes exit=3 a0=10 a1=80803 a2=0 a3=0 items=0 ppid=1 pid=2137 auid=4294967295 uid=0 gid=0 euid=0 suid=0 fsuid=0 egid=0 sgid=0 fsgid=0 tty=(none) ses=4294967295 comm="(malcontent-ti)" exe="/usr/lib/systemd/systemd-executor" subj=system_u:system_r:kernel_t:s0 key=(null)
Aug 17 18:58:03 fedora kernel: audit: type=1327 audit(1786993083.119:398): proctitle="(malcontent-timerd)"
Aug 17 18:58:03 fedora audit[2163]: AVC avc:  denied  { mounton } for  pid=2163 comm="(sd-pidns-child" path="/run/systemd/mount-rootfs/sys/fs/cgroup/system.slice/malcontent-timerd.service/memory.pressure" dev="cgroup2" ino=9651 scontext=system_u:system_r:kernel_t:s0 tcontext=system_u:object_r:cgroup_t:s0 tclass=file permissive=1
Aug 17 18:58:03 fedora audit[2163]: SYSCALL arch=c000003e syscall=165 success=yes exit=0 a0=558b88ecce00 a1=7ffcf9989940 a2=0 a3=5000 items=1 ppid=1 pid=2163 auid=4294967295 uid=0 gid=0 euid=0 suid=0 fsuid=0 egid=0 sgid=0 fsgid=0 tty=(none) ses=4294967295 comm="(sd-pidns-child" exe="/usr/lib/systemd/systemd-executor" subj=system_u:system_r:kernel_t:s0 key=(null)
Aug 17 18:58:03 fedora audit: CWD cwd="/"
Aug 17 18:58:03 fedora audit: PATH item=0 name="/run/systemd/mount-rootfs/sys/fs/cgroup/system.slice/malcontent-timerd.service/memory.pressure" inode=9651 dev=00:1e mode=0100644 ouid=975 ogid=975 rdev=00:00 obj=system_u:object_r:cgroup_t:s0 nametype=NORMAL cap_fp=0 cap_fi=0 cap_fe=0 cap_fver=0 cap_frootid=0
Aug 17 18:58:03 fedora audit: PROCTITLE proctitle="(sd-pidns-child)"
Aug 17 18:58:03 fedora audit[2163]: AVC avc:  denied  { mounton } for  pid=2163 comm="(sd-pidns-child" path="/run/systemd/mount-rootfs/var/lib/malcontent-timerd" dev="overlay" ino=1123 scontext=system_u:system_r:kernel_t:s0 tcontext=system_u:object_r:var_lib_t:s0 tclass=dir permissive=1
Aug 17 18:58:03 fedora audit[2163]: SYSCALL arch=c000003e syscall=165 success=yes exit=0 a0=558b88edcb50 a1=7ffcf9989940 a2=0 a3=5000 items=1 ppid=1 pid=2163 auid=4294967295 uid=0 gid=0 euid=0 suid=0 fsuid=0 egid=0 sgid=0 fsgid=0 tty=(none) ses=4294967295 comm="(sd-pidns-child" exe="/usr/lib/systemd/systemd-executor" subj=system_u:system_r:kernel_t:s0 key=(null)
Aug 17 18:58:03 fedora audit: CWD cwd="/"
Aug 17 18:58:03 fedora audit: PATH item=0 name="/var/lib/malcontent-timerd" inode=1123 dev=00:24 mode=040755 ouid=975 ogid=975 rdev=00:00 obj=system_u:object_r:var_lib_t:s0 nametype=NORMAL cap_fp=0 cap_fi=0 cap_fe=0 cap_fver=0 cap_frootid=0
Aug 17 18:58:03 fedora audit: PROCTITLE proctitle="(sd-pidns-child)"
Aug 17 18:58:03 fedora audit[2163]: AVC avc:  denied  { remount } for  pid=2163 comm="(sd-pidns-child" scontext=system_u:system_r:kernel_t:s0 tcontext=system_u:object_r:rpc_pipefs_t:s0 tclass=filesystem permissive=1
Aug 17 18:58:03 fedora audit[2163]: SYSCALL arch=c000003e syscall=165 success=yes exit=0 a0=0 a1=7ffcf9989a20 a2=0 a3=1021 items=0 ppid=1 pid=2163 auid=4294967295 uid=0 gid=0 euid=0 suid=0 fsuid=0 egid=0 sgid=0 fsgid=0 tty=(none) ses=4294967295 comm="(sd-pidns-child" exe="/usr/lib/systemd/systemd-executor" subj=system_u:system_r:kernel_t:s0 key=(null)
Aug 17 18:58:03 fedora audit: PROCTITLE proctitle="(sd-pidns-child)"
Aug 17 18:58:03 fedora kernel: audit: type=1400 audit(1786993083.132:399): avc:  denied  { mounton } for  pid=2163 comm="(sd-pidns-child" path="/run/systemd/mount-rootfs/sys/fs/cgroup/system.slice/malcontent-timerd.service/memory.pressure" dev="cgroup2" ino=9651 scontext=system_u:system_r:kernel_t:s0 tcontext=system_u:object_r:cgroup_t:s0 tclass=file permissive=1
Aug 17 18:58:03 fedora kernel: audit: type=1300 audit(1786993083.132:399): arch=c000003e syscall=165 success=yes exit=0 a0=558b88ecce00 a1=7ffcf9989940 a2=0 a3=5000 items=1 ppid=1 pid=2163 auid=4294967295 uid=0 gid=0 euid=0 suid=0 fsuid=0 egid=0 sgid=0 fsgid=0 tty=(none) ses=4294967295 comm="(sd-pidns-child" exe="/usr/lib/systemd/systemd-executor" subj=system_u:system_r:kernel_t:s0 key=(null)
Aug 17 18:58:03 fedora kernel: audit: type=1307 audit(1786993083.132:399): cwd="/"
Aug 17 18:58:03 fedora systemd[1]: Started malcontent-timerd.service - Parental Controls Timer Daemon.
Aug 17 18:58:03 fedora audit[1]: SERVICE_START pid=1 uid=0 auid=4294967295 ses=4294967295 subj=system_u:system_r:kernel_t:s0 msg='unit=malcontent-timerd comm="systemd" exe="/usr/lib/systemd/systemd" hostname=? addr=? terminal=? res=success'
Aug 17 18:58:03 fedora gnome-shell-calendar-server[1684]: e_cal_client_set_default_timezone: assertion 'zone != NULL' failed
Aug 17 18:58:03 fedora gnome-shell-calendar-server[1684]: e_cal_client_set_default_timezone: assertion 'zone != NULL' failed
Aug 17 18:58:03 fedora gnome-shell-calendar-server[1684]: e_cal_client_set_default_timezone: assertion 'zone != NULL' failed
Aug 17 18:58:03 fedora gnome-shell-calendar-server[1684]: e_cal_client_set_default_timezone: assertion 'zone != NULL' failed
Aug 17 18:58:03 fedora chronyd[1235]: Selected source 23.150.41.123 (2.fedora.pool.ntp.org)
Aug 17 18:58:04 fedora systemd-resolved[1032]: Clock change detected. Flushing caches.
Aug 17 18:58:03 fedora chronyd[1235]: System clock wrong by 1.143152 seconds
Aug 17 18:58:04 fedora chronyd[1235]: System clock was stepped by 1.143152 seconds
Aug 17 18:58:04 fedora chronyd[1235]: System clock TAI offset set to 37 seconds
Aug 17 18:58:04 fedora NetworkManager[1152]: <info>  [1786993084.5980] agent-manager: agent[451fd5e1f1517703,:1.37/org.gnome.Shell.NetworkAgent/1000]: agent registered
Aug 17 18:58:04 fedora systemd[1]: Starting geoclue.service - Location Lookup Service...
Aug 17 18:58:04 fedora audit[2222]: AVC avc:  denied  { mounton } for  pid=2222 comm="(geoclue)" path="/run/systemd/mount-rootfs/proc/sys/fs/binfmt_misc" dev="proc" ino=22017 scontext=system_u:system_r:kernel_t:s0 tcontext=system_u:object_r:sysctl_fs_t:s0 tclass=dir permissive=1
Aug 17 18:58:04 fedora audit[2222]: SYSCALL arch=c000003e syscall=165 success=yes exit=0 a0=7ffce25a7250 a1=55cdc76fe4f0 a2=0 a3=5000 items=1 ppid=1 pid=2222 auid=4294967295 uid=0 gid=0 euid=0 suid=0 fsuid=0 egid=0 sgid=0 fsgid=0 tty=(none) ses=4294967295 comm="(geoclue)" exe="/usr/lib/systemd/systemd-executor" subj=system_u:system_r:kernel_t:s0 key=(null)
Aug 17 18:58:04 fedora audit: CWD cwd="/"
Aug 17 18:58:04 fedora audit: PATH item=0 name="/proc/self/fd/4" inode=1 dev=00:36 mode=040755 ouid=0 ogid=0 rdev=00:00 obj=system_u:object_r:binfmt_misc_fs_t:s0 nametype=NORMAL cap_fp=0 cap_fi=0 cap_fe=0 cap_fver=0 cap_frootid=0
Aug 17 18:58:04 fedora audit: PROCTITLE proctitle="(geoclue)"
Aug 17 18:58:04 fedora systemd[1]: Starting wpa_supplicant.service - WPA supplicant...
Aug 17 18:58:04 fedora wpa_supplicant[2300]: Successfully initialized wpa_supplicant
Aug 17 18:58:04 fedora systemd[1]: Started wpa_supplicant.service - WPA supplicant.
Aug 17 18:58:04 fedora audit[1]: SERVICE_START pid=1 uid=0 auid=4294967295 ses=4294967295 subj=system_u:system_r:kernel_t:s0 msg='unit=wpa_supplicant comm="systemd" exe="/usr/lib/systemd/systemd" hostname=? addr=? terminal=? res=success'
Aug 17 18:58:04 fedora audit[1]: SERVICE_START pid=1 uid=0 auid=4294967295 ses=4294967295 subj=system_u:system_r:kernel_t:s0 msg='unit=geoclue comm="systemd" exe="/usr/lib/systemd/systemd" hostname=? addr=? terminal=? res=success'
Aug 17 18:58:04 fedora systemd[1]: Started geoclue.service - Location Lookup Service.
Aug 17 18:58:04 fedora audit[2222]: AVC avc:  denied  { read } for  pid=2222 comm="pool-4" name="net" dev="proc" ino=4026531843 scontext=system_u:system_r:kernel_t:s0 tcontext=system_u:object_r:proc_net_t:s0 tclass=lnk_file permissive=1
Aug 17 18:58:04 fedora audit[2222]: SYSCALL arch=c000003e syscall=21 success=yes exit=0 a0=7fe059fa5aa4 a1=0 a2=0 a3=8 items=1 ppid=1 pid=2222 auid=4294967295 uid=966 gid=966 euid=966 suid=966 fsuid=966 egid=966 sgid=966 fsgid=966 tty=(none) ses=4294967295 comm="pool-4" exe="/usr/libexec/geoclue" subj=system_u:system_r:kernel_t:s0 key=(null)
Aug 17 18:58:04 fedora audit: CWD cwd="/"
Aug 17 18:58:04 fedora audit: PATH item=0 name="/proc/net/if_inet6" inode=4026532175 dev=00:61 mode=0100444 ouid=0 ogid=0 rdev=00:00 obj=system_u:object_r:proc_net_t:s0 nametype=NORMAL cap_fp=0 cap_fi=0 cap_fe=0 cap_fver=0 cap_frootid=0
Aug 17 18:58:04 fedora audit: PROCTITLE proctitle="/usr/libexec/geoclue"
Aug 17 18:58:05 fedora gnome-shell[1596]: GNOME Shell started at Mon Aug 17 2026 18:58:01 GMT+0000 (Coordinated Universal Time)
Aug 17 18:58:05 fedora gnome-shell[1596]: Registering display with GDM
Aug 17 18:58:05 fedora gnome-shell[1596]: bunny-desktop: mutter reports rendering is software
Aug 17 18:58:05 fedora gnome-shell[1596]: bunny-desktop: panel blur disabled
Aug 17 18:58:05 fedora gnome-shell[1596]: bunny-theme: theme dark at 1x, reduced motion
Aug 17 18:58:05 fedora gnome-shell-calendar-server[1684]: e_cal_client_set_default_timezone: assertion 'zone != NULL' failed
Aug 17 18:58:05 fedora gnome-shell-calendar-server[1684]: e_cal_client_set_default_timezone: assertion 'zone != NULL' failed
Aug 17 18:58:05 fedora gnome-shell[1596]: bunny-desktop: no battery in /sys/class/power_supply; reporting AC Power
Aug 17 18:58:05 fedora gnome-shell[1596]: bunny-desktop: vscode is not installed (tried code.desktop, com.visualstudio.code.desktop)
Aug 17 18:58:05 fedora gnome-shell[1596]: bunny-desktop: spotify is not installed (tried com.spotify.Client.desktop, spotify.desktop)
Aug 17 18:58:05 fedora gnome-shell[1596]: bunny-desktop: animations are disabled; the character is drawn in a resting pose
Aug 17 18:58:05 fedora gnome-shell[1596]: bunny-desktop: obs is not installed (tried com.obsproject.Studio.desktop, obs-studio.desktop)
Aug 17 18:58:05 fedora gnome-shell[1596]: bunny-desktop: blender is not installed (tried org.blender.Blender.desktop, blender.desktop)
Aug 17 18:58:05 fedora gnome-shell[1596]: bunny-desktop: discord is not installed (tried com.discordapp.Discord.desktop, discord.desktop)
Aug 17 18:58:05 fedora gnome-shell[1596]: bunny-desktop: the wallpaper is in uiGroup below the desktop content, which is below the windows
Aug 17 18:58:05 fedora gnome-shell[1596]: bunny-desktop: desktop content layer is above the wallpaper and below the windows
Aug 17 18:58:05 fedora gnome-shell[1596]: bunny-desktop: the session opened the overview at login; dismissing it for the desktop
Aug 17 18:58:05 fedora gnome-shell[1596]: bunny-desktop: focus-desktop-search is bound to <Super>s
Aug 17 18:58:05 fedora gnome-shell[1596]: bunny-desktop: focus-desktop-sidebar is bound to <Super><Shift>n
Aug 17 18:58:05 fedora gnome-shell[1596]: bunny-desktop: focus-desktop-assistant is bound to <Super><Shift>b
Aug 17 18:58:05 fedora gnome-shell[1596]: bunny-desktop: push-to-talk is bound to <Super><Alt>space
Aug 17 18:58:05 fedora gnome-shell[1596]: bunny-desktop: no persistent filesystem to report: /var/home/bunny-live (overlay is a composed image, not a disk); /var/home (overlay is a composed image, not a disk); /home (overlay is a composed image, not a disk); /sysroot (overlay is a composed image, not a disk); /var (overlay is a composed image, not a disk); / (overlay is a composed image, not a disk)
Aug 17 18:58:05 fedora gnome-shell[1596]: bunny-desktop: no thermal sensor found; temperature reports Unavailable
Aug 17 18:58:05 fedora gnome-shell[1596]: bunny-desktop: layout 1280x1024 -> compact, 2 card column(s)
Aug 17 18:58:05 fedora gnome-shell[1596]: bunny-desktop: the Bunny desktop is up
Aug 17 18:58:05 fedora gnome-shell[1596]: Failed to get PolKit permission: Polkit.Error: GDBus.Error:org.freedesktop.PolicyKit1.Error.Failed: Action org.freedesktop.bolt.enroll is not registered
Aug 17 18:58:05 fedora libcanberra-login-sound.desktop[1787]: Failed to play sound: File or data not found
Aug 17 18:58:05 fedora systemd[1447]: Started evolution-alarm-notify.service - Event and Task Reminders.
Aug 17 18:58:06 fedora systemd[1447]: Created slice app-dbus\x2d:1.2\x2dorg.gnome.Settings.GlobalShortcutsProvider.slice - Slice /app/dbus-:1.2-org.gnome.Settings.GlobalShortcutsProvider.
Aug 17 18:58:06 fedora systemd[1447]: Started dbus-:1.2-org.gnome.Settings.GlobalShortcutsProvider@0.service.
Aug 17 18:58:06 fedora gnome-shell[1596]: Overwriting existing binding of keysym 20 with keysym 20 (keycode 41).
Aug 17 18:58:06 fedora gnome-shell[1596]: Overwriting existing binding of keysym 73 with keysym 73 (keycode 27).
Aug 17 18:58:06 fedora systemd[1447]: Started xdg-desktop-portal-gnome.service - Portal service (GNOME implementation).
Aug 17 18:58:06 fedora systemd[1447]: Starting xdg-desktop-portal-gtk.service - Portal service (GTK/GNOME implementation)...
Aug 17 18:58:06 fedora bunny-companion-service[1854]: bunny-companion-service: listening on /run/user/1000/bunny-companion/runtime.sock (unix-socket)
Aug 17 18:58:06 fedora gnome-shell[1596]: bunny-desktop: the companion runtime is reachable
Aug 17 18:58:06 fedora gnome-shell[1596]: bunny-desktop: voice input unavailable: No microphone is available.
Aug 17 18:58:06 fedora systemd[1447]: Started xdg-desktop-portal-gtk.service - Portal service (GTK/GNOME implementation).
Aug 17 18:58:06 fedora systemd[1447]: Started xdg-desktop-portal.service - Portal service.
Aug 17 18:58:06 fedora systemd[1447]: Created slice app-dbus\x2d:1.2\x2dorg.freedesktop.secrets.slice - Slice /app/dbus-:1.2-org.freedesktop.secrets.
Aug 17 18:58:06 fedora systemd[1447]: Started dbus-:1.2-org.freedesktop.secrets@0.service.
Aug 17 18:58:07 fedora gnome-keyring-daemon[2944]: discover_other_daemon: 1
Aug 17 18:58:07 fedora bunny-first-run[1858]: libEGL warning: failed to get driver name for fd -1
Aug 17 18:58:07 fedora bunny-first-run[1858]: libEGL warning: MESA-LOADER: failed to retrieve device information
Aug 17 18:58:07 fedora bunny-first-run[1858]: libEGL warning: failed to get driver name for fd -1
Aug 17 18:58:07 fedora art.comrade.BunnyInstaller.desktop[1773]: libEGL warning: failed to get driver name for fd -1
Aug 17 18:58:07 fedora art.comrade.BunnyInstaller.desktop[1773]: libEGL warning: MESA-LOADER: failed to retrieve device information
Aug 17 18:58:07 fedora art.comrade.BunnyInstaller.desktop[1773]: libEGL warning: failed to get driver name for fd -1
Aug 17 18:58:07 fedora gnome-shell[2974]: Xwayland glamor: GBM Wayland interfaces not available
Aug 17 18:58:07 fedora gnome-shell[2974]: Failed to initialize glamor, falling back to sw
Aug 17 18:58:07 fedora gnome-shell[2975]: The XKEYBOARD keymap compiler (xkbcomp) reports:
Aug 17 18:58:07 fedora gnome-shell[2975]: > Warning:          Multiple symbols for level 1/group 1 on key <FK23>
Aug 17 18:58:07 fedora gnome-shell[2975]: >                   Using F23, ignoring XF86TouchpadOff
Aug 17 18:58:07 fedora gnome-shell[2975]: > Warning:          Symbol map for key <FK23> redefined
Aug 17 18:58:07 fedora gnome-shell[2975]: >                   Using last definition for conflicting fields
Aug 17 18:58:07 fedora gnome-shell[2975]: > Warning:          Symbol map for key <FK24> redefined
Aug 17 18:58:07 fedora gnome-shell[2975]: >                   Using last definition for conflicting fields
Aug 17 18:58:07 fedora gnome-shell[2975]: Errors from xkbcomp are not fatal to the X server
Aug 17 18:58:07 fedora gnome-shell[1596]: Could not issue 'GetUnit' systemd call
Aug 17 18:58:07 fedora systemd[1447]: Reached target gnome-session-x11-services.target - GNOME session X11 services.
Aug 17 18:58:07 fedora systemd[1447]: Starting org.gnome.SettingsDaemon.XSettings.service - GNOME XSettings service...
Aug 17 18:58:07 fedora gnome-shell[1596]: Failed to launch ibus-daemon: Failed to execute child process “ibus-daemon” (No such file or directory)
Aug 17 18:58:07 fedora gnome-shell[2978]: The XKEYBOARD keymap compiler (xkbcomp) reports:
Aug 17 18:58:07 fedora gnome-shell[2978]: > Warning:          Unsupported maximum keycode 709, clipping.
Aug 17 18:58:07 fedora gnome-shell[2978]: >                   X11 cannot support keycodes above 255.
Aug 17 18:58:07 fedora gnome-shell[2978]: > Warning:          Virtual modifier Hyper multiply defined
Aug 17 18:58:07 fedora gnome-shell[2978]: >                   Using 0, ignoring 0
Aug 17 18:58:07 fedora gnome-shell[2978]: > Warning:          Virtual modifier ScrollLock multiply defined
Aug 17 18:58:07 fedora gnome-shell[2978]: >                   Using 0, ignoring 0
Aug 17 18:58:07 fedora gnome-shell[2978]: Errors from xkbcomp are not fatal to the X server
Aug 17 18:58:07 fedora systemd[1447]: Started org.gnome.SettingsDaemon.XSettings.service - GNOME XSettings service.
Aug 17 18:58:07 fedora systemd[1447]: Reached target gnome-session-x11-services-ready.target - GNOME session X11 services.
Aug 17 18:58:07 fedora systemd[1447]: org.gnome.SettingsDaemon.XSettings.target - GNOME XSettings target is inactive.
Aug 17 18:58:07 fedora gsd-xsettings[2977]: Failed to get current UI scaling factor: GDBus.Error:org.freedesktop.DBus.Error.NameHasNoOwner: Destination does not exist
Aug 17 18:58:07 fedora bunny-first-run[1858]: MESA: error: ZINK: failed to choose pdev
Aug 17 18:58:07 fedora bunny-first-run[1858]: libEGL warning: egl: failed to create dri2 screen
Aug 17 18:58:07 fedora art.comrade.BunnyInstaller.desktop[1773]: MESA: error: ZINK: failed to choose pdev
Aug 17 18:58:07 fedora art.comrade.BunnyInstaller.desktop[1773]: libEGL warning: egl: failed to create dri2 screen
Aug 17 18:58:07 fedora gnome-shell[2983]: libEGL warning: DRI3 error: Could not get DRI3 device
Aug 17 18:58:07 fedora gnome-shell[2983]: libEGL warning: Ensure your X server supports DRI3 to get accelerated rendering
Aug 17 18:58:08 fedora python3[1781]: AT-SPI: Error in GetItems, sender=:1.6, error=Object does not exist at path “/org/a11y/atspi/cache”
Aug 17 18:58:08 fedora python3[1781]: AT-SPI: Error in GetItems, sender=:1.7, error=Object does not exist at path “/org/a11y/atspi/cache”
Aug 17 18:58:09 fedora audit[1155]: AVC avc:  denied  { search } for  pid=1155 comm="irqbalance" name="irq" dev="proc" ino=4026531861 scontext=system_u:system_r:kernel_t:s0 tcontext=system_u:object_r:sysctl_irq_t:s0 tclass=dir permissive=1
Aug 17 18:58:09 fedora audit[1155]: AVC avc:  denied  { search } for  pid=1155 comm="irqbalance" name="29" dev="proc" ino=4026532149 scontext=system_u:system_r:kernel_t:s0 tcontext=system_u:object_r:sysctl_irq_t:s0 tclass=dir permissive=1
Aug 17 18:58:09 fedora audit[1155]: AVC avc:  denied  { read } for  pid=1155 comm="irqbalance" name="smp_affinity" dev="proc" ino=4026532150 scontext=system_u:system_r:kernel_t:s0 tcontext=system_u:object_r:sysctl_irq_t:s0 tclass=file permissive=1
Aug 17 18:58:09 fedora audit[1155]: AVC avc:  denied  { open } for  pid=1155 comm="irqbalance" path="/proc/irq/29/smp_affinity" dev="proc" ino=4026532150 scontext=system_u:system_r:kernel_t:s0 tcontext=system_u:object_r:sysctl_irq_t:s0 tclass=file permissive=1
Aug 17 18:58:09 fedora audit[1155]: SYSCALL arch=c000003e syscall=257 success=yes exit=6 a0=ffffffffffffff9c a1=7ffc50aa6330 a2=0 a3=0 items=1 ppid=1 pid=1155 auid=4294967295 uid=0 gid=0 euid=0 suid=0 fsuid=0 egid=0 sgid=0 fsgid=0 tty=(none) ses=4294967295 comm="irqbalance" exe="/usr/bin/irqbalance" subj=system_u:system_r:kernel_t:s0 key=(null)
Aug 17 18:58:09 fedora audit: CWD cwd="/"
Aug 17 18:58:09 fedora audit: PATH item=0 name="/proc/irq/29/smp_affinity" inode=4026532150 dev=00:39 mode=0100644 ouid=0 ogid=0 rdev=00:00 obj=system_u:object_r:sysctl_irq_t:s0 nametype=NORMAL cap_fp=0 cap_fi=0 cap_fe=0 cap_fver=0 cap_frootid=0
Aug 17 18:58:09 fedora audit: PROCTITLE proctitle="(irqbalance)"
Aug 17 18:58:09 fedora audit[1155]: AVC avc:  denied  { getattr } for  pid=1155 comm="irqbalance" path="/proc/irq/29/smp_affinity" dev="proc" ino=4026532150 scontext=system_u:system_r:kernel_t:s0 tcontext=system_u:object_r:sysctl_irq_t:s0 tclass=file permissive=1
Aug 17 18:58:09 fedora audit[1155]: SYSCALL arch=c000003e syscall=5 success=yes exit=0 a0=6 a1=7ffc50aa5b80 a2=7f8cf8594ec0 a3=0 items=0 ppid=1 pid=1155 auid=4294967295 uid=0 gid=0 euid=0 suid=0 fsuid=0 egid=0 sgid=0 fsgid=0 tty=(none) ses=4294967295 comm="irqbalance" exe="/usr/bin/irqbalance" subj=system_u:system_r:kernel_t:s0 key=(null)
Aug 17 18:58:09 fedora audit: PROCTITLE proctitle="(irqbalance)"
Aug 17 18:58:09 fedora audit[1155]: AVC avc:  denied  { write } for  pid=1155 comm="irqbalance" name="smp_affinity" dev="proc" ino=4026532150 scontext=system_u:system_r:kernel_t:s0 tcontext=system_u:object_r:sysctl_irq_t:s0 tclass=file permissive=1
Aug 17 18:58:09 fedora audit[1155]: SYSCALL arch=c000003e syscall=257 success=yes exit=6 a0=ffffffffffffff9c a1=7ffc50aa6330 a2=241 a3=1b6 items=0 ppid=1 pid=1155 auid=4294967295 uid=0 gid=0 euid=0 suid=0 fsuid=0 egid=0 sgid=0 fsgid=0 tty=(none) ses=4294967295 comm="irqbalance" exe="/usr/bin/irqbalance" subj=system_u:system_r:kernel_t:s0 key=(null)
Aug 17 18:58:09 fedora audit: PROCTITLE proctitle="(irqbalance)"
Aug 17 18:58:09 fedora irqbalance[1155]: Cannot change IRQ 25 affinity: Permission denied
Aug 17 18:58:09 fedora irqbalance[1155]: IRQ 25 affinity is now unmanaged
Aug 17 18:58:09 fedora irqbalance[1155]: Cannot change IRQ 28 affinity: Permission denied
Aug 17 18:58:09 fedora irqbalance[1155]: IRQ 28 affinity is now unmanaged
Aug 17 18:58:09 fedora art.comrade.BunnySetupDrive.desktop[1781]: BUNNY-INSTALL {"event": "window", "title": "Set up Bunny OS"}
Aug 17 18:58:09 fedora art.comrade.BunnySetupDrive.desktop[1781]: BUNNY-INSTALL {"event": "stage", "name": "welcome"}
Aug 17 18:58:09 fedora audit[992]: AVC avc:  denied  { getattr } for  pid=992 comm="systemd-journal" scontext=system_u:system_r:kernel_t:s0 tcontext=unconfined_u:unconfined_r:unconfined_t:s0 tclass=process permissive=1
Aug 17 18:58:09 fedora kernel: kauditd_printk_skb: 37 callbacks suppressed
Aug 17 18:58:09 fedora kernel: audit: type=1400 audit(1786993089.367:410): avc:  denied  { getattr } for  pid=992 comm="systemd-journal" scontext=system_u:system_r:kernel_t:s0 tcontext=unconfined_u:unconfined_r:unconfined_t:s0 tclass=process permissive=1
Aug 17 18:58:09 fedora audit[1274]: AVC avc:  denied  { search } for  pid=1274 comm="gssproxy" name="rpc" dev="proc" ino=4026532193 scontext=system_u:system_r:kernel_t:s0 tcontext=system_u:object_r:sysctl_rpc_t:s0 tclass=dir permissive=1
Aug 17 18:58:09 fedora audit[1274]: SYSCALL arch=c000003e syscall=257 success=no exit=-2 a0=ffffffffffffff9c a1=5643e4a20d3d a2=2 a3=0 items=0 ppid=1 pid=1274 auid=4294967295 uid=0 gid=0 euid=0 suid=0 fsuid=0 egid=0 sgid=0 fsgid=0 tty=(none) ses=4294967295 comm="gssproxy" exe="/usr/bin/gssproxy" subj=system_u:system_r:kernel_t:s0 key=(null)
Aug 17 18:58:09 fedora audit: PROCTITLE proctitle="(gssproxy)"
Aug 17 18:58:09 fedora kernel: audit: type=1400 audit(1786993089.388:411): avc:  denied  { search } for  pid=1274 comm="gssproxy" name="rpc" dev="proc" ino=4026532193 scontext=system_u:system_r:kernel_t:s0 tcontext=system_u:object_r:sysctl_rpc_t:s0 tclass=dir permissive=1
Aug 17 18:58:09 fedora kernel: audit: type=1300 audit(1786993089.388:411): arch=c000003e syscall=257 success=no exit=-2 a0=ffffffffffffff9c a1=5643e4a20d3d a2=2 a3=0 items=0 ppid=1 pid=1274 auid=4294967295 uid=0 gid=0 euid=0 suid=0 fsuid=0 egid=0 sgid=0 fsgid=0 tty=(none) ses=4294967295 comm="gssproxy" exe="/usr/bin/gssproxy" subj=system_u:system_r:kernel_t:s0 key=(null)
Aug 17 18:58:09 fedora kernel: audit: type=1327 audit(1786993089.388:411): proctitle="(gssproxy)"
Aug 17 18:58:09 fedora art.comrade.BunnySetupDrive.desktop[1781]: /usr/libexec/bunny-setup-drive:168: DeprecationWarning: Atspi.Action.get_action_name is deprecated
Aug 17 18:58:09 fedora art.comrade.BunnySetupDrive.desktop[1781]:   action = self.Atspi.Action.get_action_name(interface, index)
Aug 17 18:58:09 fedora art.comrade.BunnySetupDrive.desktop[1781]: BUNNY-INSTALL {"action": "click", "control": "Get started", "event": "activated", "role": "button"}
Aug 17 18:58:09 fedora systemd[1]: NetworkManager-dispatcher.service: Deactivated successfully.
Aug 17 18:58:09 fedora audit[1]: SERVICE_STOP pid=1 uid=0 auid=4294967295 ses=4294967295 subj=system_u:system_r:kernel_t:s0 msg='unit=NetworkManager-dispatcher comm="systemd" exe="/usr/lib/systemd/systemd" hostname=? addr=? terminal=? res=success'
Aug 17 18:58:09 fedora kernel: audit: type=1131 audit(1786993089.623:412): pid=1 uid=0 auid=4294967295 ses=4294967295 subj=system_u:system_r:kernel_t:s0 msg='unit=NetworkManager-dispatcher comm="systemd" exe="/usr/lib/systemd/systemd" hostname=? addr=? terminal=? res=success'
Aug 17 18:58:10 fedora art.comrade.BunnySetupDrive.desktop[1781]: BUNNY-INSTALL {"event": "page-turned", "presses": 1, "shows": ["frame:Set up Bunny OS", "scroll pane:", "panel:", "grouping:", "grouping:", "paragraph:"]}
Aug 17 18:58:10 fedora art.comrade.BunnySetupDrive.desktop[1781]: BUNNY-INSTALL {"event": "stage", "name": "accessibility"}
Aug 17 18:58:10 fedora gnome-shell[1596]: bunny-desktop: GNOME's panel hidden after the startup deadline
Aug 17 18:58:10 fedora art.comrade.BunnySetupDrive.desktop[1781]: BUNNY-INSTALL {"action": "click", "control": "Continue", "event": "activated", "role": "button"}
Aug 17 18:58:11 fedora art.comrade.BunnySetupDrive.desktop[1781]: BUNNY-INSTALL {"event": "page-turned", "presses": 1, "shows": ["frame:Set up Bunny OS", "scroll pane:", "panel:", "grouping:", "grouping:", "paragraph:"]}
Aug 17 18:58:11 fedora art.comrade.BunnySetupDrive.desktop[1781]: BUNNY-INSTALL {"event": "stage", "name": "language_region"}
Aug 17 18:58:11 fedora art.comrade.BunnySetupDrive.desktop[1781]: BUNNY-INSTALL {"action": "click", "control": "Continue", "event": "activated", "role": "button"}
Aug 17 18:58:12 fedora art.comrade.BunnySetupDrive.desktop[1781]: BUNNY-INSTALL {"event": "page-turned", "presses": 1, "shows": ["frame:Set up Bunny OS", "scroll pane:", "panel:", "alert:", "alert:", "paragraph:"]}
Aug 17 18:58:12 fedora art.comrade.BunnySetupDrive.desktop[1781]: BUNNY-INSTALL {"event": "stage", "name": "keyboard"}
Aug 17 18:58:12 fedora art.comrade.BunnySetupDrive.desktop[1781]: BUNNY-INSTALL {"characters": 18, "event": "typed", "field": "Type here to check it. What you type is not saved and is not sent anywhere."}
Aug 17 18:58:12 fedora art.comrade.BunnySetupDrive.desktop[1781]: BUNNY-INSTALL {"action": "click", "control": "Continue", "event": "activated", "role": "button"}
Aug 17 18:58:13 fedora art.comrade.BunnySetupDrive.desktop[1781]: BUNNY-INSTALL {"event": "page-turned", "presses": 1, "shows": ["frame:Set up Bunny OS", "scroll pane:", "panel:", "grouping:", "grouping:", "paragraph:"]}
Aug 17 18:58:13 fedora art.comrade.BunnySetupDrive.desktop[1781]: BUNNY-INSTALL {"event": "stage", "name": "network"}
Aug 17 18:58:14 fedora art.comrade.BunnySetupDrive.desktop[1781]: BUNNY-INSTALL {"action": "click", "control": "Continue without network", "event": "activated", "role": "button"}
Aug 17 18:58:14 fedora art.comrade.BunnySetupDrive.desktop[1781]: BUNNY-INSTALL {"event": "page-turned", "presses": 1, "shows": ["frame:Set up Bunny OS", "scroll pane:", "panel:", "grouping:", "grouping:", "paragraph:"]}
Aug 17 18:58:14 fedora art.comrade.BunnySetupDrive.desktop[1781]: BUNNY-INSTALL {"event": "stage", "name": "storage"}
Aug 17 18:58:14 fedora art.comrade.BunnySetupDrive.desktop[1781]: BUNNY-INSTALL {"all": ["Unknown model \u2014 5.4 GiB \u2014 /dev/loop0", "Unknown model \u2014 5.8 GiB \u2014 /dev/zram0", "Unknown model \u2014 80.0 GiB \u2014 /dev/vda", "Back", "Review what happens", "Installation details, technical information about this step", "Close"], "candidates": ["Unknown model \u2014 80.0 GiB \u2014 /dev/vda"], "event": "storage-candidates", "media": []}
Aug 17 18:58:14 fedora art.comrade.BunnySetupDrive.desktop[1781]: BUNNY-INSTALL {"detail": "the bus exposes no model string; identity carried by device and size", "event": "model-unreported"}
Aug 17 18:58:14 fedora art.comrade.BunnySetupDrive.desktop[1781]: BUNNY-INSTALL {"disk": "Unknown model \u2014 80.0 GiB \u2014 /dev/vda", "event": "target-verified", "sizeGiB": 80.0}
Aug 17 18:58:15 fedora art.comrade.BunnySetupDrive.desktop[1781]: BUNNY-INSTALL {"action": "click", "control": "Unknown model \u2014 80.0 GiB \u2014 /dev/vda", "event": "activated", "role": "button"}
Aug 17 18:58:15 fedora art.comrade.BunnySetupDrive.desktop[1781]: BUNNY-INSTALL {"disk": "Unknown model \u2014 80.0 GiB \u2014 /dev/vda \u2014 selected", "event": "target-selected"}
Aug 17 18:58:16 fedora art.comrade.BunnySetupDrive.desktop[1781]: BUNNY-INSTALL {"action": "click", "control": "Review what happens", "event": "activated", "role": "button"}
Aug 17 18:58:16 fedora art.comrade.BunnySetupDrive.desktop[1781]: BUNNY-INSTALL {"event": "page-turned", "presses": 1, "shows": ["frame:Set up Bunny OS", "scroll pane:", "panel:", "grouping:", "grouping:", "paragraph:"]}
Aug 17 18:58:16 fedora art.comrade.BunnySetupDrive.desktop[1781]: BUNNY-INSTALL {"event": "stage", "name": "encryption"}
Aug 17 18:58:16 fedora art.comrade.BunnySetupDrive.desktop[1781]: BUNNY-INSTALL {"action": "toggle", "control": "Encrypt this disk. Protects what is on the disk if the computer is lost or stolen. It does not protect you while you are logged in.", "event": "activated", "role": "switch"}
Aug 17 18:58:16 fedora art.comrade.BunnySetupDrive.desktop[1781]: BUNNY-INSTALL {"control": "Encrypt this disk. Protects what is on the disk if the computer is lost or stolen. It does not protect you while you are logged in.", "event": "encryption-enabled"}
Aug 17 18:58:17 fedora art.comrade.BunnySetupDrive.desktop[1781]: BUNNY-INSTALL {"characters": 21, "event": "typed", "field": "Passphrase. You will type this every time the computer starts."}
Aug 17 18:58:17 fedora art.comrade.BunnySetupDrive.desktop[1781]: BUNNY-INSTALL {"characters": 21, "event": "typed", "field": "Passphrase again."}
Aug 17 18:58:17 fedora art.comrade.BunnySetupDrive.desktop[1781]: BUNNY-INSTALL {"action": "click", "control": "Continue", "event": "activated", "role": "button"}
Aug 17 18:58:18 fedora art.comrade.BunnySetupDrive.desktop[1781]: BUNNY-INSTALL {"event": "page-turned", "presses": 1, "shows": ["frame:Set up Bunny OS", "scroll pane:", "panel:", "grouping:", "grouping:", "paragraph:"]}
Aug 17 18:58:18 fedora art.comrade.BunnySetupDrive.desktop[1781]: BUNNY-INSTALL {"event": "stage", "name": "account"}
Aug 17 18:58:18 fedora art.comrade.BunnySetupDrive.desktop[1781]: BUNNY-INSTALL {"characters": 4, "event": "typed", "field": "Your name. What Bunny calls you."}
Aug 17 18:58:18 fedora art.comrade.BunnySetupDrive.desktop[1781]: BUNNY-INSTALL {"characters": 4, "event": "typed", "field": "Username. Lower-case letters, digits, dash and underscore."}
Aug 17 18:58:18 fedora art.comrade.BunnySetupDrive.desktop[1781]: BUNNY-INSTALL {"characters": 19, "event": "typed", "field": "Password."}
Aug 17 18:58:18 fedora art.comrade.BunnySetupDrive.desktop[1781]: BUNNY-INSTALL {"characters": 19, "event": "typed", "field": "Password again."}
Aug 17 18:58:18 fedora art.comrade.BunnySetupDrive.desktop[1781]: BUNNY-INSTALL {"characters": 6, "event": "typed", "field": "Device name. Optional. Used on networks. No hardware serial number is included."}
Aug 17 18:58:18 fedora art.comrade.BunnySetupDrive.desktop[1781]: BUNNY-INSTALL {"action": "click", "control": "Continue", "event": "activated", "role": "button"}
Aug 17 18:58:18 fedora python3[1858]: Failed to save pipeline cache: Error opening file “/var/home/bunny-live/.cache/gtk-4.0/vulkan-pipeline-cache/32362e31-2e36-6161-6161-616161616161.109056006”: Read-only file system
Aug 17 18:58:19 fedora art.comrade.BunnySetupDrive.desktop[1781]: BUNNY-INSTALL {"event": "page-turned", "presses": 1, "shows": ["frame:Set up Bunny OS", "scroll pane:", "panel:", "grouping:", "grouping:", "paragraph:"]}
Aug 17 18:58:19 fedora art.comrade.BunnySetupDrive.desktop[1781]: BUNNY-INSTALL {"event": "expected-choices", "record": {"accessibility": {"captions": false, "highContrast": false, "reducedMotion": false, "screenReader": false, "textScale": 1.0}, "account": {"deviceName": "warren", "displayName": "Alex", "username": "alex"}, "appearance": {"accent": "violet", "colourScheme": "system", "wallpaper": "bunny-default"}, "applications": {"activities": [], "selected": []}, "companion": {"atLogin": true, "captions": true, "mode": "full", "voice": false}, "encryption": {"enabled": true}, "locale": {"keyboardLayout": "gb", "language": "en-GB", "region": "GB", "timezone": "Europe/London"}, "privacy": {"camera": false, "crashReports": false, "diagnostics": false, "feedback": false, "location": false, "microphone": false, "onlineAI": false, "remoteProcessing": false}, "schemaVersion": 1}}
Aug 17 18:58:19 fedora art.comrade.BunnySetupDrive.desktop[1781]: BUNNY-INSTALL {"event": "stage", "name": "privacy"}
Aug 17 18:58:19 fedora art.comrade.BunnySetupDrive.desktop[1781]: BUNNY-INSTALL {"action": "click", "control": "Continue", "event": "activated", "role": "button"}
Aug 17 18:58:20 fedora art.comrade.BunnySetupDrive.desktop[1781]: BUNNY-INSTALL {"event": "page-turned", "presses": 1, "shows": ["frame:Set up Bunny OS", "scroll pane:", "panel:", "grouping:", "grouping:", "paragraph:"]}
Aug 17 18:58:20 fedora art.comrade.BunnySetupDrive.desktop[1781]: BUNNY-INSTALL {"event": "stage", "name": "appearance"}
Aug 17 18:58:20 fedora art.comrade.BunnySetupDrive.desktop[1781]: BUNNY-INSTALL {"action": "click", "control": "Continue", "event": "activated", "role": "button"}
Aug 17 18:58:21 fedora art.comrade.BunnySetupDrive.desktop[1781]: BUNNY-INSTALL {"event": "page-turned", "presses": 1, "shows": ["frame:Set up Bunny OS", "scroll pane:", "panel:", "grouping:", "grouping:", "paragraph:"]}
Aug 17 18:58:21 fedora art.comrade.BunnySetupDrive.desktop[1781]: BUNNY-INSTALL {"event": "stage", "name": "companion"}
Aug 17 18:58:21 fedora art.comrade.BunnySetupDrive.desktop[1781]: BUNNY-INSTALL {"action": "click", "control": "Continue", "event": "activated", "role": "button"}
Aug 17 18:58:22 fedora art.comrade.BunnySetupDrive.desktop[1781]: BUNNY-INSTALL {"event": "page-turned", "presses": 1, "shows": ["frame:Set up Bunny OS", "scroll pane:", "panel:", "grouping:", "grouping:", "paragraph:"]}
Aug 17 18:58:22 fedora art.comrade.BunnySetupDrive.desktop[1781]: BUNNY-INSTALL {"event": "stage", "name": "applications"}
Aug 17 18:58:22 fedora art.comrade.BunnySetupDrive.desktop[1781]: BUNNY-INSTALL {"action": "click", "control": "Skip apps", "event": "activated", "role": "button"}
Aug 17 18:58:23 fedora art.comrade.BunnySetupDrive.desktop[1781]: BUNNY-INSTALL {"event": "page-turned", "presses": 1, "shows": ["frame:Set up Bunny OS", "scroll pane:", "panel:", "alert:", "alert:", "paragraph:"]}
Aug 17 18:58:23 fedora art.comrade.BunnySetupDrive.desktop[1781]: BUNNY-INSTALL {"event": "stage", "name": "review"}
Aug 17 18:58:23 fedora art.comrade.BunnySetupDrive.desktop[1781]: BUNNY-INSTALL {"event": "review-consequence", "text": ["Everything on Unknown model \u2014 80.0 GiB \u2014 /dev/vda will be erased. This cannot be undone."]}
Aug 17 18:58:23 fedora art.comrade.BunnySetupDrive.desktop[1781]: BUNNY-INSTALL {"action": "click", "control": "Install Bunny OS, erasing Unknown model \u2014 80.0 GiB \u2014 /dev/vda", "event": "activated", "role": "button"}
Aug 17 18:58:24 fedora art.comrade.BunnySetupDrive.desktop[1781]: BUNNY-INSTALL {"event": "page-turned", "presses": 1, "shows": ["frame:Set up Bunny OS", "scroll pane:", "panel:", "alert:", "alert:", "paragraph:"]}
Aug 17 18:58:24 fedora art.comrade.BunnySetupDrive.desktop[1781]: BUNNY-INSTALL {"event": "stage", "name": "confirm_erase"}
Aug 17 18:58:24 fedora art.comrade.BunnySetupDrive.desktop[1781]: BUNNY-INSTALL {"event": "confirmation-phrase", "phrase": "ERASE /dev/vda A0EDDF"}
Aug 17 18:58:24 fedora art.comrade.BunnySetupDrive.desktop[1781]: BUNNY-INSTALL {"characters": 21, "event": "typed", "field": "Type ERASE /dev/vda A0EDDF to confirm. Typed by hand, so that a mis-click cannot erase a disk."}
Aug 17 18:58:25 fedora art.comrade.BunnySetupDrive.desktop[1781]: BUNNY-INSTALL {"action": "click", "control": "Erase Unknown model \u2014 80.0 GiB \u2014 /dev/vda and install Bunny OS", "event": "activated", "role": "button"}
Aug 17 18:58:26 fedora dbus-daemon[1453]: DEBUG:dasbus.connection:Publishing an object at /org/fedoraproject/Anaconda/Boss/Task/1.
Aug 17 18:58:26 fedora dbus-daemon[1453]: INFO:anaconda.core.threads:Running Thread: AnaTaskThread-StartModulesTask-1 (140428786529984)
Aug 17 18:58:26 fedora dbus-daemon[1453]: INFO:anaconda.modules.common.task.task:Start the modules
Aug 17 18:58:26 fedora dbus-daemon[1453]: DEBUG:anaconda.modules.boss.module_manager.start_modules:Found org.fedoraproject.Anaconda.Modules.Services.
Aug 17 18:58:26 fedora dbus-daemon[1453]: DEBUG:anaconda.modules.boss.module_manager.start_modules:Found org.fedoraproject.Anaconda.Modules.Security.
Aug 17 18:58:26 fedora dbus-daemon[1453]: DEBUG:anaconda.modules.boss.module_manager.start_modules:Found org.fedoraproject.Anaconda.Modules.Runtime.
Aug 17 18:58:26 fedora dbus-daemon[1453]: DEBUG:anaconda.modules.boss.module_manager.start_modules:Found org.fedoraproject.Anaconda.Modules.Users.
Aug 17 18:58:26 fedora dbus-daemon[1453]: DEBUG:anaconda.modules.boss.module_manager.start_modules:Found org.fedoraproject.Anaconda.Modules.Payloads.
Aug 17 18:58:26 fedora dbus-daemon[1453]: DEBUG:anaconda.modules.boss.module_manager.start_modules:Found org.fedoraproject.Anaconda.Modules.Storage.
Aug 17 18:58:26 fedora dbus-daemon[1453]: DEBUG:anaconda.modules.boss.module_manager.start_modules:Found org.fedoraproject.Anaconda.Modules.Localization.
Aug 17 18:58:26 fedora dbus-daemon[1453]: DEBUG:anaconda.modules.boss.module_manager.start_modules:Found org.fedoraproject.Anaconda.Modules.Timezone.
Aug 17 18:58:26 fedora dbus-daemon[1453]: DEBUG:anaconda.modules.boss.module_manager.start_modules:Found org.fedoraproject.Anaconda.Modules.Network.
Aug 17 18:58:26 fedora dbus-daemon[1453]: DEBUG:anaconda.modules.boss.module_manager.start_modules:Found org.fedoraproject.Anaconda.Addons.Kdump.
Aug 17 18:58:26 fedora dbus-daemon[1453]: DEBUG:anaconda.modules.boss.module_manager.start_modules:Found org.fedoraproject.Anaconda.Modules.Subscription.
Aug 17 18:58:26 fedora dbus-daemon[1453]: DEBUG:anaconda.modules.boss.module_manager.start_modules:Starting org.fedoraproject.Anaconda.Modules.Services.
Aug 17 18:58:26 fedora dbus-daemon[1453]: DEBUG:anaconda.modules.boss.module_manager.start_modules:Starting org.fedoraproject.Anaconda.Modules.Security.
Aug 17 18:58:26 fedora dbus-daemon[1453]: DEBUG:anaconda.modules.boss.module_manager.start_modules:Starting org.fedoraproject.Anaconda.Modules.Runtime.
Aug 17 18:58:26 fedora dbus-daemon[1453]: DEBUG:anaconda.modules.boss.module_manager.start_modules:Starting org.fedoraproject.Anaconda.Modules.Users.
Aug 17 18:58:26 fedora dbus-daemon[1453]: DEBUG:anaconda.modules.boss.module_manager.start_modules:Starting org.fedoraproject.Anaconda.Modules.Payloads.
Aug 17 18:58:26 fedora dbus-daemon[1453]: DEBUG:anaconda.modules.boss.module_manager.start_modules:Starting org.fedoraproject.Anaconda.Modules.Storage.
Aug 17 18:58:26 fedora dbus-daemon[1453]: DEBUG:anaconda.modules.boss.module_manager.start_modules:Starting org.fedoraproject.Anaconda.Modules.Localization.
Aug 17 18:58:26 fedora dbus-daemon[1453]: DEBUG:anaconda.modules.boss.module_manager.start_modules:Starting org.fedoraproject.Anaconda.Modules.Timezone.
Aug 17 18:58:26 fedora dbus-daemon[1453]: DEBUG:anaconda.modules.boss.module_manager.start_modules:Starting org.fedoraproject.Anaconda.Modules.Network.
Aug 17 18:58:26 fedora dbus-daemon[1352]: dbus-daemon[1352]: Activating service name='org.fedoraproject.Anaconda.Modules.Services' requested by ':1.1' (uid=0 pid=1453 comm="python3 -m pyanaconda.modules.boss" label="system_u:system_r:kernel_t:s0")
Aug 17 18:58:26 fedora dbus-daemon[1453]: DEBUG:anaconda.modules.boss.module_manager.start_modules:Starting org.fedoraproject.Anaconda.Addons.Kdump.
Aug 17 18:58:26 fedora dbus-daemon[1453]: DEBUG:anaconda.modules.boss.module_manager.start_modules:Starting org.fedoraproject.Anaconda.Modules.Subscription.
Aug 17 18:58:26 fedora dbus-daemon[1352]: dbus-daemon[1352]: Activating service name='org.fedoraproject.Anaconda.Modules.Security' requested by ':1.1' (uid=0 pid=1453 comm="python3 -m pyanaconda.modules.boss" label="system_u:system_r:kernel_t:s0")
Aug 17 18:58:26 fedora dbus-daemon[1352]: dbus-daemon[1352]: Activating service name='org.fedoraproject.Anaconda.Modules.Runtime' requested by ':1.1' (uid=0 pid=1453 comm="python3 -m pyanaconda.modules.boss" label="system_u:system_r:kernel_t:s0")
Aug 17 18:58:26 fedora dbus-daemon[1352]: dbus-daemon[1352]: Activating service name='org.fedoraproject.Anaconda.Modules.Users' requested by ':1.1' (uid=0 pid=1453 comm="python3 -m pyanaconda.modules.boss" label="system_u:system_r:kernel_t:s0")
Aug 17 18:58:26 fedora dbus-daemon[1352]: dbus-daemon[1352]: Activating service name='org.fedoraproject.Anaconda.Modules.Payloads' requested by ':1.1' (uid=0 pid=1453 comm="python3 -m pyanaconda.modules.boss" label="system_u:system_r:kernel_t:s0")
Aug 17 18:58:26 fedora dbus-daemon[1352]: dbus-daemon[1352]: Activating service name='org.fedoraproject.Anaconda.Modules.Storage' requested by ':1.1' (uid=0 pid=1453 comm="python3 -m pyanaconda.modules.boss" label="system_u:system_r:kernel_t:s0")
Aug 17 18:58:26 fedora dbus-daemon[1352]: dbus-daemon[1352]: Activating service name='org.fedoraproject.Anaconda.Modules.Localization' requested by ':1.1' (uid=0 pid=1453 comm="python3 -m pyanaconda.modules.boss" label="system_u:system_r:kernel_t:s0")
Aug 17 18:58:26 fedora dbus-daemon[1352]: dbus-daemon[1352]: Activating service name='org.fedoraproject.Anaconda.Modules.Timezone' requested by ':1.1' (uid=0 pid=1453 comm="python3 -m pyanaconda.modules.boss" label="system_u:system_r:kernel_t:s0")
Aug 17 18:58:26 fedora dbus-daemon[1352]: dbus-daemon[1352]: Activating service name='org.fedoraproject.Anaconda.Modules.Network' requested by ':1.1' (uid=0 pid=1453 comm="python3 -m pyanaconda.modules.boss" label="system_u:system_r:kernel_t:s0")
Aug 17 18:58:26 fedora dbus-daemon[1352]: dbus-daemon[1352]: Activating service name='org.fedoraproject.Anaconda.Addons.Kdump' requested by ':1.1' (uid=0 pid=1453 comm="python3 -m pyanaconda.modules.boss" label="system_u:system_r:kernel_t:s0")
Aug 17 18:58:26 fedora dbus-daemon[1352]: dbus-daemon[1352]: Activating service name='org.fedoraproject.Anaconda.Modules.Subscription' requested by ':1.1' (uid=0 pid=1453 comm="python3 -m pyanaconda.modules.boss" label="system_u:system_r:kernel_t:s0")
Aug 17 18:58:26 fedora art.comrade.BunnySetupDrive.desktop[1781]: BUNNY-INSTALL {"event": "page-turned", "presses": 1, "shows": ["frame:Set up Bunny OS", "scroll pane:", "panel:", "grouping:", "grouping:", "paragraph:"]}
Aug 17 18:58:26 fedora art.comrade.BunnySetupDrive.desktop[1781]: BUNNY-INSTALL {"event": "stage", "name": "installing"}
Aug 17 18:58:26 fedora art.comrade.BunnySetupDrive.desktop[1781]: BUNNY-INSTALL {"event": "progress", "stages": "\u25c6  Getting the disk ready"}
Aug 17 18:58:27 fedora dbus-daemon[3092]: DEBUG:anaconda.modules.common:The configuration is loaded from: ['/etc/anaconda/anaconda.conf']
Aug 17 18:58:27 fedora dbus-daemon[3092]: DEBUG:anaconda.core.util:ID_LIKE not found in os-release files
Aug 17 18:58:27 fedora dbus-daemon[3092]: DEBUG:anaconda.core.kickstart.version:Using ID for version detection: fedora
Aug 17 18:58:27 fedora dbus-daemon[3092]: DEBUG:anaconda.core.kickstart.version:Attempting to convert version string: f44
Aug 17 18:58:27 fedora dbus-daemon[3092]: INFO:anaconda.core.kickstart.version:Detected kickstart version from platform ID: f44 -> 44000
Aug 17 18:58:27 fedora dbus-daemon[3092]: INFO:anaconda.core.kickstart.version:Using os-release detected kickstart version
Aug 17 18:58:27 fedora dbus-daemon[3089]: DEBUG:anaconda.modules.common:The configuration is loaded from: ['/etc/anaconda/anaconda.conf']
Aug 17 18:58:27 fedora dbus-daemon[3096]: DEBUG:anaconda.modules.common:The configuration is loaded from: ['/etc/anaconda/anaconda.conf']
Aug 17 18:58:27 fedora dbus-daemon[3118]: DEBUG:anaconda.modules.common:The configuration is loaded from: ['/etc/anaconda/anaconda.conf']
Aug 17 18:58:27 fedora dbus-daemon[3103]: DEBUG:anaconda.modules.common:The configuration is loaded from: ['/etc/anaconda/anaconda.conf']
Aug 17 18:58:27 fedora dbus-daemon[3124]: DEBUG:anaconda.modules.common:The configuration is loaded from: ['/etc/anaconda/anaconda.conf']
Aug 17 18:58:27 fedora dbus-daemon[3122]: DEBUG:anaconda.modules.common:The configuration is loaded from: ['/etc/anaconda/anaconda.conf']
Aug 17 18:58:27 fedora dbus-daemon[3122]: DEBUG:com_redhat_kdump.service.initialization:The kdump add-on is disabled. Quit.
Aug 17 18:58:27 fedora audit[3089]: AVC avc:  denied  { node_bind } for  pid=3089 comm="python3" saddr=::1 scontext=system_u:system_r:kernel_t:s0 tcontext=system_u:object_r:node_t:s0 tclass=tcp_socket permissive=1
Aug 17 18:58:27 fedora audit[3089]: SYSCALL arch=c000003e syscall=49 success=yes exit=0 a0=8 a1=7ffcd6b613e0 a2=1c a3=7f3ef976c22a items=0 ppid=3083 pid=3089 auid=4294967295 uid=0 gid=0 euid=0 suid=0 fsuid=0 egid=0 sgid=0 fsgid=0 tty=(none) ses=4294967295 comm="python3" exe="/usr/bin/python3.14" subj=system_u:system_r:kernel_t:s0 key=(null)
Aug 17 18:58:27 fedora audit: PROCTITLE proctitle=707974686F6E33002D6D007079616E61636F6E64612E6D6F64756C65732E7365727669636573
Aug 17 18:58:27 fedora kernel: audit: type=1400 audit(1786993107.682:413): avc:  denied  { node_bind } for  pid=3089 comm="python3" saddr=::1 scontext=system_u:system_r:kernel_t:s0 tcontext=system_u:object_r:node_t:s0 tclass=tcp_socket permissive=1
Aug 17 18:58:27 fedora kernel: audit: type=1300 audit(1786993107.682:413): arch=c000003e syscall=49 success=yes exit=0 a0=8 a1=7ffcd6b613e0 a2=1c a3=7f3ef976c22a items=0 ppid=3083 pid=3089 auid=4294967295 uid=0 gid=0 euid=0 suid=0 fsuid=0 egid=0 sgid=0 fsgid=0 tty=(none) ses=4294967295 comm="python3" exe="/usr/bin/python3.14" subj=system_u:system_r:kernel_t:s0 key=(null)
Aug 17 18:58:27 fedora kernel: audit: type=1327 audit(1786993107.682:413): proctitle=707974686F6E33002D6D007079616E61636F6E64612E6D6F64756C65732E7365727669636573
Aug 17 18:58:27 fedora dbus-daemon[3094]: DEBUG:anaconda.modules.common:The configuration is loaded from: ['/etc/anaconda/anaconda.conf']
Aug 17 18:58:27 fedora dbus-daemon[3116]: DEBUG:anaconda.modules.common:The configuration is loaded from: ['/etc/anaconda/anaconda.conf']
Aug 17 18:58:27 fedora dbus-daemon[3118]: INFO:program:Running... udevadm trigger --action=change --subsystem-match=block
Aug 17 18:58:27 fedora dbus-daemon[3118]: DEBUG:program:Return code: 0
Aug 17 18:58:27 fedora dbus-daemon[3118]: INFO:program:Running... udevadm settle --timeout=300
Aug 17 18:58:27 fedora audit[1040]: AVC avc:  denied  { watch } for  pid=1040 comm="systemd-udevd" path="/dev/loop0" dev="devtmpfs" ino=367 scontext=system_u:system_r:kernel_t:s0 tcontext=system_u:object_r:fixed_disk_device_t:s0 tclass=blk_file permissive=1
Aug 17 18:58:27 fedora audit[1040]: SYSCALL arch=c000003e syscall=254 success=yes exit=10 a0=6 a1=5580884eef90 a2=8 a3=0 items=0 ppid=1 pid=1040 auid=4294967295 uid=0 gid=0 euid=0 suid=0 fsuid=0 egid=0 sgid=0 fsgid=0 tty=(none) ses=4294967295 comm="systemd-udevd" exe="/usr/bin/udevadm" subj=system_u:system_r:kernel_t:s0 key=(null)
Aug 17 18:58:27 fedora audit: PROCTITLE proctitle="/usr/lib/systemd/systemd-udevd"
Aug 17 18:58:27 fedora kernel: audit: type=1400 audit(1786993107.753:414): avc:  denied  { watch } for  pid=1040 comm="systemd-udevd" path="/dev/loop0" dev="devtmpfs" ino=367 scontext=system_u:system_r:kernel_t:s0 tcontext=system_u:object_r:fixed_disk_device_t:s0 tclass=blk_file permissive=1
Aug 17 18:58:27 fedora kernel: audit: type=1300 audit(1786993107.753:414): arch=c000003e syscall=254 success=yes exit=10 a0=6 a1=5580884eef90 a2=8 a3=0 items=0 ppid=1 pid=1040 auid=4294967295 uid=0 gid=0 euid=0 suid=0 fsuid=0 egid=0 sgid=0 fsgid=0 tty=(none) ses=4294967295 comm="systemd-udevd" exe="/usr/bin/udevadm" subj=system_u:system_r:kernel_t:s0 key=(null)
Aug 17 18:58:27 fedora kernel: audit: type=1327 audit(1786993107.753:414): proctitle="/usr/lib/systemd/systemd-udevd"
Aug 17 18:58:27 fedora dbus-daemon[3106]: DEBUG:anaconda.modules.common:The configuration is loaded from: ['/etc/anaconda/anaconda.conf']
Aug 17 18:58:27 fedora dbus-daemon[1352]: dbus-daemon[1352]: Activated service 'org.fedoraproject.Anaconda.Addons.Kdump' failed: Process org.fedoraproject.Anaconda.Addons.Kdump exited with status 1
Aug 17 18:58:27 fedora (udev-worker)[3182]: sr0: Process '/usr/sbin/pktsetup -i -d 11:0' failed with exit code 1.
Aug 17 18:58:27 fedora dbus-daemon[1453]: DEBUG:anaconda.modules.boss.module_manager.start_modules:Skip org.fedoraproject.Anaconda.Addons.Kdump. The optional module has failed to start, so it won't be available during the installation.
Aug 17 18:58:27 fedora dbus-daemon[3118]: DEBUG:program:Return code: 0
Aug 17 18:58:27 fedora dbus-daemon[3118]: INFO:blivet:LVM auto-activation is now disabled in /etc/lvm/lvmlocal.conf
Aug 17 18:58:27 fedora dbus-daemon[3106]: INFO:root:reading file=<gzip _io.BufferedReader name='/usr/lib/python3.14/site-packages/langtable/data/territories.xml.gz' 0x7fe0f1082f80>
Aug 17 18:58:27 fedora dbus-daemon[3089]: DEBUG:anaconda.core.util:ID_LIKE not found in os-release files
Aug 17 18:58:27 fedora dbus-daemon[3089]: DEBUG:anaconda.core.kickstart.version:Using ID for version detection: fedora
Aug 17 18:58:27 fedora dbus-daemon[3089]: DEBUG:anaconda.core.kickstart.version:Attempting to convert version string: f44
Aug 17 18:58:27 fedora dbus-daemon[3089]: INFO:anaconda.core.kickstart.version:Detected kickstart version from platform ID: f44 -> 44000
Aug 17 18:58:27 fedora dbus-daemon[3089]: INFO:anaconda.core.kickstart.version:Using os-release detected kickstart version
Aug 17 18:58:27 fedora dbus-daemon[3096]: DEBUG:anaconda.core.util:ID_LIKE not found in os-release files
Aug 17 18:58:27 fedora dbus-daemon[3096]: DEBUG:anaconda.core.kickstart.version:Using ID for version detection: fedora
Aug 17 18:58:27 fedora dbus-daemon[3096]: DEBUG:anaconda.core.kickstart.version:Attempting to convert version string: f44
Aug 17 18:58:27 fedora dbus-daemon[3096]: INFO:anaconda.core.kickstart.version:Detected kickstart version from platform ID: f44 -> 44000
Aug 17 18:58:27 fedora dbus-daemon[3103]: DEBUG:anaconda.core.util:ID_LIKE not found in os-release files
Aug 17 18:58:27 fedora dbus-daemon[3103]: DEBUG:anaconda.core.kickstart.version:Using ID for version detection: fedora
Aug 17 18:58:27 fedora dbus-daemon[3103]: DEBUG:anaconda.core.kickstart.version:Attempting to convert version string: f44
Aug 17 18:58:27 fedora dbus-daemon[3096]: INFO:anaconda.core.kickstart.version:Using os-release detected kickstart version
Aug 17 18:58:27 fedora dbus-daemon[3103]: INFO:anaconda.core.kickstart.version:Detected kickstart version from platform ID: f44 -> 44000
Aug 17 18:58:27 fedora dbus-daemon[3103]: INFO:anaconda.core.kickstart.version:Using os-release detected kickstart version
Aug 17 18:58:27 fedora dbus-daemon[3124]: DEBUG:anaconda.core.util:ID_LIKE not found in os-release files
Aug 17 18:58:27 fedora dbus-daemon[3124]: DEBUG:anaconda.core.kickstart.version:Using ID for version detection: fedora
Aug 17 18:58:27 fedora dbus-daemon[3124]: DEBUG:anaconda.core.kickstart.version:Attempting to convert version string: f44
Aug 17 18:58:27 fedora dbus-daemon[3124]: INFO:anaconda.core.kickstart.version:Detected kickstart version from platform ID: f44 -> 44000
Aug 17 18:58:27 fedora dbus-daemon[3124]: INFO:anaconda.core.kickstart.version:Using os-release detected kickstart version
Aug 17 18:58:27 fedora dbus-daemon[3094]: DEBUG:anaconda.core.util:ID_LIKE not found in os-release files
Aug 17 18:58:27 fedora dbus-daemon[3094]: DEBUG:anaconda.core.kickstart.version:Using ID for version detection: fedora
Aug 17 18:58:27 fedora dbus-daemon[3094]: DEBUG:anaconda.core.kickstart.version:Attempting to convert version string: f44
Aug 17 18:58:27 fedora dbus-daemon[3094]: INFO:anaconda.core.kickstart.version:Detected kickstart version from platform ID: f44 -> 44000
Aug 17 18:58:27 fedora dbus-daemon[3094]: INFO:anaconda.core.kickstart.version:Using os-release detected kickstart version
Aug 17 18:58:28 fedora dbus-daemon[3112]: DEBUG:anaconda.modules.common:The configuration is loaded from: ['/etc/anaconda/anaconda.conf']
Aug 17 18:58:28 fedora dbus-daemon[3116]: DEBUG:anaconda.core.util:ID_LIKE not found in os-release files
Aug 17 18:58:28 fedora dbus-daemon[3116]: DEBUG:anaconda.core.kickstart.version:Using ID for version detection: fedora
Aug 17 18:58:28 fedora dbus-daemon[3116]: DEBUG:anaconda.core.kickstart.version:Attempting to convert version string: f44
Aug 17 18:58:28 fedora dbus-daemon[3116]: INFO:anaconda.core.kickstart.version:Detected kickstart version from platform ID: f44 -> 44000
Aug 17 18:58:28 fedora dbus-daemon[3116]: INFO:anaconda.core.kickstart.version:Using os-release detected kickstart version
Aug 17 18:58:28 fedora dbus-daemon[3124]: INFO:program:Running... systemctl list-unit-files rhsm.service --no-legend
Aug 17 18:58:28 fedora dbus-daemon[3124]: DEBUG:program:Return code of systemctl: 1
Aug 17 18:58:28 fedora dbus-daemon[3124]: DEBUG:anaconda.modules.subscription.initialization:subscription: The required rhsm systemd service is not available. The Subscription module won't be started.
Aug 17 18:58:28 fedora dbus-daemon[3118]: DEBUG:anaconda.core.util:ID_LIKE not found in os-release files
Aug 17 18:58:28 fedora dbus-daemon[3118]: DEBUG:anaconda.core.kickstart.version:Using ID for version detection: fedora
Aug 17 18:58:28 fedora dbus-daemon[3118]: DEBUG:anaconda.core.kickstart.version:Attempting to convert version string: f44
Aug 17 18:58:28 fedora dbus-daemon[3118]: INFO:anaconda.core.kickstart.version:Detected kickstart version from platform ID: f44 -> 44000
Aug 17 18:58:28 fedora dbus-daemon[3118]: INFO:anaconda.core.kickstart.version:Using os-release detected kickstart version
Aug 17 18:58:28 fedora dbus-daemon[3118]: INFO:dasbus.connection:Connecting to the system bus.
Aug 17 18:58:28 fedora dbus-daemon[3118]: INFO:dasbus.connection:Connecting to the system bus.
Aug 17 18:58:28 fedora udisksd[1175]: Loading module iscsi ...
Aug 17 18:58:28 fedora dbus-daemon[3096]: DEBUG:anaconda.modules.common.base.base:Publish the service.
Aug 17 18:58:28 fedora dbus-daemon[3096]: DEBUG:dasbus.connection:Publishing an object at /org/fedoraproject/Anaconda/Modules/Security/Certificates.
Aug 17 18:58:28 fedora dbus-daemon[3096]: INFO:anaconda.core.dbus:Connecting to the Anaconda bus at unix:path=/run/anaconda/bus.socket,guid=ac68f3f6def9ed84bf3054d06a8359b6.
Aug 17 18:58:28 fedora dbus-daemon[3089]: DEBUG:anaconda.modules.common.base.base:Publish the service.
Aug 17 18:58:28 fedora dbus-daemon[3089]: DEBUG:dasbus.connection:Publishing an object at /org/fedoraproject/Anaconda/Modules/Services.
Aug 17 18:58:28 fedora dbus-daemon[3089]: INFO:anaconda.core.dbus:Connecting to the Anaconda bus at unix:path=/run/anaconda/bus.socket,guid=ac68f3f6def9ed84bf3054d06a8359b6.
Aug 17 18:58:28 fedora dbus-daemon[3089]: WARNING:py.warnings:/usr/lib/python3.14/site-packages/dasbus/server/handler.py:78: DeprecationWarning: Gio.DBusConnection.register_object is deprecated
Aug 17 18:58:28 fedora dbus-daemon[3089]:   registration_id = connection.register_object(
Aug 17 18:58:28 fedora dbus-daemon[3118]: INFO:blivet:failed to get initiator name from iscsi firmware: No firmware found
Aug 17 18:58:28 fedora dbus-daemon[3092]: DEBUG:anaconda.modules.common.base.base:Publish the service.
Aug 17 18:58:28 fedora dbus-daemon[3089]: DEBUG:dasbus.connection:Registering a service name org.fedoraproject.Anaconda.Modules.Services.
Aug 17 18:58:28 fedora dbus-daemon[3092]: DEBUG:dasbus.connection:Publishing an object at /org/fedoraproject/Anaconda/Modules/Users.
Aug 17 18:58:28 fedora dbus-daemon[3096]: WARNING:py.warnings:/usr/lib/python3.14/site-packages/dasbus/server/handler.py:78: DeprecationWarning: Gio.DBusConnection.register_object is deprecated
Aug 17 18:58:28 fedora dbus-daemon[3096]:   registration_id = connection.register_object(
Aug 17 18:58:28 fedora dbus-daemon[3096]: DEBUG:dasbus.connection:Publishing an object at /org/fedoraproject/Anaconda/Modules/Security.
Aug 17 18:58:28 fedora dbus-daemon[3096]: DEBUG:dasbus.connection:Registering a service name org.fedoraproject.Anaconda.Modules.Security.
Aug 17 18:58:28 fedora dbus-daemon[3092]: INFO:anaconda.core.dbus:Connecting to the Anaconda bus at unix:path=/run/anaconda/bus.socket,guid=ac68f3f6def9ed84bf3054d06a8359b6.
Aug 17 18:58:28 fedora dbus-daemon[1352]: dbus-daemon[1352]: Successfully activated service 'org.fedoraproject.Anaconda.Modules.Services'
Aug 17 18:58:28 fedora dbus-daemon[3089]: DEBUG:anaconda.modules.common.base.base:Start the loop.
Aug 17 18:58:28 fedora dbus-daemon[3089]: WARNING:py.warnings:/usr/lib64/python3.14/site-packages/gi/events.py:803: DeprecationWarning: 'asyncio.AbstractEventLoopPolicy' is deprecated and slated for removal in Python 3.16
Aug 17 18:58:28 fedora dbus-daemon[3089]:   AbstractEventLoopPolicy = getattr(asyncio, "AbstractEventLoopPolicy", object)
Aug 17 18:58:28 fedora dbus-daemon[1352]: dbus-daemon[1352]: Successfully activated service 'org.fedoraproject.Anaconda.Modules.Security'
Aug 17 18:58:28 fedora dbus-daemon[1453]: DEBUG:anaconda.modules.boss.module_manager.start_modules:Service org.fedoraproject.Anaconda.Modules.Services started successfully.
Aug 17 18:58:28 fedora dbus-daemon[1453]: DEBUG:anaconda.modules.boss.module_manager.start_modules:Service org.fedoraproject.Anaconda.Modules.Security started successfully.
Aug 17 18:58:28 fedora dbus-daemon[3096]: DEBUG:anaconda.modules.common.base.base:Start the loop.
Aug 17 18:58:28 fedora dbus-daemon[1453]: DEBUG:anaconda.modules.boss.module_manager.start_modules:org.fedoraproject.Anaconda.Modules.Services is available.
Aug 17 18:58:28 fedora dbus-daemon[3092]: WARNING:py.warnings:/usr/lib/python3.14/site-packages/dasbus/server/handler.py:78: DeprecationWarning: Gio.DBusConnection.register_object is deprecated
Aug 17 18:58:28 fedora dbus-daemon[3092]:   registration_id = connection.register_object(
Aug 17 18:58:28 fedora dbus-daemon[1453]: DEBUG:anaconda.modules.boss.module_manager.start_modules:org.fedoraproject.Anaconda.Modules.Security is available.
Aug 17 18:58:28 fedora dbus-daemon[3092]: DEBUG:dasbus.connection:Registering a service name org.fedoraproject.Anaconda.Modules.Users.
Aug 17 18:58:28 fedora dbus-daemon[3096]: WARNING:py.warnings:/usr/lib64/python3.14/site-packages/gi/events.py:803: DeprecationWarning: 'asyncio.AbstractEventLoopPolicy' is deprecated and slated for removal in Python 3.16
Aug 17 18:58:28 fedora dbus-daemon[3096]:   AbstractEventLoopPolicy = getattr(asyncio, "AbstractEventLoopPolicy", object)
Aug 17 18:58:28 fedora dbus-daemon[1352]: dbus-daemon[1352]: Activated service 'org.fedoraproject.Anaconda.Modules.Subscription' failed: Process org.fedoraproject.Anaconda.Modules.Subscription exited with status 1
Aug 17 18:58:28 fedora dbus-daemon[1453]: DEBUG:anaconda.modules.boss.module_manager.start_modules:Skip org.fedoraproject.Anaconda.Modules.Subscription. The optional module has failed to start, so it won't be available during the installation.
Aug 17 18:58:28 fedora dbus-daemon[1352]: dbus-daemon[1352]: Successfully activated service 'org.fedoraproject.Anaconda.Modules.Users'
Aug 17 18:58:28 fedora dbus-daemon[1453]: DEBUG:anaconda.modules.boss.module_manager.start_modules:Service org.fedoraproject.Anaconda.Modules.Users started successfully.
Aug 17 18:58:28 fedora dbus-daemon[1453]: DEBUG:anaconda.modules.boss.module_manager.start_modules:org.fedoraproject.Anaconda.Modules.Users is available.
Aug 17 18:58:28 fedora dbus-daemon[3106]: INFO:root:reading file=<gzip _io.BufferedReader name='/usr/lib/python3.14/site-packages/langtable/data/languages.xml.gz' 0x7fe0f10813f0>
Aug 17 18:58:28 fedora dbus-daemon[3116]: DEBUG:anaconda.modules.network.network:Not using hostnamed service: system does not provide system bus according to configuration.
Aug 17 18:58:28 fedora dbus-daemon[3116]: INFO:dasbus.connection:Connecting to the system bus.
Aug 17 18:58:28 fedora dbus-daemon[3116]: INFO:dasbus.connection:Connecting to the system bus.
Aug 17 18:58:28 fedora dbus-daemon[3092]: DEBUG:anaconda.modules.common.base.base:Start the loop.
Aug 17 18:58:28 fedora dbus-daemon[3092]: WARNING:py.warnings:/usr/lib64/python3.14/site-packages/gi/events.py:803: DeprecationWarning: 'asyncio.AbstractEventLoopPolicy' is deprecated and slated for removal in Python 3.16
Aug 17 18:58:28 fedora dbus-daemon[3092]:   AbstractEventLoopPolicy = getattr(asyncio, "AbstractEventLoopPolicy", object)
Aug 17 18:58:28 fedora dbus-daemon[3116]: DEBUG:anaconda.modules.network.nm_client:get new NM Client succeeded.
Aug 17 18:58:28 fedora dbus-daemon[3116]: DEBUG:anaconda.modules.network.network:Connected to network: True
Aug 17 18:58:28 fedora dbus-daemon[3116]: DEBUG:anaconda.modules.network.network:Capabilities: [1]
Aug 17 18:58:28 fedora dbus-daemon[3116]: DEBUG:anaconda.modules.network.network:Applying boot options <pyanaconda.core.kernel.KernelArguments object at 0x7f11b61b0590>
Aug 17 18:58:28 fedora dbus-daemon[3116]: DEBUG:anaconda.modules.common.base.base:Publish the service.
Aug 17 18:58:28 fedora dbus-daemon[3116]: DEBUG:dasbus.connection:Publishing an object at /org/fedoraproject/Anaconda/Modules/Network/Firewall.
Aug 17 18:58:28 fedora dbus-daemon[3116]: INFO:anaconda.core.dbus:Connecting to the Anaconda bus at unix:path=/run/anaconda/bus.socket,guid=ac68f3f6def9ed84bf3054d06a8359b6.
Aug 17 18:58:28 fedora dbus-daemon[3116]: WARNING:py.warnings:/usr/lib/python3.14/site-packages/dasbus/server/handler.py:78: DeprecationWarning: Gio.DBusConnection.register_object is deprecated
Aug 17 18:58:28 fedora dbus-daemon[3116]:   registration_id = connection.register_object(
Aug 17 18:58:28 fedora dbus-daemon[3116]: DEBUG:dasbus.connection:Publishing an object at /org/fedoraproject/Anaconda/Modules/Network.
Aug 17 18:58:28 fedora dbus-daemon[3116]: DEBUG:dasbus.connection:Registering a service name org.fedoraproject.Anaconda.Modules.Network.
Aug 17 18:58:28 fedora dbus-daemon[1352]: dbus-daemon[1352]: Successfully activated service 'org.fedoraproject.Anaconda.Modules.Network'
Aug 17 18:58:28 fedora dbus-daemon[3116]: DEBUG:anaconda.modules.common.base.base:Start the loop.
Aug 17 18:58:28 fedora dbus-daemon[1453]: DEBUG:anaconda.modules.boss.module_manager.start_modules:Service org.fedoraproject.Anaconda.Modules.Network started successfully.
Aug 17 18:58:28 fedora dbus-daemon[3116]: WARNING:py.warnings:/usr/lib64/python3.14/site-packages/gi/events.py:803: DeprecationWarning: 'asyncio.AbstractEventLoopPolicy' is deprecated and slated for removal in Python 3.16
Aug 17 18:58:28 fedora dbus-daemon[3116]:   AbstractEventLoopPolicy = getattr(asyncio, "AbstractEventLoopPolicy", object)
Aug 17 18:58:28 fedora dbus-daemon[1453]: DEBUG:anaconda.modules.boss.module_manager.start_modules:org.fedoraproject.Anaconda.Modules.Network is available.
Aug 17 18:58:28 fedora dbus-daemon[3116]: DEBUG:anaconda.modules.network.network:Watching the hostnamed service.
Aug 17 18:58:28 fedora dbus-daemon[3116]: DEBUG:anaconda.modules.network.network:Connecting to the hostnamed service.
Aug 17 18:58:28 fedora dbus-daemon[3094]: DEBUG:anaconda.modules.common.base.base:Publish the service.
Aug 17 18:58:28 fedora dbus-daemon[3094]: DEBUG:dasbus.connection:Publishing an object at /org/fedoraproject/Anaconda/Modules/Runtime/Scripts.
Aug 17 18:58:28 fedora dbus-daemon[3094]: INFO:anaconda.core.dbus:Connecting to the Anaconda bus at unix:path=/run/anaconda/bus.socket,guid=ac68f3f6def9ed84bf3054d06a8359b6.
Aug 17 18:58:28 fedora dbus-daemon[3094]: WARNING:py.warnings:/usr/lib/python3.14/site-packages/dasbus/server/handler.py:78: DeprecationWarning: Gio.DBusConnection.register_object is deprecated
Aug 17 18:58:28 fedora dbus-daemon[3094]:   registration_id = connection.register_object(
Aug 17 18:58:28 fedora dbus-daemon[3094]: DEBUG:dasbus.connection:Publishing an object at /org/fedoraproject/Anaconda/Modules/Runtime/UserInterface.
Aug 17 18:58:28 fedora dbus-daemon[3094]: DEBUG:dasbus.connection:Publishing an object at /org/fedoraproject/Anaconda/Modules/Runtime.
Aug 17 18:58:28 fedora dbus-daemon[3094]: DEBUG:dasbus.connection:Registering a service name org.fedoraproject.Anaconda.Modules.Runtime.
Aug 17 18:58:28 fedora dbus-daemon[1352]: dbus-daemon[1352]: Successfully activated service 'org.fedoraproject.Anaconda.Modules.Runtime'
Aug 17 18:58:28 fedora dbus-daemon[3094]: DEBUG:anaconda.modules.common.base.base:Start the loop.
Aug 17 18:58:28 fedora dbus-daemon[3094]: WARNING:py.warnings:/usr/lib64/python3.14/site-packages/gi/events.py:803: DeprecationWarning: 'asyncio.AbstractEventLoopPolicy' is deprecated and slated for removal in Python 3.16
Aug 17 18:58:28 fedora dbus-daemon[3094]:   AbstractEventLoopPolicy = getattr(asyncio, "AbstractEventLoopPolicy", object)
Aug 17 18:58:28 fedora dbus-daemon[1453]: DEBUG:anaconda.modules.boss.module_manager.start_modules:Service org.fedoraproject.Anaconda.Modules.Runtime started successfully.
Aug 17 18:58:28 fedora dbus-daemon[1453]: DEBUG:anaconda.modules.boss.module_manager.start_modules:org.fedoraproject.Anaconda.Modules.Runtime is available.
Aug 17 18:58:28 fedora dbus-daemon[3112]: DEBUG:anaconda.core.util:ID_LIKE not found in os-release files
Aug 17 18:58:28 fedora dbus-daemon[3112]: DEBUG:anaconda.core.kickstart.version:Using ID for version detection: fedora
Aug 17 18:58:28 fedora dbus-daemon[3112]: DEBUG:anaconda.core.kickstart.version:Attempting to convert version string: f44
Aug 17 18:58:28 fedora dbus-daemon[3112]: INFO:anaconda.core.kickstart.version:Detected kickstart version from platform ID: f44 -> 44000
Aug 17 18:58:28 fedora dbus-daemon[3112]: INFO:anaconda.core.kickstart.version:Using os-release detected kickstart version
Aug 17 18:58:28 fedora dbus-daemon[3103]: DEBUG:anaconda.modules.common.base.base:Publish the service.
Aug 17 18:58:28 fedora dbus-daemon[3103]: DEBUG:dasbus.connection:Publishing an object at /org/fedoraproject/Anaconda/Modules/Payloads.
Aug 17 18:58:28 fedora dbus-daemon[3103]: INFO:anaconda.core.dbus:Connecting to the Anaconda bus at unix:path=/run/anaconda/bus.socket,guid=ac68f3f6def9ed84bf3054d06a8359b6.
Aug 17 18:58:28 fedora dbus-daemon[3103]: WARNING:py.warnings:/usr/lib/python3.14/site-packages/dasbus/server/handler.py:78: DeprecationWarning: Gio.DBusConnection.register_object is deprecated
Aug 17 18:58:28 fedora dbus-daemon[3103]:   registration_id = connection.register_object(
Aug 17 18:58:28 fedora dbus-daemon[3103]: DEBUG:dasbus.connection:Registering a service name org.fedoraproject.Anaconda.Modules.Payloads.
Aug 17 18:58:28 fedora dbus-daemon[1352]: dbus-daemon[1352]: Successfully activated service 'org.fedoraproject.Anaconda.Modules.Payloads'
Aug 17 18:58:28 fedora dbus-daemon[1453]: DEBUG:anaconda.modules.boss.module_manager.start_modules:Service org.fedoraproject.Anaconda.Modules.Payloads started successfully.
Aug 17 18:58:28 fedora dbus-daemon[3103]: DEBUG:anaconda.modules.common.base.base:Start the loop.
Aug 17 18:58:28 fedora dbus-daemon[3103]: WARNING:py.warnings:/usr/lib64/python3.14/site-packages/gi/events.py:803: DeprecationWarning: 'asyncio.AbstractEventLoopPolicy' is deprecated and slated for removal in Python 3.16
Aug 17 18:58:28 fedora dbus-daemon[3103]:   AbstractEventLoopPolicy = getattr(asyncio, "AbstractEventLoopPolicy", object)
Aug 17 18:58:28 fedora dbus-daemon[1453]: DEBUG:anaconda.modules.boss.module_manager.start_modules:org.fedoraproject.Anaconda.Modules.Payloads is available.
Aug 17 18:58:28 fedora dbus-daemon[3112]: INFO:root:reading file=<gzip _io.BufferedReader name='/usr/lib/python3.14/site-packages/langtable/data/territories.xml.gz' 0x7f3343f42f80>
Aug 17 18:58:28 fedora dbus-daemon[3106]: INFO:root:reading file=<gzip _io.BufferedReader name='/usr/lib/python3.14/site-packages/langtable/data/keyboards.xml.gz' 0x7fe0f14b8b50>
Aug 17 18:58:28 fedora dbus-daemon[3118]: DEBUG:anaconda.modules.storage.bootloader.factory:The default class is set to 'None'.
Aug 17 18:58:28 fedora dbus-daemon[3118]: DEBUG:anaconda.modules.storage.bootloader.bootloader:The default type is set to 'BootloaderType.DEFAULT'.
Aug 17 18:58:28 fedora dbus-daemon[3118]: DEBUG:anaconda.modules.storage.fcoe.fcoe:Start up the FCoE module.
Aug 17 18:58:28 fedora dbus-daemon[3118]: INFO:program:[libmkod] custom logging function 0x7f749ce75930 registered
Aug 17 18:58:28 fedora dbus-daemon[3106]: INFO:root:reading file=<gzip _io.BufferedReader name='/usr/lib/python3.14/site-packages/langtable/data/timezones.xml.gz' 0x7fe0f14b8b50>
Aug 17 18:58:28 fedora dbus-daemon[3106]: INFO:root:reading file=<gzip _io.BufferedReader name='/usr/lib/python3.14/site-packages/langtable/data/timezoneidparts.xml.gz' 0x7fe0f05a05b0>
Aug 17 18:58:28 fedora dbus-daemon[3118]: INFO:program:[libmkod] context 0x560e998466c0 released
Aug 17 18:58:28 fedora dbus-daemon[3118]: INFO:program:Running... /usr/libexec/fcoe/fcoe_edd.sh -i
Aug 17 18:58:28 fedora dbus-daemon[3118]: INFO:program:stdout:
Aug 17 18:58:28 fedora dbus-daemon[3118]: INFO:program:No FCoE boot disk information is found in EDD!
Aug 17 18:58:28 fedora dbus-daemon[3118]: DEBUG:program:Return code: 1
Aug 17 18:58:28 fedora dbus-daemon[3118]: INFO:blivet:No FCoE EDD info found: No FCoE boot disk information is found in EDD!
Aug 17 18:58:28 fedora dbus-daemon[3118]: DEBUG:anaconda.modules.storage.iscsi.iscsi:Start up the iSCSI module.
Aug 17 18:58:28 fedora dbus-daemon[3118]: INFO:blivet:ISCSID is /usr/bin/iscsid
Aug 17 18:58:28 fedora dbus-daemon[3118]: INFO:program:Running... systemctl start iscsi-init.service
Aug 17 18:58:28 fedora systemd[1]: Starting iscsi-init.service - One time configuration for iscsi.service...
Aug 17 18:58:28 fedora dbus-daemon[3112]: INFO:root:reading file=<gzip _io.BufferedReader name='/usr/lib/python3.14/site-packages/langtable/data/languages.xml.gz' 0x7f33483b79a0>
Aug 17 18:58:28 fedora systemd[1]: iscsi-init.service: Deactivated successfully.
Aug 17 18:58:28 fedora systemd[1]: Finished iscsi-init.service - One time configuration for iscsi.service.
Aug 17 18:58:28 fedora audit[1]: SERVICE_START pid=1 uid=0 auid=4294967295 ses=4294967295 subj=system_u:system_r:kernel_t:s0 msg='unit=iscsi-init comm="systemd" exe="/usr/lib/systemd/systemd" hostname=? addr=? terminal=? res=success'
Aug 17 18:58:28 fedora audit[1]: SERVICE_STOP pid=1 uid=0 auid=4294967295 ses=4294967295 subj=system_u:system_r:kernel_t:s0 msg='unit=iscsi-init comm="systemd" exe="/usr/lib/systemd/systemd" hostname=? addr=? terminal=? res=success'
Aug 17 18:58:28 fedora kernel: audit: type=1130 audit(1786993108.427:415): pid=1 uid=0 auid=4294967295 ses=4294967295 subj=system_u:system_r:kernel_t:s0 msg='unit=iscsi-init comm="systemd" exe="/usr/lib/systemd/systemd" hostname=? addr=? terminal=? res=success'
Aug 17 18:58:28 fedora dbus-daemon[3118]: DEBUG:program:Return code: 0
Aug 17 18:58:28 fedora dbus-daemon[3118]: INFO:blivet:no initiator set
Aug 17 18:58:28 fedora dbus-daemon[3118]: DEBUG:anaconda.modules.storage.nvme.nvme:Start up the NVMe module.
Aug 17 18:58:28 fedora kernel: audit: type=1131 audit(1786993108.427:416): pid=1 uid=0 auid=4294967295 ses=4294967295 subj=system_u:system_r:kernel_t:s0 msg='unit=iscsi-init comm="systemd" exe="/usr/lib/systemd/systemd" hostname=? addr=? terminal=? res=success'
Aug 17 18:58:28 fedora dbus-daemon[3118]: DEBUG:anaconda.modules.storage.zfcp.zfcp:Start up the zFCP module.
Aug 17 18:58:28 fedora dbus-daemon[3118]: DEBUG:blivet:               Ext4FS.supported: supported: True ;
Aug 17 18:58:28 fedora dbus-daemon[3118]: DEBUG:blivet:get_format('ext4') returning Ext4FS instance with object id 0
Aug 17 18:58:28 fedora dbus-daemon[3118]: DEBUG:blivet:            Ext4FS.supported: supported: True ;
Aug 17 18:58:28 fedora dbus-daemon[3118]: DEBUG:blivet:trying to set new default fstype to 'ext4'
Aug 17 18:58:28 fedora dbus-daemon[3118]: DEBUG:blivet:                  Ext4FS.supported: supported: True ;
Aug 17 18:58:28 fedora dbus-daemon[3118]: DEBUG:blivet:get_format('ext4') returning Ext4FS instance with object id 1
Aug 17 18:58:28 fedora dbus-daemon[3118]: DEBUG:blivet:               Ext4FS.supported: supported: True ;
Aug 17 18:58:28 fedora dbus-daemon[3118]: INFO:blivet:Fstab file '' does not exist, setting fstab read path to None
Aug 17 18:58:28 fedora dbus-daemon[3118]: INFO:program:Running... lsblk --bytes -a -o NAME,SIZE,OWNER,GROUP,MODE,FSTYPE,LABEL,UUID,PARTUUID,MOUNTPOINT
Aug 17 18:58:28 fedora dbus-daemon[3118]: INFO:program:stdout:
Aug 17 18:58:28 fedora dbus-daemon[3118]: INFO:program:NAME         SIZE OWNER GROUP MODE       FSTYPE   LABEL         UUID                                 PARTUUID MOUNTPOINT
Aug 17 18:58:28 fedora dbus-daemon[3118]: INFO:program:loop0  5744738304 root  disk  brw-rw---- squashfs                                                             /run/rootfsbase
Aug 17 18:58:28 fedora dbus-daemon[3118]: INFO:program:sr0    6100916224 root  cdrom brw-rw---- iso9660  Bunny-OS-Beta 2026-08-17-17-35-19-00                        /run/initramfs/live
Aug 17 18:58:28 fedora dbus-daemon[3118]: INFO:program:zram0  6192889856 root  disk  brw-rw---- swap     zram0         270ca245-9f20-4025-899c-439510a70515          [SWAP]
Aug 17 18:58:28 fedora dbus-daemon[3118]: INFO:program:vda   85899345920 root  disk  brw-rw----
Aug 17 18:58:28 fedora dbus-daemon[3118]: DEBUG:program:Return code: 0
Aug 17 18:58:28 fedora dbus-daemon[3118]: DEBUG:blivet:lsblk output:
Aug 17 18:58:28 fedora dbus-daemon[3118]: NAME         SIZE OWNER GROUP MODE       FSTYPE   LABEL         UUID                                 PARTUUID MOUNTPOINT
Aug 17 18:58:28 fedora dbus-daemon[3118]: loop0  5744738304 root  disk  brw-rw---- squashfs                                                             /run/rootfsbase
Aug 17 18:58:28 fedora dbus-daemon[3118]: sr0    6100916224 root  cdrom brw-rw---- iso9660  Bunny-OS-Beta 2026-08-17-17-35-19-00                        /run/initramfs/live
Aug 17 18:58:28 fedora dbus-daemon[3118]: zram0  6192889856 root  disk  brw-rw---- swap     zram0         270ca245-9f20-4025-899c-439510a70515          [SWAP]
Aug 17 18:58:28 fedora dbus-daemon[3118]: vda   85899345920 root  disk  brw-rw----
Aug 17 18:58:28 fedora dbus-daemon[3118]: DEBUG:blivet:lvm filter: clearing the lvm devices list
Aug 17 18:58:28 fedora dbus-daemon[3118]: DEBUG:blivet:lvm filter: clearing the lvm devices list
Aug 17 18:58:28 fedora dbus-daemon[3118]: DEBUG:blivet:trying to set new default fstype to 'ext4'
Aug 17 18:58:28 fedora dbus-daemon[3118]: DEBUG:blivet:                Ext4FS.supported: supported: True ;
Aug 17 18:58:28 fedora dbus-daemon[3118]: DEBUG:blivet:get_format('ext4') returning Ext4FS instance with object id 2
Aug 17 18:58:28 fedora dbus-daemon[3118]: DEBUG:blivet:             Ext4FS.supported: supported: True ;
Aug 17 18:58:28 fedora dbus-daemon[3118]: DEBUG:anaconda.storage:trying to set new default luks version to 'luks2'
Aug 17 18:58:28 fedora dbus-daemon[3118]: DEBUG:blivet:              LUKS.__init__: luks_version: luks2 ;
Aug 17 18:58:28 fedora dbus-daemon[3118]: DEBUG:blivet:get_format('luks') returning LUKS instance with object id 3
Aug 17 18:58:28 fedora dbus-daemon[3118]: DEBUG:anaconda.modules.storage.storage:The storage model has changed.
Aug 17 18:58:28 fedora dbus-daemon[3118]: DEBUG:anaconda.modules.common.base.base:Publish the service.
Aug 17 18:58:28 fedora dbus-daemon[3118]: DEBUG:dasbus.connection:Publishing an object at /org/fedoraproject/Anaconda/Modules/Storage/Checker.
Aug 17 18:58:28 fedora dbus-daemon[3118]: INFO:anaconda.core.dbus:Connecting to the Anaconda bus at unix:path=/run/anaconda/bus.socket,guid=ac68f3f6def9ed84bf3054d06a8359b6.
Aug 17 18:58:28 fedora dbus-daemon[3118]: WARNING:py.warnings:/usr/lib/python3.14/site-packages/dasbus/server/handler.py:78: DeprecationWarning: Gio.DBusConnection.register_object is deprecated
Aug 17 18:58:28 fedora dbus-daemon[3118]:   registration_id = connection.register_object(
Aug 17 18:58:28 fedora dbus-daemon[3118]: DEBUG:dasbus.connection:Publishing an object at /org/fedoraproject/Anaconda/Modules/Storage/DeviceTree.
Aug 17 18:58:28 fedora dbus-daemon[3118]: DEBUG:dasbus.connection:Publishing an object at /org/fedoraproject/Anaconda/Modules/Storage/DiskInitialization.
Aug 17 18:58:28 fedora dbus-daemon[3118]: DEBUG:dasbus.connection:Publishing an object at /org/fedoraproject/Anaconda/Modules/Storage/DiskSelection.
Aug 17 18:58:28 fedora dbus-daemon[3118]: DEBUG:dasbus.connection:Publishing an object at /org/fedoraproject/Anaconda/Modules/Storage/Snapshot.
Aug 17 18:58:28 fedora dbus-daemon[3118]: DEBUG:dasbus.connection:Publishing an object at /org/fedoraproject/Anaconda/Modules/Storage/Bootloader.
Aug 17 18:58:28 fedora dbus-daemon[3118]: DEBUG:dasbus.connection:Publishing an object at /org/fedoraproject/Anaconda/Modules/Storage/FCoE.
Aug 17 18:58:28 fedora dbus-daemon[3118]: DEBUG:dasbus.connection:Publishing an object at /org/fedoraproject/Anaconda/Modules/Storage/iSCSI.
Aug 17 18:58:28 fedora dbus-daemon[3118]: DEBUG:dasbus.connection:Publishing an object at /org/fedoraproject/Anaconda/Modules/Storage/NVMe.
Aug 17 18:58:28 fedora dbus-daemon[3118]: DEBUG:dasbus.connection:Publishing an object at /org/fedoraproject/Anaconda/Modules/Storage/DASD.
Aug 17 18:58:28 fedora dbus-daemon[3118]: DEBUG:dasbus.connection:Publishing an object at /org/fedoraproject/Anaconda/Modules/Storage/zFCP.
Aug 17 18:58:28 fedora dbus-daemon[3118]: DEBUG:dasbus.connection:Publishing an object at /org/fedoraproject/Anaconda/Modules/Storage.
Aug 17 18:58:28 fedora dbus-daemon[3118]: DEBUG:dasbus.connection:Registering a service name org.fedoraproject.Anaconda.Modules.Storage.
Aug 17 18:58:28 fedora dbus-daemon[1352]: dbus-daemon[1352]: Successfully activated service 'org.fedoraproject.Anaconda.Modules.Storage'
Aug 17 18:58:28 fedora dbus-daemon[3118]: DEBUG:anaconda.modules.common.base.base:Start the loop.
Aug 17 18:58:28 fedora dbus-daemon[3118]: WARNING:py.warnings:/usr/lib64/python3.14/site-packages/gi/events.py:803: DeprecationWarning: 'asyncio.AbstractEventLoopPolicy' is deprecated and slated for removal in Python 3.16
Aug 17 18:58:28 fedora dbus-daemon[3118]:   AbstractEventLoopPolicy = getattr(asyncio, "AbstractEventLoopPolicy", object)
Aug 17 18:58:28 fedora dbus-daemon[1453]: DEBUG:anaconda.modules.boss.module_manager.start_modules:Service org.fedoraproject.Anaconda.Modules.Storage started successfully.
Aug 17 18:58:28 fedora dbus-daemon[1453]: DEBUG:anaconda.modules.boss.module_manager.start_modules:org.fedoraproject.Anaconda.Modules.Storage is available.
Aug 17 18:58:28 fedora dbus-daemon[3106]: DEBUG:anaconda.core.util:ID_LIKE not found in os-release files
Aug 17 18:58:28 fedora dbus-daemon[3106]: DEBUG:anaconda.core.kickstart.version:Using ID for version detection: fedora
Aug 17 18:58:28 fedora dbus-daemon[3106]: DEBUG:anaconda.core.kickstart.version:Attempting to convert version string: f44
Aug 17 18:58:28 fedora dbus-daemon[3106]: INFO:anaconda.core.kickstart.version:Detected kickstart version from platform ID: f44 -> 44000
Aug 17 18:58:28 fedora dbus-daemon[3106]: INFO:anaconda.core.kickstart.version:Using os-release detected kickstart version
Aug 17 18:58:28 fedora dbus-daemon[3106]: WARNING:py.warnings:/usr/lib/python3.14/site-packages/iso639/__init__.py:145: DeprecationWarning: codecs.open() is deprecated. Use open() instead.
Aug 17 18:58:28 fedora dbus-daemon[3106]:   with codecs.open(data_file, 'r', 'UTF-8') as f:
Aug 17 18:58:28 fedora dbus-daemon[3112]: INFO:root:reading file=<gzip _io.BufferedReader name='/usr/lib/python3.14/site-packages/langtable/data/keyboards.xml.gz' 0x7f334ae2e8f0>
Aug 17 18:58:28 fedora dbus-daemon[3112]: INFO:root:reading file=<gzip _io.BufferedReader name='/usr/lib/python3.14/site-packages/langtable/data/timezones.xml.gz' 0x7f33483b79a0>
Aug 17 18:58:28 fedora dbus-daemon[3112]: INFO:root:reading file=<gzip _io.BufferedReader name='/usr/lib/python3.14/site-packages/langtable/data/timezoneidparts.xml.gz' 0x7f334ae2e8f0>
Aug 17 18:58:28 fedora dbus-daemon[3112]: DEBUG:anaconda.modules.common.base.base:Publish the service.
Aug 17 18:58:28 fedora dbus-daemon[3112]: DEBUG:dasbus.connection:Publishing an object at /org/fedoraproject/Anaconda/Modules/Timezone.
Aug 17 18:58:28 fedora dbus-daemon[3112]: INFO:anaconda.core.dbus:Connecting to the Anaconda bus at unix:path=/run/anaconda/bus.socket,guid=ac68f3f6def9ed84bf3054d06a8359b6.
Aug 17 18:58:28 fedora dbus-daemon[3112]: WARNING:py.warnings:/usr/lib/python3.14/site-packages/dasbus/server/handler.py:78: DeprecationWarning: Gio.DBusConnection.register_object is deprecated
Aug 17 18:58:28 fedora dbus-daemon[3112]:   registration_id = connection.register_object(
Aug 17 18:58:28 fedora dbus-daemon[3112]: DEBUG:dasbus.connection:Registering a service name org.fedoraproject.Anaconda.Modules.Timezone.
Aug 17 18:58:28 fedora dbus-daemon[1352]: dbus-daemon[1352]: Successfully activated service 'org.fedoraproject.Anaconda.Modules.Timezone'
Aug 17 18:58:28 fedora dbus-daemon[1453]: DEBUG:anaconda.modules.boss.module_manager.start_modules:Service org.fedoraproject.Anaconda.Modules.Timezone started successfully.
Aug 17 18:58:28 fedora dbus-daemon[3112]: DEBUG:anaconda.modules.common.base.base:Start the loop.
Aug 17 18:58:28 fedora dbus-daemon[3112]: WARNING:py.warnings:/usr/lib64/python3.14/site-packages/gi/events.py:803: DeprecationWarning: 'asyncio.AbstractEventLoopPolicy' is deprecated and slated for removal in Python 3.16
Aug 17 18:58:28 fedora dbus-daemon[3112]:   AbstractEventLoopPolicy = getattr(asyncio, "AbstractEventLoopPolicy", object)
Aug 17 18:58:28 fedora dbus-daemon[1453]: DEBUG:anaconda.modules.boss.module_manager.start_modules:org.fedoraproject.Anaconda.Modules.Timezone is available.
Aug 17 18:58:28 fedora dbus-daemon[3106]: DEBUG:anaconda.modules.common.base.base:Publish the service.
Aug 17 18:58:28 fedora dbus-daemon[3106]: DEBUG:dasbus.connection:Publishing an object at /org/fedoraproject/Anaconda/Modules/Localization.
Aug 17 18:58:28 fedora dbus-daemon[3106]: INFO:anaconda.core.dbus:Connecting to the Anaconda bus at unix:path=/run/anaconda/bus.socket,guid=ac68f3f6def9ed84bf3054d06a8359b6.
Aug 17 18:58:28 fedora dbus-daemon[3106]: WARNING:py.warnings:/usr/lib/python3.14/site-packages/dasbus/server/handler.py:78: DeprecationWarning: Gio.DBusConnection.register_object is deprecated
Aug 17 18:58:28 fedora dbus-daemon[3106]:   registration_id = connection.register_object(
Aug 17 18:58:28 fedora dbus-daemon[3106]: DEBUG:dasbus.connection:Registering a service name org.fedoraproject.Anaconda.Modules.Localization.
Aug 17 18:58:28 fedora dbus-daemon[1352]: dbus-daemon[1352]: Successfully activated service 'org.fedoraproject.Anaconda.Modules.Localization'
Aug 17 18:58:28 fedora dbus-daemon[3106]: DEBUG:anaconda.modules.common.base.base:Start the loop.
Aug 17 18:58:28 fedora dbus-daemon[1453]: DEBUG:anaconda.modules.boss.module_manager.start_modules:Service org.fedoraproject.Anaconda.Modules.Localization started successfully.
Aug 17 18:58:28 fedora dbus-daemon[3106]: WARNING:py.warnings:/usr/lib64/python3.14/site-packages/gi/events.py:803: DeprecationWarning: 'asyncio.AbstractEventLoopPolicy' is deprecated and slated for removal in Python 3.16
Aug 17 18:58:28 fedora dbus-daemon[3106]:   AbstractEventLoopPolicy = getattr(asyncio, "AbstractEventLoopPolicy", object)
Aug 17 18:58:28 fedora dbus-daemon[1453]: DEBUG:anaconda.modules.boss.module_manager.start_modules:org.fedoraproject.Anaconda.Modules.Localization is available.
Aug 17 18:58:28 fedora dbus-daemon[1453]: INFO:anaconda.core.threads:Thread Done: AnaTaskThread-StartModulesTask-1 (140428786529984)
Aug 17 18:58:28 fedora dbus-daemon[1453]: INFO:anaconda.modules.boss.boss:Reading a kickstart file at /run/bunny-setup/install-w94j69d8.ks.
Aug 17 18:58:28 fedora dbus-daemon[1453]: INFO:anaconda.modules.boss.kickstart_manager.kickstart_manager:org.fedoraproject.Anaconda.Modules.Services handles commands ['firstboot', 'services', 'skipx', 'xconfig'] sections [] addons [].
Aug 17 18:58:28 fedora dbus-daemon[1453]: INFO:anaconda.modules.boss.kickstart_manager.kickstart_manager:There are no kickstart data for org.fedoraproject.Anaconda.Modules.Services.
Aug 17 18:58:28 fedora dbus-daemon[1453]: INFO:anaconda.modules.boss.kickstart_manager.kickstart_manager:org.fedoraproject.Anaconda.Modules.Security handles commands ['authselect', 'selinux', 'realm'] sections ['certificate'] addons [].
Aug 17 18:58:28 fedora dbus-daemon[3096]: DEBUG:anaconda.modules.common.base.base:Reading kickstart...
Aug 17 18:58:28 fedora dbus-daemon[3096]: DEBUG:anaconda.modules.security.certificates.certificates:Certificates is set to [].
Aug 17 18:58:28 fedora dbus-daemon[3096]: DEBUG:anaconda.modules.security.security:SElinux is set to SELinuxMode.ENFORCING.
Aug 17 18:58:28 fedora dbus-daemon[3096]: DEBUG:anaconda.modules.common.base.base:Kickstarted is set to True.
Aug 17 18:58:28 fedora dbus-daemon[1453]: INFO:anaconda.modules.boss.kickstart_manager.kickstart_manager:org.fedoraproject.Anaconda.Modules.Runtime handles commands ['driverdisk', 'mediacheck', 'sshpw', 'updates', 'logging', 'rescue', 'eula', 'graphical', 'text', 'cmdline', 'vnc', 'rdp', 'reboot', 'poweroff', 'shutdown', 'halt'] sections ['pre-install', 'post', 'onerror', 'traceback'] addons [].
Aug 17 18:58:28 fedora dbus-daemon[3094]: DEBUG:anaconda.modules.common.base.base:Reading kickstart...
Aug 17 18:58:28 fedora dbus-daemon[3094]: DEBUG:anaconda.modules.runtime.scripts.scripts:Process_kickstart []
Aug 17 18:58:28 fedora dbus-daemon[3094]: DEBUG:anaconda.modules.runtime.user_interface.ui:Display mode will be: 2
Aug 17 18:58:28 fedora dbus-daemon[3094]: DEBUG:anaconda.modules.runtime.user_interface.ui:Display mode non-interactive set to: True
Aug 17 18:58:28 fedora dbus-daemon[3094]: DEBUG:anaconda.modules.runtime.user_interface.ui:Text mode requested by kickstart
Aug 17 18:58:28 fedora dbus-daemon[3094]: DEBUG:anaconda.modules.runtime.user_interface.ui:RDP enabled set to: RdpData(enabled=False, password=SecretData(type='TEXT', value_set=False), username='')
Aug 17 18:58:28 fedora dbus-daemon[3094]: DEBUG:anaconda.modules.runtime.runtime:Logging set to: LoggingData(host='', port='')
Aug 17 18:58:28 fedora dbus-daemon[3094]: DEBUG:anaconda.modules.runtime.runtime:Rescue mode set to: RescueData(nomount=False, rescue=False, romount=False)
Aug 17 18:58:28 fedora dbus-daemon[3094]: DEBUG:anaconda.modules.runtime.runtime:EULA agreement set to: False
Aug 17 18:58:28 fedora dbus-daemon[3094]: DEBUG:anaconda.modules.runtime.runtime:Reboot configuration set to: RebootData(action=-1, eject=False, kexec=False)
Aug 17 18:58:28 fedora dbus-daemon[3094]: DEBUG:anaconda.modules.common.base.base:Kickstarted is set to True.
Aug 17 18:58:29 fedora dbus-daemon[1453]: INFO:anaconda.modules.boss.kickstart_manager.kickstart_manager:org.fedoraproject.Anaconda.Modules.Users handles commands ['rootpw', 'user', 'group', 'sshkey'] sections [] addons [].
Aug 17 18:58:29 fedora dbus-daemon[3092]: DEBUG:anaconda.modules.common.base.base:Reading kickstart...
Aug 17 18:58:29 fedora dbus-daemon[3092]: DEBUG:anaconda.modules.users.users:Root account has been locked.
Aug 17 18:58:29 fedora dbus-daemon[3092]: DEBUG:anaconda.modules.users.users:Root password cleared.
Aug 17 18:58:29 fedora dbus-daemon[3092]: DEBUG:anaconda.modules.users.users:Root account has been locked.
Aug 17 18:58:29 fedora dbus-daemon[3092]: DEBUG:anaconda.modules.users.users:SSH login as root with password will not be allowed.
Aug 17 18:58:29 fedora dbus-daemon[3092]: DEBUG:anaconda.modules.users.users:root specified in kickstart without password, locking account
Aug 17 18:58:29 fedora dbus-daemon[3092]: DEBUG:anaconda.modules.users.users:Root account has been locked.
Aug 17 18:58:29 fedora dbus-daemon[3092]: DEBUG:anaconda.modules.users.users:Can change root password state changed: False.
Aug 17 18:58:29 fedora dbus-daemon[3092]: DEBUG:anaconda.modules.users.users:A new user list has been set: [UserData(gecos='Alex', gid=0, gid_mode='ID_MODE_USE_DEFAULT', groups=['wheel'], homedir='', is_crypted=True, lock=False, name='alex', password_set=True, shell='', uid=0, uid_mode='ID_MODE_USE_DEFAULT')]
Aug 17 18:58:29 fedora dbus-daemon[3092]: DEBUG:anaconda.modules.users.users:A new group list has been set: []
Aug 17 18:58:29 fedora dbus-daemon[3092]: DEBUG:anaconda.modules.users.users:A new ssh key list has been set: []
Aug 17 18:58:29 fedora dbus-daemon[3092]: DEBUG:anaconda.modules.common.base.base:Kickstarted is set to True.
Aug 17 18:58:29 fedora dbus-daemon[1453]: INFO:anaconda.modules.boss.kickstart_manager.kickstart_manager:org.fedoraproject.Anaconda.Modules.Payloads handles commands ['cdrom', 'harddrive', 'hmc', 'liveimg', 'module', 'nfs', 'ostreecontainer', 'ostreesetup', 'bootc', 'repo', 'url'] sections ['packages'] addons [].
Aug 17 18:58:29 fedora dbus-daemon[3103]: DEBUG:anaconda.modules.common.base.base:Reading kickstart...
Aug 17 18:58:29 fedora dbus-daemon[3103]: DEBUG:anaconda.modules.payloads.payload.payload_base:The kernel version list is set to: []
Aug 17 18:58:29 fedora dbus-daemon[3103]: DEBUG:anaconda.modules.payloads.payloads:Created the payload PayloadType.RPM_OSTREE.
Aug 17 18:58:29 fedora dbus-daemon[3103]: DEBUG:anaconda.modules.payloads.source.rpm_ostree.rpm_ostree:Configuration is set to 'RPMOSTreeContainerConfigurationData(remote='', signature_verification_enabled=False, stateroot='', transport='oci', url='/usr/share/bunny-os/payload-oci')'.
Aug 17 18:58:29 fedora dbus-daemon[3103]: DEBUG:anaconda.modules.payloads.payload.payload_base:New sources [Source(type='RPM_OSTREE_CONTAINER', stateroot='', transport='oci', url='/usr/share/bunny-os/payload-oci')] were added.
Aug 17 18:58:29 fedora dbus-daemon[3103]: DEBUG:anaconda.modules.payloads.payloads:Activated the payload PayloadType.RPM_OSTREE.
Aug 17 18:58:29 fedora dbus-daemon[3103]: DEBUG:anaconda.modules.common.base.base:Kickstarted is set to True.
Aug 17 18:58:29 fedora dbus-daemon[3103]: DEBUG:dasbus.connection:Publishing an object at /org/fedoraproject/Anaconda/Modules/Payloads/Payload/1.
Aug 17 18:58:29 fedora dbus-daemon[1453]: INFO:anaconda.modules.boss.kickstart_manager.kickstart_manager:org.fedoraproject.Anaconda.Modules.Storage handles commands ['autopart', 'bootloader', 'btrfs', 'clearpart', 'fcoe', 'ignoredisk', 'iscsi', 'iscsiname', 'logvol', 'mount', 'nvdimm', 'part', 'partition', 'raid', 'reqpart', 'snapshot', 'volgroup', 'zerombr', 'zfcp', 'zipl'] sections [] addons [].
Aug 17 18:58:29 fedora dbus-daemon[3118]: DEBUG:anaconda.modules.common.base.base:Reading kickstart...
Aug 17 18:58:29 fedora dbus-daemon[3118]: INFO:program:Running... udevadm settle --timeout=300
Aug 17 18:58:29 fedora dbus-daemon[3118]: DEBUG:program:Return code: 0
Aug 17 18:58:29 fedora dbus-daemon[3118]: DEBUG:testdata:sysfs attr /sys/class/block/sr0/device/model: 51454d55204456442d524f4d202020200a
Aug 17 18:58:29 fedora dbus-daemon[3118]: INFO:program:Running... udevadm settle --timeout=300
Aug 17 18:58:29 fedora dbus-daemon[3118]: DEBUG:program:Return code: 0
Aug 17 18:58:29 fedora dbus-daemon[3118]: DEBUG:testdata:sysfs attr /sys/class/block/sr0/device/model: 51454d55204456442d524f4d202020200a
Aug 17 18:58:29 fedora dbus-daemon[3118]: INFO:program:Running... udevadm settle --timeout=300
Aug 17 18:58:29 fedora dbus-daemon[3118]: DEBUG:program:Return code: 0
Aug 17 18:58:29 fedora dbus-daemon[3118]: DEBUG:testdata:sysfs attr /sys/class/block/sr0/device/model: 51454d55204456442d524f4d202020200a
Aug 17 18:58:29 fedora dbus-daemon[3118]: DEBUG:anaconda.core.storage:vda matches ['vda'] for devicetree=None and disks_only=True
Aug 17 18:58:29 fedora dbus-daemon[3118]: INFO:program:Running... udevadm settle --timeout=300
Aug 17 18:58:29 fedora dbus-daemon[3118]: DEBUG:program:Return code: 0
Aug 17 18:58:29 fedora dbus-daemon[3118]: DEBUG:testdata:sysfs attr /sys/class/block/sr0/device/model: 51454d55204456442d524f4d202020200a
Aug 17 18:58:29 fedora dbus-daemon[3118]: INFO:program:Running... udevadm settle --timeout=300
Aug 17 18:58:29 fedora dbus-daemon[3118]: DEBUG:program:Return code: 0
Aug 17 18:58:29 fedora dbus-daemon[3118]: DEBUG:testdata:sysfs attr /sys/class/block/sr0/device/model: 51454d55204456442d524f4d202020200a
Aug 17 18:58:29 fedora dbus-daemon[3118]: DEBUG:anaconda.core.storage:vda matches ['vda'] for devicetree=None and disks_only=True
Aug 17 18:58:29 fedora dbus-daemon[3118]: DEBUG:anaconda.modules.storage.disk_initialization.initialization:Can format unrecognized is set to 'False'.
Aug 17 18:58:29 fedora dbus-daemon[3118]: DEBUG:anaconda.modules.storage.disk_initialization.initialization:Default disk label is set to ''.
Aug 17 18:58:29 fedora dbus-daemon[3118]: DEBUG:anaconda.modules.storage.disk_initialization.initialization:Can initialize labels is set to 'True'.
Aug 17 18:58:29 fedora dbus-daemon[3118]: DEBUG:anaconda.modules.storage.disk_initialization.initialization:Can format LDL is set to 'False'.
Aug 17 18:58:29 fedora dbus-daemon[3118]: DEBUG:anaconda.modules.storage.disk_initialization.initialization:The initialization mode is set to 'InitializationMode.CLEAR_ALL'.
Aug 17 18:58:29 fedora dbus-daemon[3118]: DEBUG:anaconda.modules.storage.disk_initialization.initialization:Devices to clear are set to '[]'.
Aug 17 18:58:29 fedora dbus-daemon[3118]: DEBUG:anaconda.modules.storage.disk_initialization.initialization:Drives to clear are set to '['vda']'.
Aug 17 18:58:29 fedora dbus-daemon[3118]: DEBUG:anaconda.modules.storage.disk_selection.selection:Selected disks are set to '['vda']'.
Aug 17 18:58:29 fedora dbus-daemon[3118]: DEBUG:anaconda.modules.storage.disk_selection.selection:Exclusive disks are set to '['vda']'.
Aug 17 18:58:29 fedora dbus-daemon[3118]: DEBUG:anaconda.modules.storage.disk_selection.selection:Ignored disks are set to '[]'.
Aug 17 18:58:29 fedora dbus-daemon[3118]: DEBUG:anaconda.modules.storage.bootloader.bootloader:Bootloader mode is set to 'BootloaderMode.ENABLED'.
Aug 17 18:58:29 fedora dbus-daemon[3118]: DEBUG:anaconda.modules.storage.bootloader.bootloader:Preferred location is set to 'MBR'.
Aug 17 18:58:29 fedora dbus-daemon[3118]: DEBUG:anaconda.modules.storage.storage:Created the partitioning CUSTOM.
Aug 17 18:58:29 fedora dbus-daemon[3118]: DEBUG:anaconda.modules.common.base.base:Kickstarted is set to True.
Aug 17 18:58:29 fedora dbus-daemon[3118]: DEBUG:dasbus.connection:Publishing an object at /org/fedoraproject/Anaconda/Modules/Storage/Partitioning/1.
Aug 17 18:58:29 fedora dbus-daemon[1453]: INFO:anaconda.modules.boss.kickstart_manager.kickstart_manager:org.fedoraproject.Anaconda.Modules.Localization handles commands ['keyboard', 'lang'] sections [] addons [].
Aug 17 18:58:29 fedora dbus-daemon[3106]: DEBUG:anaconda.modules.common.base.base:Reading kickstart...
Aug 17 18:58:29 fedora dbus-daemon[3106]: DEBUG:anaconda.modules.localization.localization:Language is set to en_GB.UTF-8.
Aug 17 18:58:29 fedora dbus-daemon[3106]: DEBUG:anaconda.modules.localization.localization:Language support is set to [].
Aug 17 18:58:29 fedora dbus-daemon[3106]: DEBUG:anaconda.modules.localization.localization:Language seen set to True.
Aug 17 18:58:29 fedora dbus-daemon[3106]: DEBUG:anaconda.modules.localization.localization:Virtual console keymap is set to gb.
Aug 17 18:58:29 fedora dbus-daemon[3106]: DEBUG:anaconda.modules.localization.localization:X Layouts are set to ['gb'].
Aug 17 18:58:29 fedora dbus-daemon[3106]: DEBUG:anaconda.modules.localization.localization:X layout switch options are set to [].
Aug 17 18:58:29 fedora dbus-daemon[3106]: DEBUG:anaconda.modules.localization.localization:keyboard command considered seen in kicksatart: True.
Aug 17 18:58:29 fedora dbus-daemon[3106]: DEBUG:anaconda.modules.common.base.base:Kickstarted is set to True.
Aug 17 18:58:29 fedora dbus-daemon[1453]: INFO:anaconda.modules.boss.kickstart_manager.kickstart_manager:org.fedoraproject.Anaconda.Modules.Timezone handles commands ['timezone', 'timesource'] sections [] addons [].
Aug 17 18:58:29 fedora dbus-daemon[3112]: DEBUG:anaconda.modules.common.base.base:Reading kickstart...
Aug 17 18:58:29 fedora dbus-daemon[3112]: DEBUG:anaconda.modules.timezone.timezone:Timezone is set to Europe/London.
Aug 17 18:58:29 fedora dbus-daemon[3112]: DEBUG:anaconda.modules.timezone.timezone:UTC is set to True.
Aug 17 18:58:29 fedora dbus-daemon[3112]: DEBUG:anaconda.modules.timezone.timezone:Time sources are set to: []
Aug 17 18:58:29 fedora dbus-daemon[3112]: DEBUG:anaconda.modules.common.base.base:Kickstarted is set to True.
Aug 17 18:58:29 fedora dbus-daemon[1453]: INFO:anaconda.modules.boss.kickstart_manager.kickstart_manager:org.fedoraproject.Anaconda.Modules.Network handles commands ['network', 'firewall'] sections [] addons [].
Aug 17 18:58:29 fedora dbus-daemon[3116]: DEBUG:anaconda.modules.common.base.base:Reading kickstart...
Aug 17 18:58:29 fedora dbus-daemon[3116]: DEBUG:anaconda.modules.network.network:Hostname is set to warren
Aug 17 18:58:29 fedora dbus-daemon[3116]: DEBUG:anaconda.modules.network.firewall.firewall:Firewall command considered seen in kickstart: True.
Aug 17 18:58:29 fedora dbus-daemon[3116]: DEBUG:anaconda.modules.network.firewall.firewall:Firewall mode will be: FirewallMode.ENABLED
Aug 17 18:58:29 fedora dbus-daemon[3116]: DEBUG:anaconda.modules.network.firewall.firewall:Ports that will be allowed through the firewall: []
Aug 17 18:58:29 fedora dbus-daemon[3116]: DEBUG:anaconda.modules.network.firewall.firewall:Trusted devices that will be allowed through the firewall: []
Aug 17 18:58:29 fedora dbus-daemon[3116]: DEBUG:anaconda.modules.network.firewall.firewall:Services that will be allowed through the firewall: []
Aug 17 18:58:29 fedora dbus-daemon[3116]: DEBUG:anaconda.modules.network.firewall.firewall:Services that will be explicitly disabled on the firewall: []
Aug 17 18:58:29 fedora dbus-daemon[3116]: DEBUG:anaconda.modules.common.base.base:Kickstarted is set to True.
Aug 17 18:58:29 fedora dbus-daemon[3118]: DEBUG:anaconda.storage:Creating a copy of the storage model.
Aug 17 18:58:29 fedora dbus-daemon[3118]: DEBUG:blivet:starting Blivet copy
Aug 17 18:58:29 fedora dbus-daemon[3118]: DEBUG:blivet:finished Blivet copy
Aug 17 18:58:29 fedora dbus-daemon[3118]: DEBUG:anaconda.storage:Finished a copy of the storage model.
Aug 17 18:58:29 fedora dbus-daemon[3118]: DEBUG:dasbus.connection:Publishing an object at /org/fedoraproject/Anaconda/Modules/Storage/Task/1.
Aug 17 18:58:29 fedora dbus-daemon[3118]: INFO:anaconda.core.threads:Running Thread: AnaTaskThread-ScanDevicesTask-1 (140138752816832)
Aug 17 18:58:29 fedora dbus-daemon[3118]: INFO:anaconda.modules.common.task.task:Scan all devices
Aug 17 18:58:29 fedora dbus-daemon[3118]: INFO:program:Running... systemctl start iscsi-init.service
Aug 17 18:58:29 fedora systemd[1]: iscsi-init.service - One time configuration for iscsi.service skipped, unmet condition check ConditionPathExists=!/etc/iscsi/initiatorname.iscsi
Aug 17 18:58:29 fedora dbus-daemon[3118]: DEBUG:program:Return code: 0
Aug 17 18:58:29 fedora dbus-daemon[3118]: INFO:blivet:no initiator set
Aug 17 18:58:29 fedora dbus-daemon[3118]: INFO:blivet:resetting Blivet (version 3.14.1) instance <pyanaconda.modules.storage.devicetree.model.InstallerStorage object at 0x7f7498960a50>
Aug 17 18:58:29 fedora dbus-daemon[3118]: DEBUG:blivet:lvm filter: clearing the lvm devices list
Aug 17 18:58:29 fedora dbus-daemon[3118]: INFO:blivet:DeviceTree.populate: ignored_disks is [] ; exclusive_disks is ['vda']
Aug 17 18:58:29 fedora dbus-daemon[3118]: WARNING:blivet:Failed to call the update_volume_info method: libstoragemgmt functionality not available
Aug 17 18:58:29 fedora dbus-daemon[3118]: INFO:program:Running [2] multipath --version ...
Aug 17 18:58:29 fedora dbus-daemon[3118]: INFO:program:stdout[2]:
Aug 17 18:58:29 fedora dbus-daemon[3118]: INFO:program:stderr[2]: 41.196680 | /etc/multipath.conf does not exist, blacklisting all devices.
Aug 17 18:58:29 fedora dbus-daemon[3118]: 41.196718 | You can run "/sbin/mpathconf --enable" to create
Aug 17 18:58:29 fedora dbus-daemon[3118]: 41.196719 | /etc/multipath.conf. See man mpathconf(8) for more details
Aug 17 18:58:29 fedora dbus-daemon[3118]: Unknown switch: (null)
Aug 17 18:58:29 fedora dbus-daemon[3118]: multipath-tools v0.13.1 (01/20, 2026)
Aug 17 18:58:29 fedora dbus-daemon[3118]: Usage:
Aug 17 18:58:29 fedora dbus-daemon[3118]:   multipath [-v level] [-B|-d|-i|-q|-r] [-b file] [-p policy] [device]
Aug 17 18:58:29 fedora dbus-daemon[3118]:   multipath [-v level] [-R retries] -f device
Aug 17 18:58:29 fedora dbus-daemon[3118]:   multipath [-v level] [-R retries] -F
Aug 17 18:58:29 fedora dbus-daemon[3118]:   multipath [-v level] [-l|-ll] [device]
Aug 17 18:58:29 fedora dbus-daemon[3118]:   multipath [-v level] [-a|-w] device
Aug 17 18:58:29 fedora dbus-daemon[3118]:   multipath [-v level] [-A|-W]
Aug 17 18:58:29 fedora dbus-daemon[3118]:   multipath [-v level] [-i] [-c|-C] device
Aug 17 18:58:29 fedora dbus-daemon[3118]:   multipath [-v level] [-i] [-u|-U]
Aug 17 18:58:29 fedora dbus-daemon[3118]:   multipath [-h|-t|-T]
Aug 17 18:58:29 fedora dbus-daemon[3118]: Where:
Aug 17 18:58:29 fedora dbus-daemon[3118]:   -h      print this usage text
Aug 17 18:58:29 fedora dbus-daemon[3118]:   -l      show multipath topology (sysfs and DM info)
Aug 17 18:58:29 fedora dbus-daemon[3118]:   -ll     show multipath topology (maximum info)
Aug 17 18:58:29 fedora dbus-daemon[3118]:   -e      enable foreign libraries with -l/-ll
Aug 17 18:58:29 fedora dbus-daemon[3118]:   -f      flush a multipath device map
Aug 17 18:58:29 fedora dbus-daemon[3118]:   -F      flush all multipath device maps
Aug 17 18:58:29 fedora dbus-daemon[3118]:   -a      add a device wwid to the wwids file
Aug 17 18:58:29 fedora dbus-daemon[3118]:   -A      add devices from kernel command line mpath.wwids
Aug 17 18:58:29 fedora dbus-daemon[3118]:           parameters to wwids file
Aug 17 18:58:29 fedora dbus-daemon[3118]:   -c      check if a device should be a path in a multipath device
Aug 17 18:58:29 fedora dbus-daemon[3118]:   -C      check if a multipath device has usable paths
Aug 17 18:58:29 fedora dbus-daemon[3118]:   -q      allow queue_if_no_path when multipathd is not running
Aug 17 18:58:29 fedora dbus-daemon[3118]:   -d      dry run, do not create or update devmaps
Aug 17 18:58:29 fedora dbus-daemon[3118]:   -t      display the currently used multipathd configuration
Aug 17 18:58:29 fedora dbus-daemon[3118]:   -T      display the multipathd configuration without builtin defaults
Aug 17 18:58:29 fedora dbus-daemon[3118]:   -r      force devmap reload
Aug 17 18:58:29 fedora dbus-daemon[3118]:   -i      ignore wwids file
Aug 17 18:58:29 fedora dbus-daemon[3118]:   -B      treat the bindings file as read only
Aug 17 18:58:29 fedora dbus-daemon[3118]:   -b fil  bindings file location
Aug 17 18:58:29 fedora dbus-daemon[3118]:   -w      remove a device from the wwids file
Aug 17 18:58:29 fedora dbus-daemon[3118]:   -W      reset the wwids file include only the current devices
Aug 17 18:58:29 fedora dbus-daemon[3118]:   -R num  number of times to retry removes of in-use devices
Aug 17 18:58:29 fedora dbus-daemon[3118]:   -u      check if the device specified in the program environment should be a
Aug 17 18:58:29 fedora dbus-daemon[3118]:           path in a multipath device
Aug 17 18:58:29 fedora dbus-daemon[3118]:   -U      check if the device specified in the program environment is a
Aug 17 18:58:29 fedora dbus-daemon[3118]:           multipath device with usable paths, see -C flag
Aug 17 18:58:29 fedora dbus-daemon[3118]:   -p pol  force all maps to specified path grouping policy:
Aug 17 18:58:29 fedora dbus-daemon[3118]:           . failover            one path per priority group
Aug 17 18:58:29 fedora dbus-daemon[3118]:           . multibus            all paths in one priority group
Aug 17 18:58:29 fedora dbus-daemon[3118]:           . group_by_serial     one priority group per serial
Aug 17 18:58:29 fedora dbus-daemon[3118]:           . group_by_prio       one priority group per priority lvl
Aug 17 18:58:29 fedora dbus-daemon[3118]:           . group_by_node_name  one priority group per target node
Aug 17 18:58:29 fedora dbus-daemon[3118]:           . group_by_tpg        one priority group per ALUA target port group
Aug 17 18:58:29 fedora dbus-daemon[3118]:   -v lvl  verbosity level:
Aug 17 18:58:29 fedora dbus-daemon[3118]:           . 0 no output
Aug 17 18:58:29 fedora dbus-daemon[3118]:           . 1 print created devmap names only
Aug 17 18:58:29 fedora dbus-daemon[3118]:           . 2 default verbosity
Aug 17 18:58:29 fedora dbus-daemon[3118]:           . 3 print debug information
Aug 17 18:58:29 fedora dbus-daemon[3118]:   device  action limited to:
Aug 17 18:58:29 fedora dbus-daemon[3118]:           . multipath named 'device' (ex: mpath0)
Aug 17 18:58:29 fedora dbus-daemon[3118]:           . multipath whose wwid is 'device' (ex: 60051...)
Aug 17 18:58:29 fedora dbus-daemon[3118]:           . multipath including the path named 'device' (ex: /dev/sda or
Aug 17 18:58:29 fedora dbus-daemon[3118]:             /dev/dm-0)
Aug 17 18:58:29 fedora dbus-daemon[3118]:           . multipath including the path with maj:min 'device' (ex: 8:0)
Aug 17 18:58:29 fedora dbus-daemon[3118]: INFO:program:...done [2] (exit code: 1)
Aug 17 18:58:29 fedora dbus-daemon[3118]: INFO:program:Running [3] mpathconf --find_multipaths y --user_friendly_names y --with_multipathd y ...
Aug 17 18:58:29 fedora dbus-daemon[3118]: INFO:program:stdout[3]:
Aug 17 18:58:29 fedora dbus-daemon[3118]: INFO:program:stderr[3]:
Aug 17 18:58:29 fedora dbus-daemon[3118]: INFO:program:...done [3] (exit code: 0)
Aug 17 18:58:29 fedora dbus-daemon[3118]: INFO:program:Running... udevadm settle --timeout=300
Aug 17 18:58:29 fedora dbus-daemon[3118]: DEBUG:program:Return code: 0
Aug 17 18:58:29 fedora dbus-daemon[3118]: DEBUG:testdata:sysfs attr /sys/class/block/sr0/device/model: 51454d55204456442d524f4d202020200a
Aug 17 18:58:29 fedora dbus-daemon[3118]: INFO:blivet:devices to scan: ['vda', 'sr0', 'loop0']
Aug 17 18:58:29 fedora dbus-daemon[3118]: DEBUG:blivet:                  DeviceTree.handle_device: name: vda ; info: {'CURRENT_TAGS': ':systemd:',
Aug 17 18:58:29 fedora dbus-daemon[3118]:  'DEVLINKS': '/dev/disk/by-diskseq/1 /dev/disk/by-path/pci-0000:00:04.0 '
Aug 17 18:58:29 fedora dbus-daemon[3118]:              '/dev/disk/by-path/virtio-pci-0000:00:04.0',
Aug 17 18:58:29 fedora dbus-daemon[3118]:  'DEVNAME': '/dev/vda',
Aug 17 18:58:29 fedora dbus-daemon[3118]:  'DEVPATH': '/devices/pci0000:00/0000:00:04.0/virtio3/block/vda',
Aug 17 18:58:29 fedora dbus-daemon[3118]:  'DEVTYPE': 'disk',
Aug 17 18:58:29 fedora dbus-daemon[3118]:  'DISKSEQ': '1',
Aug 17 18:58:29 fedora dbus-daemon[3118]:  'ID_PATH': 'pci-0000:00:04.0',
Aug 17 18:58:29 fedora dbus-daemon[3118]:  'ID_PATH_TAG': 'pci-0000_00_04_0',
Aug 17 18:58:29 fedora dbus-daemon[3118]:  'MAJOR': '253',
Aug 17 18:58:29 fedora dbus-daemon[3118]:  'MINOR': '0',
Aug 17 18:58:29 fedora dbus-daemon[3118]:  'NVME_HOST_IFACE': 'none',
Aug 17 18:58:29 fedora dbus-daemon[3118]:  'SUBSYSTEM': 'block',
Aug 17 18:58:29 fedora dbus-daemon[3118]:  'SYS_NAME': 'vda',
Aug 17 18:58:29 fedora dbus-daemon[3118]:  'SYS_PATH': '/sys/devices/pci0000:00/0000:00:04.0/virtio3/block/vda',
Aug 17 18:58:29 fedora dbus-daemon[3118]:  'TAGS': ':systemd:',
Aug 17 18:58:29 fedora dbus-daemon[3118]:  'USEC_INITIALIZED': '6629817'} ;
Aug 17 18:58:29 fedora dbus-daemon[3118]: INFO:blivet:scanning vda (/sys/devices/pci0000:00/0000:00:04.0/virtio3/block/vda)...
Aug 17 18:58:29 fedora dbus-daemon[3118]: DEBUG:testdata:sysfs attr /sys/devices/pci0000:00/0000:00:04.0/virtio3/block/vda/hidden: 300a
Aug 17 18:58:29 fedora dbus-daemon[3118]: DEBUG:blivet:                    DeviceTree.get_device_by_name: name: vda ; incomplete: False ; hidden: False ;
Aug 17 18:58:29 fedora dbus-daemon[3118]: DEBUG:blivet:                    DeviceTree.get_device_by_name returned None
Aug 17 18:58:29 fedora dbus-daemon[3118]: INFO:program:Running [4] mdadm --version ...
Aug 17 18:58:29 fedora dbus-daemon[3118]: INFO:program:stdout[4]:
Aug 17 18:58:29 fedora dbus-daemon[3118]: INFO:program:stderr[4]: mdadm - v4.3 - 2024-02-15
Aug 17 18:58:29 fedora dbus-daemon[3118]: INFO:program:...done [4] (exit code: 0)
Aug 17 18:58:29 fedora dbus-daemon[3118]: INFO:program:Running [5] dmsetup --version ...
Aug 17 18:58:29 fedora dbus-daemon[3118]: INFO:program:stdout[5]: Library version:   1.02.212 (2025-12-15)
Aug 17 18:58:29 fedora dbus-daemon[3118]: Driver version:    4.50.0
Aug 17 18:58:29 fedora dbus-daemon[3118]: INFO:program:stderr[5]:
Aug 17 18:58:29 fedora dbus-daemon[3118]: INFO:program:...done [5] (exit code: 0)
Aug 17 18:58:29 fedora dbus-daemon[3118]: DEBUG:blivet:                   DiskDevicePopulator.run: name: vda ;
Aug 17 18:58:29 fedora dbus-daemon[3118]: DEBUG:testdata:sysfs attr /sys/devices/pci0000:00/0000:00:04.0/virtio3/block/vda/device/vendor: 3078316166340a
Aug 17 18:58:29 fedora dbus-daemon[3118]: WARNING:blivet:device/model is not a valid attribute
Aug 17 18:58:29 fedora dbus-daemon[3118]: INFO:blivet:vda is a disk
Aug 17 18:58:29 fedora dbus-daemon[3118]: DEBUG:blivet:get_format('None') returning DeviceFormat instance with object id 5
Aug 17 18:58:29 fedora dbus-daemon[3118]: DEBUG:blivet:get_format('None') returning DeviceFormat instance with object id 6
Aug 17 18:58:29 fedora dbus-daemon[3118]: DEBUG:blivet:                           DiskDevice._set_format: vda ; type: None ; current: None ;
Aug 17 18:58:29 fedora dbus-daemon[3118]: DEBUG:blivet:                         DiskDevice.update_sysfs_path: vda ; status: True ;
Aug 17 18:58:29 fedora dbus-daemon[3118]: DEBUG:blivet:vda sysfs_path set to /sys/devices/pci0000:00/0000:00:04.0/virtio3/block/vda
Aug 17 18:58:29 fedora dbus-daemon[3118]: DEBUG:blivet:                             DiskDevice.read_current_size: exists: True ; path: /dev/vda ; sysfs_path: /sys/devices/pci0000:00/0000:00:04.0/virtio3/block/vda ;
Aug 17 18:58:29 fedora dbus-daemon[3118]: DEBUG:testdata:sysfs attr /sys/devices/pci0000:00/0000:00:04.0/virtio3/block/vda/size: 3136373737323136300a
Aug 17 18:58:29 fedora dbus-daemon[3118]: DEBUG:blivet:updated vda size to 80 GiB (80 GiB)
Aug 17 18:58:29 fedora dbus-daemon[3118]: DEBUG:testdata:sysfs attr /sys/devices/pci0000:00/0000:00:04.0/virtio3/block/vda/queue/rotational: 310a
Aug 17 18:58:29 fedora dbus-daemon[3118]: INFO:blivet:added disk vda (id 4) to device tree
Aug 17 18:58:29 fedora dbus-daemon[3118]: INFO:blivet:got device: DiskDevice instance (0x7f7498adfb60) --
Aug 17 18:58:29 fedora dbus-daemon[3118]:   name = vda  status = True  id = 4
Aug 17 18:58:29 fedora dbus-daemon[3118]:   children = []
Aug 17 18:58:29 fedora dbus-daemon[3118]:   parents = []
Aug 17 18:58:29 fedora dbus-daemon[3118]:   uuid = None  size = 80 GiB
Aug 17 18:58:29 fedora dbus-daemon[3118]:   format = existing None
Aug 17 18:58:29 fedora dbus-daemon[3118]:   major = 253  minor = 0  exists = True  protected = False
Aug 17 18:58:29 fedora dbus-daemon[3118]:   sysfs path = /sys/devices/pci0000:00/0000:00:04.0/virtio3/block/vda
Aug 17 18:58:29 fedora dbus-daemon[3118]:   target size = 80 GiB  path = /dev/vda
Aug 17 18:58:29 fedora dbus-daemon[3118]:   format args = []  original_format = None  removable = False  wwn = None
Aug 17 18:58:29 fedora dbus-daemon[3118]: DEBUG:testdata:sysfs attr /sys/devices/pci0000:00/0000:00:04.0/virtio3/block/vda/ro: 300a
Aug 17 18:58:29 fedora dbus-daemon[3118]: DEBUG:blivet:                    DeviceTree.handle_format: name: vda ;
Aug 17 18:58:29 fedora dbus-daemon[3118]: DEBUG:blivet:no type or existing type for vda, bailing
Aug 17 18:58:29 fedora dbus-daemon[3118]: DEBUG:blivet:                  DeviceTree.handle_device: name: sr0 ; info: {'CURRENT_TAGS': ':systemd:seat:uaccess:',
Aug 17 18:58:29 fedora dbus-daemon[3118]:  'DEVLINKS': '/dev/disk/by-diskseq/3 /dev/cdrom '
Aug 17 18:58:29 fedora dbus-daemon[3118]:              '/dev/disk/by-path/pci-0000:00:1f.2-ata-3.0 '
Aug 17 18:58:29 fedora dbus-daemon[3118]:              '/dev/disk/by-uuid/2026-08-17-17-35-19-00 '
Aug 17 18:58:29 fedora dbus-daemon[3118]:              '/dev/disk/by-path/pci-0000:00:1f.2-ata-3 '
Aug 17 18:58:29 fedora dbus-daemon[3118]:              '/dev/disk/by-label/Bunny-OS-Beta '
Aug 17 18:58:29 fedora dbus-daemon[3118]:              '/dev/disk/by-id/ata-QEMU_DVD-ROM_QM00005',
Aug 17 18:58:29 fedora dbus-daemon[3118]:  'DEVNAME': '/dev/sr0',
Aug 17 18:58:29 fedora dbus-daemon[3118]:  'DEVPATH': '/devices/pci0000:00/0000:00:1f.2/ata3/host2/target2:0:0/2:0:0:0/block/sr0',
Aug 17 18:58:29 fedora dbus-daemon[3118]:  'DEVTYPE': 'disk',
Aug 17 18:58:29 fedora dbus-daemon[3118]:  'DISKSEQ': '3',
Aug 17 18:58:29 fedora dbus-daemon[3118]:  'ID_ATA': '1',
Aug 17 18:58:29 fedora dbus-daemon[3118]:  'ID_ATA_PERIPHERAL_DEVICE_TYPE': '5',
Aug 17 18:58:29 fedora dbus-daemon[3118]:  'ID_ATA_SATA': '1',
Aug 17 18:58:29 fedora dbus-daemon[3118]:  'ID_BUS': 'ata',
Aug 17 18:58:29 fedora dbus-daemon[3118]:  'ID_CDROM': '1',
Aug 17 18:58:29 fedora dbus-daemon[3118]:  'ID_CDROM_DVD': '1',
Aug 17 18:58:29 fedora dbus-daemon[3118]:  'ID_CDROM_MEDIA': '1',
Aug 17 18:58:29 fedora dbus-daemon[3118]:  'ID_CDROM_MEDIA_DVD': '1',
Aug 17 18:58:29 fedora dbus-daemon[3118]:  'ID_CDROM_MEDIA_SESSION_COUNT': '1',
Aug 17 18:58:29 fedora dbus-daemon[3118]:  'ID_CDROM_MEDIA_STATE': 'complete',
Aug 17 18:58:29 fedora dbus-daemon[3118]:  'ID_CDROM_MEDIA_TRACK_COUNT': '1',
Aug 17 18:58:29 fedora dbus-daemon[3118]:  'ID_CDROM_MEDIA_TRACK_COUNT_DATA': '1',
Aug 17 18:58:29 fedora dbus-daemon[3118]:  'ID_FOR_SEAT': 'block-pci-0000_00_1f_2-ata-3_0',
Aug 17 18:58:29 fedora dbus-daemon[3118]:  'ID_FS_BLOCKSIZE': '2048',
Aug 17 18:58:29 fedora dbus-daemon[3118]:  'ID_FS_BOOT_SYSTEM_ID': 'EL\\x20TORITO\\x20SPECIFICATION',
Aug 17 18:58:29 fedora dbus-daemon[3118]:  'ID_FS_DATA_PREPARER_ID': 'XORRISO-1.5.8\\x202026.05.22.150001\\x2c\\x20LIBISOBURN-1.5.8\\x2c\\x20LIBISOFS-1.5.8\\x2c\\x20LIBBURN-1.5.8',
Aug 17 18:58:29 fedora dbus-daemon[3118]:  'ID_FS_LABEL': 'Bunny-OS-Beta',
Aug 17 18:58:29 fedora dbus-daemon[3118]:  'ID_FS_LABEL_ENC': 'Bunny-OS-Beta',
Aug 17 18:58:29 fedora dbus-daemon[3118]:  'ID_FS_SIZE': '6100916224',
Aug 17 18:58:29 fedora dbus-daemon[3118]:  'ID_FS_SYSTEM_ID': 'LINUX',
Aug 17 18:58:29 fedora dbus-daemon[3118]:  'ID_FS_TYPE': 'iso9660',
Aug 17 18:58:29 fedora dbus-daemon[3118]:  'ID_FS_USAGE': 'filesystem',
Aug 17 18:58:29 fedora dbus-daemon[3118]:  'ID_FS_UUID': '2026-08-17-17-35-19-00',
Aug 17 18:58:29 fedora dbus-daemon[3118]:  'ID_FS_UUID_ENC': '2026-08-17-17-35-19-00',
Aug 17 18:58:29 fedora dbus-daemon[3118]:  'ID_FS_VERSION': 'Joliet Extension',
Aug 17 18:58:29 fedora dbus-daemon[3118]:  'ID_MODEL': 'QEMU_DVD-ROM',
Aug 17 18:58:29 fedora dbus-daemon[3118]:  'ID_MODEL_ENC': 'QEMU\\x20DVD-ROM\\x20\\x20\\x20\\x20\\x20\\x20\\x20\\x20\\x20\\x20\\x20\\x20\\x20\\x20\\x20\\x20\\x20\\x20\\x20\\x20\\x20\\x20\\x20\\x20\\x20\\x20\\x20\\x20',
Aug 17 18:58:29 fedora dbus-daemon[3118]:  'ID_PART_TABLE_TYPE': 'PMBR',
Aug 17 18:58:29 fedora dbus-daemon[3118]:  'ID_PATH': 'pci-0000:00:1f.2-ata-3.0',
Aug 17 18:58:29 fedora dbus-daemon[3118]:  'ID_PATH_ATA_COMPAT': 'pci-0000:00:1f.2-ata-3',
Aug 17 18:58:29 fedora dbus-daemon[3118]:  'ID_PATH_TAG': 'pci-0000_00_1f_2-ata-3_0',
Aug 17 18:58:29 fedora dbus-daemon[3118]:  'ID_REVISION': '2.5+',
Aug 17 18:58:29 fedora dbus-daemon[3118]:  'ID_SCSI': '1',
Aug 17 18:58:29 fedora dbus-daemon[3118]:  'ID_SCSI_INQUIRY': '1',
Aug 17 18:58:29 fedora dbus-daemon[3118]:  'ID_SERIAL': 'QEMU_DVD-ROM_QM00005',
Aug 17 18:58:29 fedora dbus-daemon[3118]:  'ID_SERIAL_SHORT': 'QM00005',
Aug 17 18:58:29 fedora dbus-daemon[3118]:  'ID_TYPE': 'cd',
Aug 17 18:58:29 fedora dbus-daemon[3118]:  'ID_VENDOR': 'QEMU',
Aug 17 18:58:29 fedora dbus-daemon[3118]:  'ID_VENDOR_ENC': 'QEMU\\x20\\x20\\x20\\x20',
Aug 17 18:58:29 fedora dbus-daemon[3118]:  'MAJOR': '11',
Aug 17 18:58:29 fedora dbus-daemon[3118]:  'MINOR': '0',
Aug 17 18:58:29 fedora dbus-daemon[3118]:  'NVME_HOST_IFACE': 'none',
Aug 17 18:58:29 fedora dbus-daemon[3118]:  'SCSI_MODEL': 'QEMU_DVD-ROM',
Aug 17 18:58:29 fedora dbus-daemon[3118]:  'SCSI_MODEL_ENC': 'QEMU\\x20DVD-ROM\\x20\\x20\\x20\\x20',
Aug 17 18:58:29 fedora dbus-daemon[3118]:  'SCSI_REVISION': '2.5+',
Aug 17 18:58:29 fedora dbus-daemon[3118]:  'SCSI_TPGS': '0',
Aug 17 18:58:29 fedora dbus-daemon[3118]:  'SCSI_TYPE': 'cd/dvd',
Aug 17 18:58:29 fedora dbus-daemon[3118]:  'SCSI_VENDOR': 'QEMU',
Aug 17 18:58:29 fedora dbus-daemon[3118]:  'SCSI_VENDOR_ENC': 'QEMU\\x20\\x20\\x20\\x20',
Aug 17 18:58:29 fedora dbus-daemon[3118]:  'SUBSYSTEM': 'block',
Aug 17 18:58:29 fedora dbus-daemon[3118]:  'SYSTEMD_MOUNT_DEVICE_BOUND': '1',
Aug 17 18:58:29 fedora dbus-daemon[3118]:  'SYS_NAME': 'sr0',
Aug 17 18:58:29 fedora dbus-daemon[3118]:  'SYS_PATH': '/sys/devices/pci0000:00/0000:00:1f.2/ata3/host2/target2:0:0/2:0:0:0/block/sr0',
Aug 17 18:58:29 fedora dbus-daemon[3118]:  'TAGS': ':systemd:seat:uaccess:',
Aug 17 18:58:29 fedora dbus-daemon[3118]:  'USEC_INITIALIZED': '6630085'} ;
Aug 17 18:58:29 fedora dbus-daemon[3118]: INFO:blivet:scanning sr0 (/sys/devices/pci0000:00/0000:00:1f.2/ata3/host2/target2:0:0/2:0:0:0/block/sr0)...
Aug 17 18:58:29 fedora dbus-daemon[3118]: DEBUG:testdata:sysfs attr /sys/devices/pci0000:00/0000:00:1f.2/ata3/host2/target2:0:0/2:0:0:0/block/sr0/hidden: 300a
Aug 17 18:58:29 fedora dbus-daemon[3118]: DEBUG:blivet:                    DeviceTree.get_device_by_name: name: sr0 ; incomplete: False ; hidden: False ;
Aug 17 18:58:29 fedora dbus-daemon[3118]: DEBUG:blivet:                    DeviceTree.get_device_by_name returned None
Aug 17 18:58:29 fedora dbus-daemon[3118]: DEBUG:blivet:                   OpticalDevicePopulator.run:
Aug 17 18:58:29 fedora dbus-daemon[3118]: DEBUG:blivet:get_format('None') returning DeviceFormat instance with object id 10
Aug 17 18:58:29 fedora dbus-daemon[3118]: DEBUG:blivet:get_format('None') returning DeviceFormat instance with object id 11
Aug 17 18:58:29 fedora dbus-daemon[3118]: DEBUG:blivet:                           OpticalDevice._set_format: sr0 ; type: None ; current: None ;
Aug 17 18:58:29 fedora dbus-daemon[3118]: DEBUG:blivet:                         OpticalDevice.update_sysfs_path: sr0 ; status: True ;
Aug 17 18:58:29 fedora dbus-daemon[3118]: DEBUG:blivet:sr0 sysfs_path set to /sys/devices/pci0000:00/0000:00:1f.2/ata3/host2/target2:0:0/2:0:0:0/block/sr0
Aug 17 18:58:29 fedora dbus-daemon[3118]: DEBUG:blivet:                             OpticalDevice.read_current_size: exists: True ; path: /dev/sr0 ; sysfs_path: /sys/devices/pci0000:00/0000:00:1f.2/ata3/host2/target2:0:0/2:0:0:0/block/sr0 ;
Aug 17 18:58:29 fedora dbus-daemon[3118]: DEBUG:testdata:sysfs attr /sys/devices/pci0000:00/0000:00:1f.2/ata3/host2/target2:0:0/2:0:0:0/block/sr0/size: 31313931353835320a
Aug 17 18:58:29 fedora dbus-daemon[3118]: DEBUG:blivet:updated sr0 size to 5.68 GiB (5.68 GiB)
Aug 17 18:58:29 fedora dbus-daemon[3118]: INFO:blivet:added cdrom sr0 (id 9) to device tree
Aug 17 18:58:29 fedora dbus-daemon[3118]: INFO:blivet:got device: OpticalDevice instance (0x7f7498adfcb0) --
Aug 17 18:58:29 fedora dbus-daemon[3118]:   name = sr0  status = True  id = 9
Aug 17 18:58:29 fedora dbus-daemon[3118]:   children = []
Aug 17 18:58:29 fedora dbus-daemon[3118]:   parents = []
Aug 17 18:58:29 fedora dbus-daemon[3118]:   uuid = None  size = 5.68 GiB
Aug 17 18:58:29 fedora dbus-daemon[3118]:   format = existing None
Aug 17 18:58:29 fedora dbus-daemon[3118]:   major = 11  minor = 0  exists = True  protected = False
Aug 17 18:58:29 fedora dbus-daemon[3118]:   sysfs path = /sys/devices/pci0000:00/0000:00:1f.2/ata3/host2/target2:0:0/2:0:0:0/block/sr0
Aug 17 18:58:29 fedora dbus-daemon[3118]:   target size = 5.68 GiB  path = /dev/sr0
Aug 17 18:58:29 fedora dbus-daemon[3118]:   format args = []  original_format = None
Aug 17 18:58:29 fedora dbus-daemon[3118]: DEBUG:blivet:                    DeviceTree.handle_format: name: sr0 ;
Aug 17 18:58:29 fedora dbus-daemon[3118]: DEBUG:blivet:                      OpticalDevice.media_present: sr0 ; status: True ;
Aug 17 18:58:29 fedora dbus-daemon[3118]: DEBUG:blivet:                                EFIFS.supported: supported: True ;
Aug 17 18:58:29 fedora dbus-daemon[3118]: INFO:program:[libmkod] custom logging function 0x7f749ce75930 registered
Aug 17 18:58:29 fedora dbus-daemon[3118]: INFO:program:[libmkod] context 0x7f7490039d10 released
Aug 17 18:58:29 fedora dbus-daemon[3118]: DEBUG:blivet:get_format('efi') returning EFIFS instance with object id 13
Aug 17 18:58:29 fedora dbus-daemon[3118]: DEBUG:blivet:                                  MacEFIFS.supported: supported: True ;
Aug 17 18:58:29 fedora dbus-daemon[3118]: DEBUG:blivet:get_format('macefi') returning MacEFIFS instance with object id 14
Aug 17 18:58:29 fedora dbus-daemon[3118]: DEBUG:blivet:                                   MacEFIFS.supported: supported: True ;
Aug 17 18:58:29 fedora dbus-daemon[3118]: DEBUG:blivet:get_format('macefi') returning MacEFIFS instance with object id 15
Aug 17 18:58:29 fedora dbus-daemon[3118]: INFO:blivet:type detected on 'sr0' is 'iso9660'
Aug 17 18:58:29 fedora dbus-daemon[3118]: DEBUG:blivet:                          Iso9660FS.supported: supported: True ;
Aug 17 18:58:29 fedora dbus-daemon[3118]: DEBUG:blivet:get_format('iso9660') returning Iso9660FS instance with object id 16
Aug 17 18:58:29 fedora dbus-daemon[3118]: DEBUG:blivet:                         OpticalDevice._set_format: sr0 ; type: iso9660 ; current: None ;
Aug 17 18:58:29 fedora dbus-daemon[3118]: INFO:blivet:got format: existing iso9660 filesystem
Aug 17 18:58:29 fedora dbus-daemon[3118]: DEBUG:blivet:                  DeviceTree.handle_device: name: loop0 ; info: {'CURRENT_TAGS': ':systemd:',
Aug 17 18:58:29 fedora dbus-daemon[3118]:  'DEVLINKS': '/dev/disk/by-loop-ref/\\x2frun\\x2finitramfs\\x2flive\\x2fLiveOS\\x2fsquashfs.img '
Aug 17 18:58:29 fedora dbus-daemon[3118]:              '/dev/disk/by-diskseq/5 /dev/disk/by-loop-inode/11:0-4102',
Aug 17 18:58:29 fedora dbus-daemon[3118]:  'DEVNAME': '/dev/loop0',
Aug 17 18:58:29 fedora dbus-daemon[3118]:  'DEVPATH': '/devices/virtual/block/loop0',
Aug 17 18:58:29 fedora dbus-daemon[3118]:  'DEVTYPE': 'disk',
Aug 17 18:58:29 fedora dbus-daemon[3118]:  'DISKSEQ': '5',
Aug 17 18:58:29 fedora dbus-daemon[3118]:  'ID_BLOCK_SUBSYSTEM': 'loop',
Aug 17 18:58:29 fedora dbus-daemon[3118]:  'ID_FS_BLOCKSIZE': '131072',
Aug 17 18:58:29 fedora dbus-daemon[3118]:  'ID_FS_SIZE': '5744736620',
Aug 17 18:58:29 fedora dbus-daemon[3118]:  'ID_FS_TYPE': 'squashfs',
Aug 17 18:58:29 fedora dbus-daemon[3118]:  'ID_FS_USAGE': 'filesystem',
Aug 17 18:58:29 fedora dbus-daemon[3118]:  'ID_FS_VERSION': '4.0',
Aug 17 18:58:29 fedora dbus-daemon[3118]:  'ID_LOOP_BACKING_DEVICE': '11:0',
Aug 17 18:58:29 fedora dbus-daemon[3118]:  'ID_LOOP_BACKING_FILENAME': '/run/initramfs/live/LiveOS/squashfs.img',
Aug 17 18:58:29 fedora dbus-daemon[3118]:  'ID_LOOP_BACKING_FILENAME_ENC': '\\x2frun\\x2finitramfs\\x2flive\\x2fLiveOS\\x2fsquashfs.img',
Aug 17 18:58:29 fedora dbus-daemon[3118]:  'ID_LOOP_BACKING_INODE': '4102',
Aug 17 18:58:29 fedora dbus-daemon[3118]:  'MAJOR': '7',
Aug 17 18:58:29 fedora dbus-daemon[3118]:  'MINOR': '0',
Aug 17 18:58:29 fedora dbus-daemon[3118]:  'NVME_HOST_IFACE': 'none',
Aug 17 18:58:29 fedora dbus-daemon[3118]:  'SUBSYSTEM': 'block',
Aug 17 18:58:29 fedora dbus-daemon[3118]:  'SYS_NAME': 'loop0',
Aug 17 18:58:29 fedora dbus-daemon[3118]:  'SYS_PATH': '/sys/devices/virtual/block/loop0',
Aug 17 18:58:29 fedora dbus-daemon[3118]:  'TAGS': ':systemd:',
Aug 17 18:58:29 fedora dbus-daemon[3118]:  'USEC_INITIALIZED': '6630125'} ;
Aug 17 18:58:29 fedora dbus-daemon[3118]: INFO:blivet:scanning loop0 (/sys/devices/virtual/block/loop0)...
Aug 17 18:58:29 fedora dbus-daemon[3118]: DEBUG:testdata:sysfs attr /sys/devices/virtual/block/loop0/hidden: 300a
Aug 17 18:58:29 fedora dbus-daemon[3118]: DEBUG:blivet:                    DeviceTree.get_device_by_name: name: loop0 ; incomplete: False ; hidden: False ;
Aug 17 18:58:29 fedora dbus-daemon[3118]: DEBUG:blivet:                    DeviceTree.get_device_by_name returned None
Aug 17 18:58:29 fedora dbus-daemon[3118]: DEBUG:blivet:                   LoopDevicePopulator.run: name: loop0 ;
Aug 17 18:58:29 fedora dbus-daemon[3118]: DEBUG:blivet:                     DeviceTree.get_device_by_name: name: /LiveOS/squashfs.img ; incomplete: False ; hidden: False ;
Aug 17 18:58:29 fedora dbus-daemon[3118]: DEBUG:blivet:                     DeviceTree.get_device_by_name returned None
Aug 17 18:58:29 fedora dbus-daemon[3118]: DEBUG:blivet:get_format('None') returning DeviceFormat instance with object id 19
Aug 17 18:58:29 fedora dbus-daemon[3118]: DEBUG:blivet:get_format('None') returning DeviceFormat instance with object id 20
Aug 17 18:58:29 fedora dbus-daemon[3118]: DEBUG:blivet:                           FileDevice._set_format: /LiveOS/squashfs.img ; type: None ; current: None ;
Aug 17 18:58:29 fedora dbus-daemon[3118]: INFO:blivet:added file /LiveOS/squashfs.img (id 18) to device tree
Aug 17 18:58:29 fedora dbus-daemon[3118]: DEBUG:blivet:get_format('None') returning DeviceFormat instance with object id 23
Aug 17 18:58:29 fedora dbus-daemon[3118]: DEBUG:blivet:                                FileDevice.add_child: name: /LiveOS/squashfs.img ; child: loop0 ; kids: 0 ;
Aug 17 18:58:29 fedora dbus-daemon[3118]: DEBUG:blivet:get_format('None') returning DeviceFormat instance with object id 24
Aug 17 18:58:29 fedora dbus-daemon[3118]: DEBUG:blivet:                           LoopDevice._set_format: loop0 ; type: None ; current: None ;
Aug 17 18:58:29 fedora dbus-daemon[3118]: INFO:blivet:added loop loop0 (id 22) to device tree
Aug 17 18:58:29 fedora dbus-daemon[3118]: INFO:blivet:got device: LoopDevice instance (0x7f74989f56a0) --
Aug 17 18:58:29 fedora dbus-daemon[3118]:   name = loop0  status = False  id = 22
Aug 17 18:58:29 fedora dbus-daemon[3118]:   children = []
Aug 17 18:58:29 fedora dbus-daemon[3118]:   parents = ['existing 0 B file /LiveOS/squashfs.img (18)']
Aug 17 18:58:29 fedora dbus-daemon[3118]:   uuid = None  size = 0 B
Aug 17 18:58:29 fedora dbus-daemon[3118]:   format = existing None
Aug 17 18:58:29 fedora dbus-daemon[3118]:   major = 0  minor = 0  exists = True  protected = False
Aug 17 18:58:29 fedora dbus-daemon[3118]:   sysfs path =
Aug 17 18:58:29 fedora dbus-daemon[3118]:   target size = 0 B  path = /dev/loop0
Aug 17 18:58:29 fedora dbus-daemon[3118]:   format args = []  original_format = None
Aug 17 18:58:29 fedora dbus-daemon[3118]: DEBUG:testdata:sysfs attr /sys/devices/virtual/block/loop0/ro: 310a
Aug 17 18:58:29 fedora dbus-daemon[3118]: DEBUG:blivet:                    DeviceTree.handle_format: name: loop0 ;
Aug 17 18:58:29 fedora dbus-daemon[3118]: DEBUG:blivet:                                EFIFS.supported: supported: True ;
Aug 17 18:58:29 fedora dbus-daemon[3118]: DEBUG:blivet:get_format('efi') returning EFIFS instance with object id 26
Aug 17 18:58:29 fedora dbus-daemon[3118]: DEBUG:blivet:                                  MacEFIFS.supported: supported: True ;
Aug 17 18:58:29 fedora dbus-daemon[3118]: DEBUG:blivet:get_format('macefi') returning MacEFIFS instance with object id 27
Aug 17 18:58:29 fedora dbus-daemon[3118]: DEBUG:blivet:                                   MacEFIFS.supported: supported: True ;
Aug 17 18:58:29 fedora dbus-daemon[3118]: DEBUG:blivet:get_format('macefi') returning MacEFIFS instance with object id 28
Aug 17 18:58:29 fedora dbus-daemon[3118]: INFO:blivet:type detected on 'loop0' is 'squashfs'
Aug 17 18:58:29 fedora dbus-daemon[3118]: DEBUG:blivet:get_format('squashfs') returning DeviceFormat instance with object id 29
Aug 17 18:58:29 fedora dbus-daemon[3118]: DEBUG:blivet:                         LoopDevice._set_format: loop0 ; type: None ; current: None ;
Aug 17 18:58:29 fedora dbus-daemon[3118]: INFO:blivet:got format: existing None
Aug 17 18:58:29 fedora dbus-daemon[3118]: INFO:program:Running... udevadm settle --timeout=300
Aug 17 18:58:29 fedora dbus-daemon[3118]: DEBUG:program:Return code: 0
Aug 17 18:58:29 fedora dbus-daemon[3118]: DEBUG:testdata:sysfs attr /sys/class/block/sr0/device/model: 51454d55204456442d524f4d202020200a
Aug 17 18:58:29 fedora dbus-daemon[3118]: INFO:blivet:edd: collected mbr signatures: {}
Aug 17 18:58:29 fedora dbus-daemon[3118]: DEBUG:testdata:glob: /sys/firmware/edd/int13_dev*/
Aug 17 18:58:29 fedora dbus-daemon[3118]: DEBUG:blivet:               DeviceTree.get_device_by_name: name: sr0 ; incomplete: False ; hidden: True ;
Aug 17 18:58:29 fedora dbus-daemon[3118]: DEBUG:blivet:               DeviceTree.get_device_by_name returned existing 5.68 GiB cdrom sr0 (9) with existing iso9660 filesystem
Aug 17 18:58:29 fedora dbus-daemon[3118]: DEBUG:anaconda.storage:Resolved live device to sr0.
Aug 17 18:58:29 fedora dbus-daemon[3118]: DEBUG:anaconda.storage:Marking device sr0 as protected.
Aug 17 18:58:29 fedora dbus-daemon[3118]: DEBUG:anaconda.storage:Marking ancestor sr0 of device sr0 as protected.
Aug 17 18:58:29 fedora dbus-daemon[3118]: DEBUG:anaconda.storage:Marking device sr0 as protected.
Aug 17 18:58:29 fedora dbus-daemon[3118]: DEBUG:anaconda.storage:Marking ancestor sr0 of device sr0 as protected.
Aug 17 18:58:29 fedora dbus-daemon[3118]: DEBUG:anaconda.storage:Marking device sr0 as protected.
Aug 17 18:58:29 fedora dbus-daemon[3118]: DEBUG:anaconda.storage:Marking ancestor sr0 of device sr0 as protected.
Aug 17 18:58:29 fedora dbus-daemon[3118]: DEBUG:blivet:              DiskDevice.teardown: vda ; status: True ; controllable: True ;
Aug 17 18:58:29 fedora dbus-daemon[3118]: DEBUG:blivet:                  DeviceFormat.teardown: device: /dev/vda ; type: None ; status: False ;
Aug 17 18:58:29 fedora dbus-daemon[3118]: DEBUG:blivet:                  DeviceFormat.teardown: device: /dev/vda ; type: None ; status: False ;
Aug 17 18:58:29 fedora dbus-daemon[3118]: DEBUG:anaconda.modules.storage.bootloader.base:Console is set to tty0 with options ''
Aug 17 18:58:29 fedora dbus-daemon[3118]: INFO:anaconda.modules.storage.bootloader.factory:Created the boot loader EFIGRUB.
Aug 17 18:58:29 fedora dbus-daemon[3118]: DEBUG:blivet:               DiskDevice.teardown: vda ; status: True ; controllable: True ;
Aug 17 18:58:29 fedora dbus-daemon[3118]: DEBUG:blivet:                   DeviceFormat.teardown: device: /dev/vda ; type: None ; status: False ;
Aug 17 18:58:29 fedora dbus-daemon[3118]: DEBUG:blivet:                   DeviceFormat.teardown: device: /dev/vda ; type: None ; status: False ;
Aug 17 18:58:29 fedora dbus-daemon[3118]: DEBUG:blivet:                    Iso9660FS.supported: supported: True ;
Aug 17 18:58:29 fedora dbus-daemon[3118]: INFO:anaconda.core.threads:Thread Done: AnaTaskThread-ScanDevicesTask-1 (140138752816832)
Aug 17 18:58:29 fedora dbus-daemon[3118]: DEBUG:anaconda.modules.storage.storage:The storage model has changed.
Aug 17 18:58:29 fedora dbus-daemon[3118]: DEBUG:anaconda.modules.storage.partitioning.base:Creating a new storage playground for CUSTOM with selected disks ['vda'].
Aug 17 18:58:29 fedora dbus-daemon[3118]: DEBUG:anaconda.storage:Creating a copy of the storage model.
Aug 17 18:58:29 fedora dbus-daemon[3118]: DEBUG:blivet:starting Blivet copy
Aug 17 18:58:29 fedora dbus-daemon[3118]: DEBUG:blivet:finished Blivet copy
Aug 17 18:58:29 fedora dbus-daemon[3118]: DEBUG:anaconda.storage:Finished a copy of the storage model.
Aug 17 18:58:29 fedora dbus-daemon[3118]: DEBUG:dasbus.connection:Publishing an object at /org/fedoraproject/Anaconda/Modules/Storage/Task/2.
Aug 17 18:58:29 fedora dbus-daemon[3118]: INFO:anaconda.core.threads:Running Thread: AnaTaskThread-CustomPartitioningTask-1 (140138541741760)
Aug 17 18:58:29 fedora dbus-daemon[3118]: INFO:anaconda.modules.common.task.task:Configure the partitioning
Aug 17 18:58:29 fedora dbus-daemon[3118]: DEBUG:anaconda.modules.storage.partitioning.automatic.noninteractive_partitioning:Looking at disk: vda
Aug 17 18:58:29 fedora dbus-daemon[3118]: DEBUG:blivet:            DeviceTree.get_dependent_devices: dep: existing 80 GiB disk vda (4) ; hidden: False ;
Aug 17 18:58:29 fedora dbus-daemon[3118]: DEBUG:blivet:dep is a leaf
Aug 17 18:58:29 fedora dbus-daemon[3118]: DEBUG:anaconda.modules.storage.partitioning.automatic.noninteractive_partitioning:Removing vda.
Aug 17 18:58:29 fedora dbus-daemon[3118]: DEBUG:blivet:removing vda
Aug 17 18:58:29 fedora dbus-daemon[3118]: DEBUG:blivet:               DeviceTree.get_dependent_devices: dep: existing 80 GiB disk vda (4) ; hidden: False ;
Aug 17 18:58:29 fedora dbus-daemon[3118]: DEBUG:blivet:dep is a leaf
Aug 17 18:58:29 fedora dbus-daemon[3118]: DEBUG:blivet:get_format('None') returning DeviceFormat instance with object id 44
Aug 17 18:58:29 fedora dbus-daemon[3118]: DEBUG:blivet:                     DiskDevice._set_format: vda ; type: None ; current: None ;
Aug 17 18:58:29 fedora dbus-daemon[3118]: INFO:blivet:registered action: [43] destroy format None on disk vda (id 4)
Aug 17 18:58:29 fedora dbus-daemon[3118]: DEBUG:anaconda.modules.storage.disk_initialization.configuration:Can vda be initialized?
Aug 17 18:58:29 fedora dbus-daemon[3118]: DEBUG:blivet:             DeviceTree.get_dependent_devices: dep: existing 80 GiB disk vda (4) ; hidden: False ;
Aug 17 18:58:29 fedora dbus-daemon[3118]: DEBUG:blivet:dep is a leaf
Aug 17 18:58:29 fedora dbus-daemon[3118]: DEBUG:anaconda.modules.storage.disk_initialization.configuration:The clearable disk can be initialized.
Aug 17 18:58:29 fedora dbus-daemon[3118]: DEBUG:anaconda.modules.storage.partitioning.automatic.noninteractive_partitioning:Initializing vda.
Aug 17 18:58:29 fedora dbus-daemon[3118]: DEBUG:blivet:get_format('None') returning DeviceFormat instance with object id 46
Aug 17 18:58:29 fedora dbus-daemon[3118]: DEBUG:blivet:                   DiskDevice._set_format: vda ; type: None ; current: None ;
Aug 17 18:58:29 fedora dbus-daemon[3118]: INFO:blivet:registered action: [45] destroy format None on disk vda (id 4)
Aug 17 18:58:29 fedora dbus-daemon[3118]: DEBUG:blivet:              DiskLabel.__init__: device: /dev/vda ;
Aug 17 18:58:29 fedora dbus-daemon[3118]: DEBUG:blivet:selecting None disklabel for vda based on size
Aug 17 18:58:29 fedora dbus-daemon[3118]: DEBUG:blivet:                    DiskLabel.fresh_parted_disk: device: /dev/vda ; label_type: gpt ;
Aug 17 18:58:29 fedora dbus-daemon[3118]: DEBUG:blivet:selecting None disklabel for vda based on size
Aug 17 18:58:29 fedora dbus-daemon[3118]: DEBUG:blivet:Clear pmbr_boot on parted.Disk instance --
Aug 17 18:58:29 fedora dbus-daemon[3118]:   type: gpt  primaryPartitionCount: 0
Aug 17 18:58:29 fedora dbus-daemon[3118]:   lastPartitionNumber: -1  maxPrimaryPartitionCount: 128
Aug 17 18:58:29 fedora dbus-daemon[3118]:   partitions: []
Aug 17 18:58:29 fedora dbus-daemon[3118]:   device: <parted.device.Device object at 0x7f7498098b00>
Aug 17 18:58:29 fedora dbus-daemon[3118]:   PedDisk: <_ped.Disk object at 0x7f7498086080>
Aug 17 18:58:29 fedora dbus-daemon[3118]: DEBUG:blivet:get_format('disklabel') returning DiskLabel instance with object id 47
Aug 17 18:58:29 fedora dbus-daemon[3118]: DEBUG:blivet:                   DiskDevice._set_format: vda ; type: disklabel ; current: None ;
Aug 17 18:58:29 fedora dbus-daemon[3118]: INFO:blivet:registered action: [48] create format gpt disklabel on disk vda (id 4)
Aug 17 18:58:29 fedora dbus-daemon[3118]: DEBUG:anaconda.modules.storage.bootloader.execution:Execute the bootloader with dry run True.
Aug 17 18:58:29 fedora dbus-daemon[3118]: DEBUG:anaconda.modules.storage.bootloader.base:new disk list: [DiskDevice instance (0x7f7498962490) --
Aug 17 18:58:29 fedora dbus-daemon[3118]:   name = vda  status = True  id = 4
Aug 17 18:58:29 fedora dbus-daemon[3118]:   children = []
Aug 17 18:58:29 fedora dbus-daemon[3118]:   parents = []
Aug 17 18:58:29 fedora dbus-daemon[3118]:   uuid = None  size = 80 GiB
Aug 17 18:58:29 fedora dbus-daemon[3118]:   format = non-existent gpt disklabel
Aug 17 18:58:29 fedora dbus-daemon[3118]:   major = 253  minor = 0  exists = True  protected = False
Aug 17 18:58:29 fedora dbus-daemon[3118]:   sysfs path = /sys/devices/pci0000:00/0000:00:04.0/virtio3/block/vda
Aug 17 18:58:29 fedora dbus-daemon[3118]:   target size = 80 GiB  path = /dev/vda
Aug 17 18:58:29 fedora dbus-daemon[3118]:   format args = []  original_format = None  removable = False  wwn = None]
Aug 17 18:58:29 fedora dbus-daemon[3118]: DEBUG:anaconda.modules.storage.bootloader.execution:Applying bootloader location: MBR
Aug 17 18:58:29 fedora dbus-daemon[3118]: DEBUG:anaconda.modules.storage.bootloader.execution:Applying drive order: []
Aug 17 18:58:29 fedora dbus-daemon[3118]: DEBUG:anaconda.modules.storage.bootloader.base:new disk order: []
Aug 17 18:58:29 fedora dbus-daemon[3118]: DEBUG:anaconda.modules.storage.bootloader.base:Is /LiveOS/squashfs.img a valid stage1 target device?
Aug 17 18:58:29 fedora dbus-daemon[3118]: DEBUG:anaconda.modules.storage.bootloader.base:stage1 device cannot be of type file
Aug 17 18:58:29 fedora dbus-daemon[3118]: DEBUG:anaconda.modules.storage.bootloader.base:Is loop0 a valid stage1 target device?
Aug 17 18:58:29 fedora dbus-daemon[3118]: DEBUG:anaconda.modules.storage.bootloader.base:stage1 device cannot be of type loop
Aug 17 18:58:29 fedora dbus-daemon[3118]: DEBUG:anaconda.modules.storage.bootloader.base:Is sr0 a valid stage1 target device?
Aug 17 18:58:29 fedora dbus-daemon[3118]: DEBUG:anaconda.modules.storage.bootloader.base:stage1 device cannot be of type cdrom
Aug 17 18:58:29 fedora dbus-daemon[3118]: DEBUG:anaconda.modules.storage.bootloader.base:Is vda a valid stage1 target device?
Aug 17 18:58:29 fedora dbus-daemon[3118]: DEBUG:anaconda.modules.storage.bootloader.base:stage1 device cannot be of type disk
Aug 17 18:58:29 fedora dbus-daemon[3118]: DEBUG:anaconda.modules.storage.bootloader.execution:No usable drive with a valid stage1 was found.
Aug 17 18:58:29 fedora dbus-daemon[3118]: DEBUG:anaconda.modules.storage.bootloader.execution:Use the first usable drive.
Aug 17 18:58:29 fedora dbus-daemon[3118]: DEBUG:anaconda.modules.storage.bootloader.execution:Using a boot drive: vda
Aug 17 18:58:29 fedora dbus-daemon[3118]: DEBUG:blivet:                DeviceTree.get_device_by_name: name: vda ; incomplete: False ; hidden: False ;
Aug 17 18:58:29 fedora dbus-daemon[3118]: DEBUG:blivet:                DeviceTree.get_device_by_name returned existing 80 GiB disk vda (4) with non-existent gpt disklabel
Aug 17 18:58:29 fedora dbus-daemon[3118]: DEBUG:blivet:resolved 'vda' to 'vda' (disk)
Aug 17 18:58:29 fedora dbus-daemon[3118]: DEBUG:anaconda.modules.storage.partitioning.custom.custom_partitioning:Executing the custom partitioning.
Aug 17 18:58:29 fedora dbus-daemon[3118]: DEBUG:blivet:                  EFIFS.supported: supported: True ;
Aug 17 18:58:29 fedora dbus-daemon[3118]: DEBUG:blivet:get_format('EFI System Partition') returning EFIFS instance with object id 49
Aug 17 18:58:29 fedora dbus-daemon[3118]: DEBUG:blivet:               DeviceTree.get_device_by_name: name: vda ; incomplete: False ; hidden: False ;
Aug 17 18:58:29 fedora dbus-daemon[3118]: DEBUG:blivet:               DeviceTree.get_device_by_name returned existing 80 GiB disk vda (4) with non-existent gpt disklabel
Aug 17 18:58:29 fedora dbus-daemon[3118]: DEBUG:blivet:resolved 'vda' to 'vda' (disk)
Aug 17 18:58:29 fedora dbus-daemon[3118]: DEBUG:blivet:get_format('None') returning DeviceFormat instance with object id 51
Aug 17 18:58:29 fedora dbus-daemon[3118]: DEBUG:blivet:                          DiskDevice.add_child: name: vda ; child: req0 ; kids: 0 ;
Aug 17 18:58:29 fedora dbus-daemon[3118]: DEBUG:blivet:                     PartitionDevice._set_format: req0 ; type: efi ; current: None ;
Aug 17 18:58:29 fedora dbus-daemon[3118]: DEBUG:blivet:                        DiskDevice.remove_child: name: vda ; child: req0 ; kids: 1 ;
Aug 17 18:58:29 fedora dbus-daemon[3118]: INFO:blivet:added partition req0 (id 50) to device tree
Aug 17 18:58:29 fedora dbus-daemon[3118]: INFO:blivet:registered action: [53] create device partition req0 (id 50)
Aug 17 18:58:29 fedora dbus-daemon[3118]: DEBUG:blivet:get_format('None') returning DeviceFormat instance with object id 55
Aug 17 18:58:29 fedora dbus-daemon[3118]: DEBUG:blivet:                     PartitionDevice._set_format: req0 ; type: efi ; current: efi ;
Aug 17 18:58:29 fedora dbus-daemon[3118]: INFO:blivet:registered action: [54] create format efi filesystem mounted at /boot/efi on partition req0 (id 50)
Aug 17 18:58:29 fedora dbus-daemon[3118]: DEBUG:blivet:                Ext4FS.supported: supported: True ;
Aug 17 18:58:29 fedora dbus-daemon[3118]: DEBUG:blivet:get_format('ext4') returning Ext4FS instance with object id 56
Aug 17 18:58:29 fedora dbus-daemon[3118]: DEBUG:blivet:               DeviceTree.get_device_by_name: name: vda ; incomplete: False ; hidden: False ;
Aug 17 18:58:29 fedora dbus-daemon[3118]: DEBUG:blivet:               DeviceTree.get_device_by_name returned existing 80 GiB disk vda (4) with non-existent gpt disklabel
Aug 17 18:58:29 fedora dbus-daemon[3118]: DEBUG:blivet:resolved 'vda' to 'vda' (disk)
Aug 17 18:58:29 fedora dbus-daemon[3118]: DEBUG:blivet:get_format('None') returning DeviceFormat instance with object id 58
Aug 17 18:58:29 fedora dbus-daemon[3118]: DEBUG:blivet:                          DiskDevice.add_child: name: vda ; child: req1 ; kids: 0 ;
Aug 17 18:58:29 fedora dbus-daemon[3118]: DEBUG:blivet:                     PartitionDevice._set_format: req1 ; type: ext4 ; current: None ;
Aug 17 18:58:29 fedora dbus-daemon[3118]: DEBUG:blivet:                        DiskDevice.remove_child: name: vda ; child: req1 ; kids: 1 ;
Aug 17 18:58:29 fedora dbus-daemon[3118]: INFO:blivet:added partition req1 (id 57) to device tree
Aug 17 18:58:29 fedora dbus-daemon[3118]: INFO:blivet:registered action: [60] create device partition req1 (id 57)
Aug 17 18:58:29 fedora dbus-daemon[3118]: DEBUG:blivet:get_format('None') returning DeviceFormat instance with object id 62
Aug 17 18:58:29 fedora dbus-daemon[3118]: DEBUG:blivet:                     PartitionDevice._set_format: req1 ; type: ext4 ; current: ext4 ;
Aug 17 18:58:29 fedora dbus-daemon[3118]: INFO:blivet:registered action: [61] create format ext4 filesystem mounted at /boot on partition req1 (id 57)
Aug 17 18:58:29 fedora dbus-daemon[3118]: DEBUG:blivet:                Ext4FS.supported: supported: True ;
Aug 17 18:58:29 fedora dbus-daemon[3118]: DEBUG:blivet:get_format('ext4') returning Ext4FS instance with object id 63
Aug 17 18:58:29 fedora dbus-daemon[3118]: DEBUG:blivet:               DeviceTree.get_device_by_name: name: vda ; incomplete: False ; hidden: False ;
Aug 17 18:58:29 fedora dbus-daemon[3118]: DEBUG:blivet:               DeviceTree.get_device_by_name returned existing 80 GiB disk vda (4) with non-existent gpt disklabel
Aug 17 18:58:29 fedora dbus-daemon[3118]: DEBUG:blivet:resolved 'vda' to 'vda' (disk)
Aug 17 18:58:29 fedora dbus-daemon[3118]: DEBUG:blivet:get_format('None') returning DeviceFormat instance with object id 65
Aug 17 18:58:29 fedora dbus-daemon[3118]: DEBUG:blivet:                          DiskDevice.add_child: name: vda ; child: req2 ; kids: 0 ;
Aug 17 18:58:29 fedora dbus-daemon[3118]: DEBUG:blivet:                     PartitionDevice._set_format: req2 ; type: ext4 ; current: None ;
Aug 17 18:58:29 fedora dbus-daemon[3118]: DEBUG:blivet:                        DiskDevice.remove_child: name: vda ; child: req2 ; kids: 1 ;
Aug 17 18:58:29 fedora dbus-daemon[3118]: INFO:blivet:added partition req2 (id 64) to device tree
Aug 17 18:58:29 fedora dbus-daemon[3118]: INFO:blivet:registered action: [67] create device partition req2 (id 64)
Aug 17 18:58:29 fedora dbus-daemon[3118]: DEBUG:blivet:get_format('None') returning DeviceFormat instance with object id 69
Aug 17 18:58:29 fedora dbus-daemon[3118]: DEBUG:blivet:                     PartitionDevice._set_format: req2 ; type: ext4 ; current: ext4 ;
Aug 17 18:58:29 fedora dbus-daemon[3118]: INFO:blivet:registered action: [68] create format ext4 filesystem mounted at / on partition req2 (id 64)
Aug 17 18:58:29 fedora dbus-daemon[3118]: DEBUG:anaconda.modules.storage.partitioning.automatic.utils:Using default PBKDF args.
Aug 17 18:58:29 fedora dbus-daemon[3118]: DEBUG:blivet:              LUKS.__init__: passphrase: Skipped ; cipher:  ; escrow_cert: None ; add_backup_passphrase: False ; luks_version: luks2 ; pbkdf_args: None ; opal_admin_passphrase:  ;
Aug 17 18:58:29 fedora dbus-daemon[3118]: DEBUG:blivet:get_format('luks') returning LUKS instance with object id 70
Aug 17 18:58:29 fedora dbus-daemon[3118]: DEBUG:blivet:               PartitionDevice._set_format: req2 ; type: luks ; current: ext4 ;
Aug 17 18:58:29 fedora dbus-daemon[3118]: DEBUG:blivet:get_format('None') returning DeviceFormat instance with object id 72
Aug 17 18:58:29 fedora dbus-daemon[3118]: INFO:blivet:luks3: using size 2 MiB instead of None to accommodate format minimum size
Aug 17 18:58:29 fedora dbus-daemon[3118]: DEBUG:blivet:                            PartitionDevice.add_child: name: req2 ; child: luks3 ; kids: 0 ;
Aug 17 18:58:29 fedora dbus-daemon[3118]: DEBUG:blivet:                       LUKSDevice._set_format: luks3 ; type: ext4 ; current: None ;
Aug 17 18:58:29 fedora dbus-daemon[3118]: INFO:blivet:added luks/dm-crypt luks3 (id 71) to device tree
Aug 17 18:58:29 fedora dbus-daemon[3118]: INFO:blivet:registered action: [74] create device luks/dm-crypt luks3 (id 71)
Aug 17 18:58:29 fedora dbus-daemon[3118]: DEBUG:blivet:get_format('None') returning DeviceFormat instance with object id 76
Aug 17 18:58:29 fedora dbus-daemon[3118]: DEBUG:blivet:                     LUKSDevice._set_format: luks3 ; type: ext4 ; current: ext4 ;
Aug 17 18:58:29 fedora dbus-daemon[3118]: INFO:blivet:registered action: [75] create format ext4 filesystem mounted at / on luks/dm-crypt luks3 (id 71)
Aug 17 18:58:29 fedora dbus-daemon[3118]: DEBUG:blivet:             DiskDevice.setup: vda ; orig: False ; status: True ; controllable: True ;
Aug 17 18:58:29 fedora dbus-daemon[3118]: DEBUG:blivet:removing all non-preexisting partitions ['req0(id 50)', 'req1(id 57)', 'req2(id 64)'] from disk(s) ['vda']
Aug 17 18:58:29 fedora dbus-daemon[3118]: DEBUG:blivet:allocate_partitions: disks=['vda'] ; partitions=['req0(id 50)', 'req1(id 57)', 'req2(id 64)']
Aug 17 18:58:29 fedora dbus-daemon[3118]: DEBUG:blivet:removing all non-preexisting partitions ['req0(id 50)', 'req1(id 57)', 'req2(id 64)'] from disk(s) ['vda']
Aug 17 18:58:29 fedora dbus-daemon[3118]: DEBUG:blivet:allocating partition: req0 ; id: 50 ; disks: ['vda'] ;
Aug 17 18:58:29 fedora dbus-daemon[3118]: boot: True ; primary: False ; size: 1024 MiB ; grow: False ; max_size: 0 B ; start: None ; end: None
Aug 17 18:58:29 fedora dbus-daemon[3118]: DEBUG:blivet:checking freespace on vda
Aug 17 18:58:29 fedora dbus-daemon[3118]: DEBUG:blivet:get_best_free_space_region: disk=/dev/vda part_type=0 req_size=1024 MiB boot=True best=None grow=False start=None
Aug 17 18:58:29 fedora dbus-daemon[3118]: DEBUG:blivet:checking 34-167772126 (80 GiB)
Aug 17 18:58:29 fedora dbus-daemon[3118]: DEBUG:blivet:current free range is 34-167772126 (80 GiB)
Aug 17 18:58:29 fedora dbus-daemon[3118]: DEBUG:blivet:updating use_disk to vda, type: 0
Aug 17 18:58:29 fedora dbus-daemon[3118]: DEBUG:blivet:new free: 34-167772126 / 80 GiB
Aug 17 18:58:29 fedora dbus-daemon[3118]: DEBUG:blivet:new free allows for 0 sectors of growth
Aug 17 18:58:29 fedora dbus-daemon[3118]: DEBUG:blivet:found free space for bootable request
Aug 17 18:58:29 fedora dbus-daemon[3118]: DEBUG:blivet:using alignment: parted.Alignment instance --
Aug 17 18:58:29 fedora dbus-daemon[3118]:   offset: 0  grainSize: 2048
Aug 17 18:58:29 fedora dbus-daemon[3118]:   PedAlignment: <_ped.Alignment object at 0x7f7498b152a0>
Aug 17 18:58:29 fedora dbus-daemon[3118]: DEBUG:blivet:adjusted start sector from 34 to 2048
Aug 17 18:58:29 fedora dbus-daemon[3118]: DEBUG:blivet:created partition vda1 of 1024 MiB and added it to /dev/vda
Aug 17 18:58:29 fedora dbus-daemon[3118]: DEBUG:blivet:                PartitionDevice._set_parted_partition: req0 ;
Aug 17 18:58:29 fedora dbus-daemon[3118]: DEBUG:blivet:device req0 new parted_partition parted.Partition instance --
Aug 17 18:58:29 fedora dbus-daemon[3118]:   disk: <parted.disk.Disk object at 0x7f74980c8690>  fileSystem: None
Aug 17 18:58:29 fedora dbus-daemon[3118]:   number: 1  path: /dev/vda1  type: 0
Aug 17 18:58:29 fedora dbus-daemon[3118]:   name:   active: True  busy: False
Aug 17 18:58:29 fedora dbus-daemon[3118]:   geometry: <parted.geometry.Geometry object at 0x7f7498973df0>  PedPartition: <_ped.Partition object at 0x7f748b707c40>
Aug 17 18:58:29 fedora dbus-daemon[3118]: DEBUG:blivet:                PartitionDevice._set_disk: vda1 ; old: None ; new: vda ;
Aug 17 18:58:29 fedora dbus-daemon[3118]: DEBUG:blivet:                     DiskDevice.add_child: name: vda ; child: vda1 ; kids: 0 ;
Aug 17 18:58:29 fedora dbus-daemon[3118]: DEBUG:blivet:                PartitionDevice._set_parted_partition: vda1 ;
Aug 17 18:58:29 fedora dbus-daemon[3118]: DEBUG:blivet:device vda1 new parted_partition parted.Partition instance --
Aug 17 18:58:29 fedora dbus-daemon[3118]:   disk: <parted.disk.Disk object at 0x7f74980c8690>  fileSystem: None
Aug 17 18:58:29 fedora dbus-daemon[3118]:   number: 1  path: /dev/vda1  type: 0
Aug 17 18:58:29 fedora dbus-daemon[3118]:   name:   active: True  busy: False
Aug 17 18:58:29 fedora dbus-daemon[3118]:   geometry: <parted.geometry.Geometry object at 0x7f749810c320>  PedPartition: <_ped.Partition object at 0x7f748b707bf0>
Aug 17 18:58:29 fedora dbus-daemon[3118]: DEBUG:blivet:allocating partition: req1 ; id: 57 ; disks: ['vda'] ;
Aug 17 18:58:29 fedora dbus-daemon[3118]: boot: True ; primary: False ; size: 2 GiB ; grow: False ; max_size: 0 B ; start: None ; end: None
Aug 17 18:58:29 fedora dbus-daemon[3118]: DEBUG:blivet:checking freespace on vda
Aug 17 18:58:29 fedora dbus-daemon[3118]: DEBUG:blivet:get_best_free_space_region: disk=/dev/vda part_type=0 req_size=2 GiB boot=True best=None grow=False start=None
Aug 17 18:58:29 fedora dbus-daemon[3118]: DEBUG:blivet:checking 34-2047 (1007 KiB)
Aug 17 18:58:29 fedora dbus-daemon[3118]: DEBUG:blivet:current free range is 34-2047 (1007 KiB)
Aug 17 18:58:29 fedora dbus-daemon[3118]: DEBUG:blivet:checking 2099200-167772126 (79 GiB)
Aug 17 18:58:29 fedora dbus-daemon[3118]: DEBUG:blivet:current free range is 2099200-167772126 (79 GiB)
Aug 17 18:58:29 fedora dbus-daemon[3118]: DEBUG:blivet:updating use_disk to vda, type: 0
Aug 17 18:58:29 fedora dbus-daemon[3118]: DEBUG:blivet:new free: 2099200-167772126 / 79 GiB
Aug 17 18:58:29 fedora dbus-daemon[3118]: DEBUG:blivet:new free allows for 0 sectors of growth
Aug 17 18:58:29 fedora dbus-daemon[3118]: DEBUG:blivet:found free space for bootable request
Aug 17 18:58:29 fedora dbus-daemon[3118]: DEBUG:blivet:using alignment: parted.Alignment instance --
Aug 17 18:58:29 fedora dbus-daemon[3118]:   offset: 0  grainSize: 2048
Aug 17 18:58:29 fedora dbus-daemon[3118]:   PedAlignment: <_ped.Alignment object at 0x7f7498b152a0>
Aug 17 18:58:29 fedora dbus-daemon[3118]: DEBUG:blivet:created partition vda2 of 2 GiB and added it to /dev/vda
Aug 17 18:58:29 fedora dbus-daemon[3118]: DEBUG:blivet:                PartitionDevice._set_parted_partition: req1 ;
Aug 17 18:58:29 fedora dbus-daemon[3118]: DEBUG:blivet:device req1 new parted_partition parted.Partition instance --
Aug 17 18:58:29 fedora dbus-daemon[3118]:   disk: <parted.disk.Disk object at 0x7f74980c8690>  fileSystem: None
Aug 17 18:58:29 fedora dbus-daemon[3118]:   number: 2  path: /dev/vda2  type: 0
Aug 17 18:58:29 fedora dbus-daemon[3118]:   name:   active: True  busy: False
Aug 17 18:58:29 fedora dbus-daemon[3118]:   geometry: <parted.geometry.Geometry object at 0x7f7498957350>  PedPartition: <_ped.Partition object at 0x7f748b706980>
Aug 17 18:58:29 fedora dbus-daemon[3118]: DEBUG:blivet:                PartitionDevice._set_disk: vda2 ; old: None ; new: vda ;
Aug 17 18:58:29 fedora dbus-daemon[3118]: DEBUG:blivet:                     DiskDevice.add_child: name: vda ; child: vda2 ; kids: 1 ;
Aug 17 18:58:29 fedora dbus-daemon[3118]: DEBUG:blivet:                PartitionDevice._set_parted_partition: vda2 ;
Aug 17 18:58:29 fedora dbus-daemon[3118]: DEBUG:blivet:device vda2 new parted_partition parted.Partition instance --
Aug 17 18:58:29 fedora dbus-daemon[3118]:   disk: <parted.disk.Disk object at 0x7f74980c8690>  fileSystem: None
Aug 17 18:58:29 fedora dbus-daemon[3118]:   number: 2  path: /dev/vda2  type: 0
Aug 17 18:58:29 fedora dbus-daemon[3118]:   name:   active: True  busy: False
Aug 17 18:58:29 fedora dbus-daemon[3118]:   geometry: <parted.geometry.Geometry object at 0x7f749809fcf0>  PedPartition: <_ped.Partition object at 0x7f7498115530>
Aug 17 18:58:29 fedora dbus-daemon[3118]: DEBUG:blivet:allocating partition: req2 ; id: 64 ; disks: ['vda'] ;
Aug 17 18:58:29 fedora dbus-daemon[3118]: boot: False ; primary: False ; size: 500 MiB ; grow: True ; max_size: 0 B ; start: None ; end: None
Aug 17 18:58:29 fedora dbus-daemon[3118]: DEBUG:blivet:checking freespace on vda
Aug 17 18:58:29 fedora dbus-daemon[3118]: DEBUG:blivet:get_best_free_space_region: disk=/dev/vda part_type=0 req_size=500 MiB boot=False best=None grow=True start=None
Aug 17 18:58:29 fedora dbus-daemon[3118]: DEBUG:blivet:checking 34-2047 (1007 KiB)
Aug 17 18:58:29 fedora dbus-daemon[3118]: DEBUG:blivet:current free range is 34-2047 (1007 KiB)
Aug 17 18:58:29 fedora dbus-daemon[3118]: DEBUG:blivet:checking 6293504-167772126 (77 GiB)
Aug 17 18:58:29 fedora dbus-daemon[3118]: DEBUG:blivet:current free range is 6293504-167772126 (77 GiB)
Aug 17 18:58:29 fedora dbus-daemon[3118]: DEBUG:blivet:evaluating growth potential for new layout
Aug 17 18:58:29 fedora dbus-daemon[3118]: DEBUG:blivet:calculating growth for disk /dev/vda
Aug 17 18:58:29 fedora dbus-daemon[3118]: DEBUG:blivet:using alignment: parted.Alignment instance --
Aug 17 18:58:29 fedora dbus-daemon[3118]:   offset: 0  grainSize: 2048
Aug 17 18:58:29 fedora dbus-daemon[3118]:   PedAlignment: <_ped.Alignment object at 0x7f7498b152a0>
Aug 17 18:58:29 fedora dbus-daemon[3118]: DEBUG:blivet:                PartitionDevice._set_parted_partition: req2 ;
Aug 17 18:58:29 fedora dbus-daemon[3118]: DEBUG:blivet:device req2 new parted_partition parted.Partition instance --
Aug 17 18:58:29 fedora dbus-daemon[3118]:   disk: <parted.disk.Disk object at 0x7f74980c8690>  fileSystem: None
Aug 17 18:58:29 fedora dbus-daemon[3118]:   number: 3  path: /dev/vda3  type: 0
Aug 17 18:58:29 fedora dbus-daemon[3118]:   name:   active: True  busy: False
Aug 17 18:58:29 fedora dbus-daemon[3118]:   geometry: <parted.geometry.Geometry object at 0x7f748b702f90>  PedPartition: <_ped.Partition object at 0x7f74980f6930>
Aug 17 18:58:29 fedora dbus-daemon[3118]: DEBUG:blivet:updating luks name after partition name change from luks3 to luks-vda3
Aug 17 18:58:29 fedora dbus-daemon[3118]: DEBUG:blivet:                        LUKSDevice._set_name: luks3 ; status: False ;
Aug 17 18:58:29 fedora dbus-daemon[3118]: DEBUG:blivet:                PartitionDevice._set_disk: vda3 ; old: None ; new: vda ;
Aug 17 18:58:29 fedora dbus-daemon[3118]: DEBUG:blivet:                     DiskDevice.add_child: name: vda ; child: vda3 ; kids: 2 ;
Aug 17 18:58:29 fedora dbus-daemon[3118]: DEBUG:blivet:adding request 50 to chunk 167768064 (2048-167770111) on /dev/vda
Aug 17 18:58:29 fedora dbus-daemon[3118]: DEBUG:blivet:adding request 57 to chunk 167768064 (2048-167770111) on /dev/vda
Aug 17 18:58:29 fedora dbus-daemon[3118]: DEBUG:blivet:adding request 64 to chunk 167768064 (2048-167770111) on /dev/vda
Aug 17 18:58:29 fedora dbus-daemon[3118]: DEBUG:blivet:Chunk.grow_requests: 167768064 (2048-167770111) on /dev/vda start = 2048  end = 167770111
Aug 17 18:58:29 fedora dbus-daemon[3118]: sector_size = 512 B
Aug 17 18:58:29 fedora dbus-daemon[3118]: DEBUG:blivet:req: PartitionRequest instance --
Aug 17 18:58:29 fedora dbus-daemon[3118]: id = 50  name = vda1  growable = False
Aug 17 18:58:29 fedora dbus-daemon[3118]: base = 2097152  growth = 0  max_grow = 0
Aug 17 18:58:29 fedora dbus-daemon[3118]: done = True
Aug 17 18:58:29 fedora dbus-daemon[3118]: DEBUG:blivet:req: PartitionRequest instance --
Aug 17 18:58:29 fedora dbus-daemon[3118]: id = 57  name = vda2  growable = False
Aug 17 18:58:29 fedora dbus-daemon[3118]: base = 4194304  growth = 0  max_grow = 0
Aug 17 18:58:29 fedora dbus-daemon[3118]: done = True
Aug 17 18:58:29 fedora dbus-daemon[3118]: DEBUG:blivet:req: PartitionRequest instance --
Aug 17 18:58:29 fedora dbus-daemon[3118]: id = 64  name = vda3  growable = True
Aug 17 18:58:29 fedora dbus-daemon[3118]: base = 1024000  growth = 0  max_grow = 36028797017939968
Aug 17 18:58:29 fedora dbus-daemon[3118]: done = False
Aug 17 18:58:29 fedora dbus-daemon[3118]: DEBUG:blivet:1 requests and 160452608 (76.51 GiB) left in chunk
Aug 17 18:58:29 fedora dbus-daemon[3118]: DEBUG:blivet:adding 160452608 (76.51 GiB) to 64 (vda3)
Aug 17 18:58:29 fedora dbus-daemon[3118]: DEBUG:blivet:new grow amount for request 64 (vda3) is 160452608 units, or 76.51 GiB
Aug 17 18:58:29 fedora dbus-daemon[3118]: DEBUG:blivet:request 50 (vda1) growth: 0 (0 B) size: 1024 MiB
Aug 17 18:58:29 fedora dbus-daemon[3118]: DEBUG:blivet:request 57 (vda2) growth: 0 (0 B) size: 2 GiB
Aug 17 18:58:29 fedora dbus-daemon[3118]: DEBUG:blivet:request 64 (vda3) growth: 160452608 (76.51 GiB) size: 77 GiB
Aug 17 18:58:29 fedora dbus-daemon[3118]: DEBUG:blivet:disk /dev/vda growth: 160452608 (76.51 GiB)
Aug 17 18:58:29 fedora dbus-daemon[3118]: DEBUG:blivet:                PartitionDevice._set_parted_partition: vda3 ;
Aug 17 18:58:29 fedora dbus-daemon[3118]: DEBUG:blivet:device vda3 new parted_partition None
Aug 17 18:58:29 fedora dbus-daemon[3118]: DEBUG:blivet:updating luks name after partition name change from luks-vda3 to luks-req2
Aug 17 18:58:29 fedora dbus-daemon[3118]: DEBUG:blivet:                        LUKSDevice._set_name: luks-vda3 ; status: False ;
Aug 17 18:58:29 fedora dbus-daemon[3118]: DEBUG:blivet:                PartitionDevice._set_disk: req2 ; old: vda ; new: None ;
Aug 17 18:58:29 fedora dbus-daemon[3118]: DEBUG:blivet:                         DiskDevice.remove_child: name: vda ; child: req2 ; kids: 3 ;
Aug 17 18:58:29 fedora dbus-daemon[3118]: DEBUG:blivet:total growth: 160452608 sectors
Aug 17 18:58:29 fedora dbus-daemon[3118]: DEBUG:blivet:updating use_disk to vda, type: 0
Aug 17 18:58:29 fedora dbus-daemon[3118]: DEBUG:blivet:new free: 6293504-167772126 / 77 GiB
Aug 17 18:58:29 fedora dbus-daemon[3118]: DEBUG:blivet:new free allows for 160452608 sectors of growth
Aug 17 18:58:29 fedora dbus-daemon[3118]: DEBUG:blivet:using alignment: parted.Alignment instance --
Aug 17 18:58:29 fedora dbus-daemon[3118]:   offset: 0  grainSize: 2048
Aug 17 18:58:29 fedora dbus-daemon[3118]:   PedAlignment: <_ped.Alignment object at 0x7f7498b152a0>
Aug 17 18:58:29 fedora dbus-daemon[3118]: DEBUG:blivet:created partition vda3 of 500 MiB and added it to /dev/vda
Aug 17 18:58:29 fedora dbus-daemon[3118]: DEBUG:blivet:                PartitionDevice._set_parted_partition: req2 ;
Aug 17 18:58:29 fedora dbus-daemon[3118]: DEBUG:blivet:device req2 new parted_partition parted.Partition instance --
Aug 17 18:58:29 fedora dbus-daemon[3118]:   disk: <parted.disk.Disk object at 0x7f74980c8690>  fileSystem: None
Aug 17 18:58:29 fedora dbus-daemon[3118]:   number: 3  path: /dev/vda3  type: 0
Aug 17 18:58:29 fedora dbus-daemon[3118]:   name:   active: True  busy: False
Aug 17 18:58:29 fedora dbus-daemon[3118]:   geometry: <parted.geometry.Geometry object at 0x7f74980facf0>  PedPartition: <_ped.Partition object at 0x7f748b707e20>
Aug 17 18:58:29 fedora dbus-daemon[3118]: DEBUG:blivet:updating luks name after partition name change from luks-req2 to luks-vda3
Aug 17 18:58:29 fedora dbus-daemon[3118]: DEBUG:blivet:                        LUKSDevice._set_name: luks-req2 ; status: False ;
Aug 17 18:58:29 fedora dbus-daemon[3118]: DEBUG:blivet:                PartitionDevice._set_disk: vda3 ; old: None ; new: vda ;
Aug 17 18:58:29 fedora dbus-daemon[3118]: DEBUG:blivet:                     DiskDevice.add_child: name: vda ; child: vda3 ; kids: 2 ;
Aug 17 18:58:29 fedora dbus-daemon[3118]: DEBUG:blivet:                PartitionDevice._set_parted_partition: vda3 ;
Aug 17 18:58:29 fedora dbus-daemon[3118]: DEBUG:blivet:device vda3 new parted_partition parted.Partition instance --
Aug 17 18:58:29 fedora dbus-daemon[3118]:   disk: <parted.disk.Disk object at 0x7f74980c8690>  fileSystem: None
Aug 17 18:58:29 fedora dbus-daemon[3118]:   number: 3  path: /dev/vda3  type: 0
Aug 17 18:58:29 fedora dbus-daemon[3118]:   name:   active: True  busy: False
Aug 17 18:58:29 fedora dbus-daemon[3118]:   geometry: <parted.geometry.Geometry object at 0x7f748b7192b0>  PedPartition: <_ped.Partition object at 0x7f7498106160>
Aug 17 18:58:29 fedora dbus-daemon[3118]: DEBUG:blivet:grow_partitions: disks=['vda'], partitions=['vda1(id 50)', 'vda2(id 57)', 'vda3(id 64)']
Aug 17 18:58:29 fedora dbus-daemon[3118]: DEBUG:blivet:growable partitions are ['vda3']
Aug 17 18:58:29 fedora dbus-daemon[3118]: DEBUG:blivet:adding request 50 to chunk 167768064 (2048-167770111) on /dev/vda
Aug 17 18:58:29 fedora dbus-daemon[3118]: DEBUG:blivet:adding request 57 to chunk 167768064 (2048-167770111) on /dev/vda
Aug 17 18:58:29 fedora dbus-daemon[3118]: DEBUG:blivet:adding request 64 to chunk 167768064 (2048-167770111) on /dev/vda
Aug 17 18:58:29 fedora dbus-daemon[3118]: DEBUG:blivet:disk vda has 1 chunks
Aug 17 18:58:29 fedora dbus-daemon[3118]: DEBUG:blivet:Chunk.grow_requests: 167768064 (2048-167770111) on /dev/vda start = 2048  end = 167770111
Aug 17 18:58:29 fedora dbus-daemon[3118]: sector_size = 512 B
Aug 17 18:58:29 fedora dbus-daemon[3118]: DEBUG:blivet:req: PartitionRequest instance --
Aug 17 18:58:29 fedora dbus-daemon[3118]: id = 50  name = vda1  growable = False
Aug 17 18:58:29 fedora dbus-daemon[3118]: base = 2097152  growth = 0  max_grow = 0
Aug 17 18:58:29 fedora dbus-daemon[3118]: done = True
Aug 17 18:58:29 fedora dbus-daemon[3118]: DEBUG:blivet:req: PartitionRequest instance --
Aug 17 18:58:29 fedora dbus-daemon[3118]: id = 57  name = vda2  growable = False
Aug 17 18:58:29 fedora dbus-daemon[3118]: base = 4194304  growth = 0  max_grow = 0
Aug 17 18:58:29 fedora dbus-daemon[3118]: done = True
Aug 17 18:58:29 fedora dbus-daemon[3118]: DEBUG:blivet:req: PartitionRequest instance --
Aug 17 18:58:29 fedora dbus-daemon[3118]: id = 64  name = vda3  growable = True
Aug 17 18:58:29 fedora dbus-daemon[3118]: base = 1024000  growth = 0  max_grow = 36028797017939968
Aug 17 18:58:29 fedora dbus-daemon[3118]: done = False
Aug 17 18:58:29 fedora dbus-daemon[3118]: DEBUG:blivet:1 requests and 160452608 (76.51 GiB) left in chunk
Aug 17 18:58:29 fedora dbus-daemon[3118]: DEBUG:blivet:adding 160452608 (76.51 GiB) to 64 (vda3)
Aug 17 18:58:29 fedora dbus-daemon[3118]: DEBUG:blivet:new grow amount for request 64 (vda3) is 160452608 units, or 76.51 GiB
Aug 17 18:58:29 fedora dbus-daemon[3118]: DEBUG:blivet:growing partitions on vda
Aug 17 18:58:29 fedora dbus-daemon[3118]: DEBUG:blivet:partition vda1 (50): 0
Aug 17 18:58:29 fedora dbus-daemon[3118]: DEBUG:blivet:new geometry for vda1: parted.Geometry instance --
Aug 17 18:58:29 fedora dbus-daemon[3118]:   start: 2048  end: 2099199  length: 2097152
Aug 17 18:58:29 fedora dbus-daemon[3118]:   device: <parted.device.Device object at 0x7f74989f5160>  PedGeometry: <_ped.Geometry object at 0x7f7498a05db0>
Aug 17 18:58:29 fedora dbus-daemon[3118]: DEBUG:blivet:partition vda2 (57): 0
Aug 17 18:58:29 fedora dbus-daemon[3118]: DEBUG:blivet:new geometry for vda2: parted.Geometry instance --
Aug 17 18:58:29 fedora dbus-daemon[3118]:   start: 2099200  end: 6293503  length: 4194304
Aug 17 18:58:29 fedora dbus-daemon[3118]:   device: <parted.device.Device object at 0x7f74989f5160>  PedGeometry: <_ped.Geometry object at 0x7f7498a059f0>
Aug 17 18:58:29 fedora dbus-daemon[3118]: DEBUG:blivet:partition vda3 (64): 0
Aug 17 18:58:29 fedora dbus-daemon[3118]: DEBUG:blivet:new geometry for vda3: parted.Geometry instance --
Aug 17 18:58:29 fedora dbus-daemon[3118]:   start: 6293504  end: 167770111  length: 161476608
Aug 17 18:58:29 fedora dbus-daemon[3118]:   device: <parted.device.Device object at 0x7f74989f5160>  PedGeometry: <_ped.Geometry object at 0x7f7498a05b70>
Aug 17 18:58:29 fedora dbus-daemon[3118]: DEBUG:blivet:removing all non-preexisting partitions ['vda1(id 50)', 'vda2(id 57)', 'vda3(id 64)'] from disk(s) ['vda']
Aug 17 18:58:29 fedora dbus-daemon[3118]: DEBUG:blivet:                 PartitionDevice._set_parted_partition: vda1 ;
Aug 17 18:58:29 fedora dbus-daemon[3118]: DEBUG:blivet:device vda1 new parted_partition None
Aug 17 18:58:29 fedora dbus-daemon[3118]: DEBUG:blivet:                 PartitionDevice._set_disk: req0 ; old: vda ; new: None ;
Aug 17 18:58:29 fedora dbus-daemon[3118]: DEBUG:blivet:                          DiskDevice.remove_child: name: vda ; child: req0 ; kids: 3 ;
Aug 17 18:58:29 fedora dbus-daemon[3118]: DEBUG:blivet:                 PartitionDevice._set_parted_partition: vda2 ;
Aug 17 18:58:29 fedora dbus-daemon[3118]: DEBUG:blivet:device vda2 new parted_partition None
Aug 17 18:58:29 fedora dbus-daemon[3118]: DEBUG:blivet:                 PartitionDevice._set_disk: req1 ; old: vda ; new: None ;
Aug 17 18:58:29 fedora dbus-daemon[3118]: DEBUG:blivet:                          DiskDevice.remove_child: name: vda ; child: req1 ; kids: 2 ;
Aug 17 18:58:29 fedora dbus-daemon[3118]: DEBUG:blivet:                 PartitionDevice._set_parted_partition: vda3 ;
Aug 17 18:58:29 fedora dbus-daemon[3118]: DEBUG:blivet:device vda3 new parted_partition None
Aug 17 18:58:29 fedora dbus-daemon[3118]: DEBUG:blivet:updating luks name after partition name change from luks-vda3 to luks-req2
Aug 17 18:58:29 fedora dbus-daemon[3118]: DEBUG:blivet:                         LUKSDevice._set_name: luks-vda3 ; status: False ;
Aug 17 18:58:29 fedora dbus-daemon[3118]: DEBUG:blivet:                 PartitionDevice._set_disk: req2 ; old: vda ; new: None ;
Aug 17 18:58:29 fedora dbus-daemon[3118]: DEBUG:blivet:                          DiskDevice.remove_child: name: vda ; child: req2 ; kids: 1 ;
Aug 17 18:58:29 fedora dbus-daemon[3118]: DEBUG:blivet:back from remove_new_partitions
Aug 17 18:58:29 fedora dbus-daemon[3118]: DEBUG:blivet:extended: None
Aug 17 18:58:29 fedora dbus-daemon[3118]: DEBUG:blivet:setting req0 new geometry: parted.Geometry instance --
Aug 17 18:58:29 fedora dbus-daemon[3118]:   start: 2048  end: 2099199  length: 2097152
Aug 17 18:58:29 fedora dbus-daemon[3118]:   device: <parted.device.Device object at 0x7f74989f5160>  PedGeometry: <_ped.Geometry object at 0x7f7498a05db0>
Aug 17 18:58:29 fedora dbus-daemon[3118]: DEBUG:blivet:                PartitionDevice._set_parted_partition: req0 ;
Aug 17 18:58:29 fedora dbus-daemon[3118]: DEBUG:blivet:device req0 new parted_partition parted.Partition instance --
Aug 17 18:58:29 fedora dbus-daemon[3118]:   disk: <parted.disk.Disk object at 0x7f74980c8690>  fileSystem: None
Aug 17 18:58:29 fedora dbus-daemon[3118]:   number: 1  path: /dev/vda1  type: 0
Aug 17 18:58:29 fedora dbus-daemon[3118]:   name:   active: True  busy: False
Aug 17 18:58:29 fedora dbus-daemon[3118]:   geometry: <parted.geometry.Geometry object at 0x7f74980f8710>  PedPartition: <_ped.Partition object at 0x7f74981062f0>
Aug 17 18:58:29 fedora dbus-daemon[3118]: DEBUG:blivet:                PartitionDevice._set_disk: vda1 ; old: None ; new: vda ;
Aug 17 18:58:29 fedora dbus-daemon[3118]: DEBUG:blivet:                     DiskDevice.add_child: name: vda ; child: vda1 ; kids: 0 ;
Aug 17 18:58:29 fedora dbus-daemon[3118]: DEBUG:blivet:                PartitionDevice._set_parted_partition: vda1 ;
Aug 17 18:58:29 fedora dbus-daemon[3118]: DEBUG:blivet:device vda1 new parted_partition parted.Partition instance --
Aug 17 18:58:29 fedora dbus-daemon[3118]:   disk: <parted.disk.Disk object at 0x7f74980c8690>  fileSystem: None
Aug 17 18:58:29 fedora dbus-daemon[3118]:   number: 1  path: /dev/vda1  type: 0
Aug 17 18:58:29 fedora dbus-daemon[3118]:   name:   active: True  busy: False
Aug 17 18:58:29 fedora dbus-daemon[3118]:   geometry: <parted.geometry.Geometry object at 0x7f74980dc170>  PedPartition: <_ped.Partition object at 0x7f74981074c0>
Aug 17 18:58:29 fedora dbus-daemon[3118]: DEBUG:blivet:setting req1 new geometry: parted.Geometry instance --
Aug 17 18:58:29 fedora dbus-daemon[3118]:   start: 2099200  end: 6293503  length: 4194304
Aug 17 18:58:29 fedora dbus-daemon[3118]:   device: <parted.device.Device object at 0x7f74989f5160>  PedGeometry: <_ped.Geometry object at 0x7f7498a059f0>
Aug 17 18:58:29 fedora dbus-daemon[3118]: DEBUG:blivet:                PartitionDevice._set_parted_partition: req1 ;
Aug 17 18:58:29 fedora dbus-daemon[3118]: DEBUG:blivet:device req1 new parted_partition parted.Partition instance --
Aug 17 18:58:29 fedora dbus-daemon[3118]:   disk: <parted.disk.Disk object at 0x7f74980c8690>  fileSystem: None
Aug 17 18:58:29 fedora dbus-daemon[3118]:   number: 2  path: /dev/vda2  type: 0
Aug 17 18:58:29 fedora dbus-daemon[3118]:   name:   active: True  busy: False
Aug 17 18:58:29 fedora dbus-daemon[3118]:   geometry: <parted.geometry.Geometry object at 0x7f74980dcbf0>  PedPartition: <_ped.Partition object at 0x7f7498106200>
Aug 17 18:58:29 fedora dbus-daemon[3118]: DEBUG:blivet:                PartitionDevice._set_disk: vda2 ; old: None ; new: vda ;
Aug 17 18:58:29 fedora dbus-daemon[3118]: DEBUG:blivet:                     DiskDevice.add_child: name: vda ; child: vda2 ; kids: 1 ;
Aug 17 18:58:29 fedora dbus-daemon[3118]: DEBUG:blivet:                PartitionDevice._set_parted_partition: vda2 ;
Aug 17 18:58:29 fedora dbus-daemon[3118]: DEBUG:blivet:device vda2 new parted_partition parted.Partition instance --
Aug 17 18:58:29 fedora dbus-daemon[3118]:   disk: <parted.disk.Disk object at 0x7f74980c8690>  fileSystem: None
Aug 17 18:58:29 fedora dbus-daemon[3118]:   number: 2  path: /dev/vda2  type: 0
Aug 17 18:58:29 fedora dbus-daemon[3118]:   name:   active: True  busy: False
Aug 17 18:58:29 fedora dbus-daemon[3118]:   geometry: <parted.geometry.Geometry object at 0x7f748b71b4d0>  PedPartition: <_ped.Partition object at 0x7f7498107600>
Aug 17 18:58:29 fedora dbus-daemon[3118]: DEBUG:blivet:setting req2 new geometry: parted.Geometry instance --
Aug 17 18:58:29 fedora dbus-daemon[3118]:   start: 6293504  end: 167770111  length: 161476608
Aug 17 18:58:29 fedora dbus-daemon[3118]:   device: <parted.device.Device object at 0x7f74989f5160>  PedGeometry: <_ped.Geometry object at 0x7f7498a05b70>
Aug 17 18:58:29 fedora dbus-daemon[3118]: DEBUG:blivet:                PartitionDevice._set_parted_partition: req2 ;
Aug 17 18:58:29 fedora dbus-daemon[3118]: DEBUG:blivet:device req2 new parted_partition parted.Partition instance --
Aug 17 18:58:29 fedora dbus-daemon[3118]:   disk: <parted.disk.Disk object at 0x7f74980c8690>  fileSystem: None
Aug 17 18:58:29 fedora dbus-daemon[3118]:   number: 3  path: /dev/vda3  type: 0
Aug 17 18:58:29 fedora dbus-daemon[3118]:   name:   active: True  busy: False
Aug 17 18:58:29 fedora dbus-daemon[3118]:   geometry: <parted.geometry.Geometry object at 0x7f748b71ae10>  PedPartition: <_ped.Partition object at 0x7f7498106340>
Aug 17 18:58:29 fedora dbus-daemon[3118]: DEBUG:blivet:updating luks name after partition name change from luks-req2 to luks-vda3
Aug 17 18:58:29 fedora dbus-daemon[3118]: DEBUG:blivet:                        LUKSDevice._set_name: luks-req2 ; status: False ;
Aug 17 18:58:29 fedora dbus-daemon[3118]: DEBUG:blivet:                PartitionDevice._set_disk: vda3 ; old: None ; new: vda ;
Aug 17 18:58:29 fedora dbus-daemon[3118]: DEBUG:blivet:                     DiskDevice.add_child: name: vda ; child: vda3 ; kids: 2 ;
Aug 17 18:58:29 fedora dbus-daemon[3118]: DEBUG:blivet:                PartitionDevice._set_parted_partition: vda3 ;
Aug 17 18:58:29 fedora dbus-daemon[3118]: DEBUG:blivet:device vda3 new parted_partition parted.Partition instance --
Aug 17 18:58:29 fedora dbus-daemon[3118]:   disk: <parted.disk.Disk object at 0x7f74980c8690>  fileSystem: None
Aug 17 18:58:29 fedora dbus-daemon[3118]:   number: 3  path: /dev/vda3  type: 0
Aug 17 18:58:29 fedora dbus-daemon[3118]:   name:   active: True  busy: False
Aug 17 18:58:29 fedora dbus-daemon[3118]:   geometry: <parted.geometry.Geometry object at 0x7f748b719670>  PedPartition: <_ped.Partition object at 0x7f7498107790>
Aug 17 18:58:29 fedora dbus-daemon[3118]: DEBUG:blivet:fixing size of non-existent 1024 MiB partition vda1 (50) with non-existent efi filesystem mounted at /boot/efi
Aug 17 18:58:29 fedora dbus-daemon[3118]: DEBUG:blivet:fixing size of non-existent 2 GiB partition vda2 (57) with non-existent ext4 filesystem mounted at /boot
Aug 17 18:58:29 fedora dbus-daemon[3118]: DEBUG:blivet:fixing size of non-existent 77 GiB partition vda3 (64) with non-existent luks
Aug 17 18:58:29 fedora dbus-daemon[3118]: DEBUG:anaconda.modules.storage.bootloader.execution:Execute the bootloader with dry run False.
Aug 17 18:58:29 fedora dbus-daemon[3118]: DEBUG:anaconda.modules.storage.bootloader.base:new disk list: [DiskDevice instance (0x7f7498962490) --
Aug 17 18:58:29 fedora dbus-daemon[3118]:   name = vda  status = True  id = 4
Aug 17 18:58:29 fedora dbus-daemon[3118]:   children = ['non-existent 1024 MiB partition vda1 (50) with non-existent efi filesystem '
Aug 17 18:58:29 fedora dbus-daemon[3118]:  'mounted at /boot/efi',
Aug 17 18:58:29 fedora dbus-daemon[3118]:  'non-existent 2 GiB partition vda2 (57) with non-existent ext4 filesystem '
Aug 17 18:58:29 fedora dbus-daemon[3118]:  'mounted at /boot',
Aug 17 18:58:29 fedora dbus-daemon[3118]:  'non-existent 77 GiB partition vda3 (64) with non-existent luks']
Aug 17 18:58:29 fedora dbus-daemon[3118]:   parents = []
Aug 17 18:58:29 fedora dbus-daemon[3118]:   uuid = None  size = 80 GiB
Aug 17 18:58:29 fedora dbus-daemon[3118]:   format = non-existent gpt disklabel
Aug 17 18:58:29 fedora dbus-daemon[3118]:   major = 253  minor = 0  exists = True  protected = False
Aug 17 18:58:29 fedora dbus-daemon[3118]:   sysfs path = /sys/devices/pci0000:00/0000:00:04.0/virtio3/block/vda
Aug 17 18:58:29 fedora dbus-daemon[3118]:   target size = 80 GiB  path = /dev/vda
Aug 17 18:58:29 fedora dbus-daemon[3118]:   format args = []  original_format = None  removable = False  wwn = None]
Aug 17 18:58:29 fedora dbus-daemon[3118]: DEBUG:anaconda.modules.storage.bootloader.execution:Applying bootloader location: MBR
Aug 17 18:58:29 fedora dbus-daemon[3118]: DEBUG:anaconda.modules.storage.bootloader.execution:Applying drive order: []
Aug 17 18:58:29 fedora dbus-daemon[3118]: DEBUG:anaconda.modules.storage.bootloader.base:new disk order: []
Aug 17 18:58:29 fedora dbus-daemon[3118]: DEBUG:anaconda.modules.storage.bootloader.base:Is /LiveOS/squashfs.img a valid stage1 target device?
Aug 17 18:58:29 fedora dbus-daemon[3118]: DEBUG:anaconda.modules.storage.bootloader.base:stage1 device cannot be of type file
Aug 17 18:58:29 fedora dbus-daemon[3118]: DEBUG:anaconda.modules.storage.bootloader.base:Is loop0 a valid stage1 target device?
Aug 17 18:58:29 fedora dbus-daemon[3118]: DEBUG:anaconda.modules.storage.bootloader.base:stage1 device cannot be of type loop
Aug 17 18:58:29 fedora dbus-daemon[3118]: DEBUG:anaconda.modules.storage.bootloader.base:Is luks-vda3 a valid stage1 target device?
Aug 17 18:58:29 fedora dbus-daemon[3118]: DEBUG:anaconda.modules.storage.bootloader.base:stage1 device cannot be of type luks/dm-crypt
Aug 17 18:58:29 fedora dbus-daemon[3118]: DEBUG:anaconda.modules.storage.bootloader.base:Is sr0 a valid stage1 target device?
Aug 17 18:58:29 fedora dbus-daemon[3118]: DEBUG:anaconda.modules.storage.bootloader.base:stage1 device cannot be of type cdrom
Aug 17 18:58:29 fedora dbus-daemon[3118]: DEBUG:anaconda.modules.storage.bootloader.base:Is vda a valid stage1 target device?
Aug 17 18:58:29 fedora dbus-daemon[3118]: DEBUG:anaconda.modules.storage.bootloader.base:stage1 device cannot be of type disk
Aug 17 18:58:29 fedora dbus-daemon[3118]: DEBUG:anaconda.modules.storage.bootloader.base:Is vda1 a valid stage1 target device?
Aug 17 18:58:29 fedora dbus-daemon[3118]: DEBUG:anaconda.modules.storage.bootloader.base:_is_valid_disklabel(vda1) returning True
Aug 17 18:58:29 fedora dbus-daemon[3118]: DEBUG:anaconda.modules.storage.bootloader.base:_is_valid_disklabel(vda1) returning True
Aug 17 18:58:29 fedora dbus-daemon[3118]: DEBUG:anaconda.modules.storage.bootloader.base:_is_valid_size(vda1) returning True
Aug 17 18:58:29 fedora dbus-daemon[3118]: DEBUG:anaconda.modules.storage.bootloader.base:_is_valid_location(vda1) returning True
Aug 17 18:58:29 fedora dbus-daemon[3118]: WARNING:anaconda.modules.storage.bootloader.base:vda1 not bootable
Aug 17 18:58:29 fedora dbus-daemon[3118]: DEBUG:anaconda.modules.storage.bootloader.base:_is_valid_format(vda1) returning True
Aug 17 18:58:29 fedora dbus-daemon[3118]: DEBUG:anaconda.modules.storage.bootloader.base:is_valid_stage1_device(vda1) returning True
Aug 17 18:58:29 fedora dbus-daemon[3118]: DEBUG:anaconda.modules.storage.bootloader.execution:Found a drive with a valid stage1: vda
Aug 17 18:58:29 fedora dbus-daemon[3118]: DEBUG:anaconda.modules.storage.bootloader.execution:Use a usable drive with a valid stage1 device.
Aug 17 18:58:29 fedora dbus-daemon[3118]: DEBUG:anaconda.modules.storage.bootloader.execution:Using a boot drive: vda
Aug 17 18:58:29 fedora dbus-daemon[3118]: DEBUG:blivet:                DeviceTree.get_device_by_name: name: vda ; incomplete: False ; hidden: False ;
Aug 17 18:58:29 fedora dbus-daemon[3118]: DEBUG:blivet:                DeviceTree.get_device_by_name returned existing 80 GiB disk vda (4) with non-existent gpt disklabel
Aug 17 18:58:29 fedora dbus-daemon[3118]: DEBUG:blivet:resolved 'vda' to 'vda' (disk)
Aug 17 18:58:29 fedora dbus-daemon[3118]: DEBUG:anaconda.modules.storage.bootloader.bootloader:Drive is set to 'vda'.
Aug 17 18:58:29 fedora dbus-daemon[3118]: DEBUG:anaconda.modules.storage.bootloader.base:Is luks-vda3 a valid stage1 target device?
Aug 17 18:58:29 fedora dbus-daemon[3118]: DEBUG:anaconda.modules.storage.bootloader.base:stage1 device cannot be of type luks/dm-crypt
Aug 17 18:58:29 fedora dbus-daemon[3118]: DEBUG:anaconda.modules.storage.bootloader.base:Is vda a valid stage1 target device?
Aug 17 18:58:29 fedora dbus-daemon[3118]: DEBUG:anaconda.modules.storage.bootloader.base:stage1 device cannot be of type disk
Aug 17 18:58:29 fedora dbus-daemon[3118]: DEBUG:anaconda.modules.storage.bootloader.base:Is vda1 a valid stage1 target device?
Aug 17 18:58:29 fedora dbus-daemon[3118]: DEBUG:anaconda.modules.storage.bootloader.base:_is_valid_disklabel(vda1) returning True
Aug 17 18:58:29 fedora dbus-daemon[3118]: DEBUG:anaconda.modules.storage.bootloader.base:_is_valid_disklabel(vda1) returning True
Aug 17 18:58:29 fedora dbus-daemon[3118]: DEBUG:anaconda.modules.storage.bootloader.base:_is_valid_size(vda1) returning True
Aug 17 18:58:29 fedora dbus-daemon[3118]: DEBUG:anaconda.modules.storage.bootloader.base:_is_valid_location(vda1) returning True
Aug 17 18:58:29 fedora dbus-daemon[3118]: WARNING:anaconda.modules.storage.bootloader.base:vda1 not bootable
Aug 17 18:58:29 fedora dbus-daemon[3118]: DEBUG:anaconda.modules.storage.bootloader.base:_is_valid_format(vda1) returning True
Aug 17 18:58:29 fedora dbus-daemon[3118]: DEBUG:anaconda.modules.storage.bootloader.base:is_valid_stage1_device(vda1) returning True
Aug 17 18:58:29 fedora dbus-daemon[3118]: INFO:anaconda.core.threads:Thread Done: AnaTaskThread-CustomPartitioningTask-1 (140138541741760)
Aug 17 18:58:29 fedora dbus-daemon[3118]: DEBUG:dasbus.connection:Publishing an object at /org/fedoraproject/Anaconda/Modules/Storage/Task/3.
Aug 17 18:58:29 fedora dbus-daemon[3118]: INFO:anaconda.core.threads:Running Thread: AnaTaskThread-StorageValidateTask-1 (140138532300480)
Aug 17 18:58:29 fedora dbus-daemon[3118]: INFO:anaconda.modules.common.task.task:Validate a storage model
Aug 17 18:58:29 fedora dbus-daemon[3118]: DEBUG:anaconda.modules.storage.bootloader.base:Is vda1 a valid stage1 target device?
Aug 17 18:58:29 fedora dbus-daemon[3118]: DEBUG:anaconda.modules.storage.bootloader.base:_is_valid_disklabel(vda1) returning True
Aug 17 18:58:29 fedora dbus-daemon[3118]: DEBUG:anaconda.modules.storage.bootloader.base:_is_valid_disklabel(vda1) returning True
Aug 17 18:58:29 fedora dbus-daemon[3118]: DEBUG:anaconda.modules.storage.bootloader.base:_is_valid_size(vda1) returning True
Aug 17 18:58:29 fedora dbus-daemon[3118]: DEBUG:anaconda.modules.storage.bootloader.base:_is_valid_location(vda1) returning True
Aug 17 18:58:29 fedora dbus-daemon[3118]: WARNING:anaconda.modules.storage.bootloader.base:vda1 not bootable
Aug 17 18:58:29 fedora dbus-daemon[3118]: DEBUG:anaconda.modules.storage.bootloader.base:_is_valid_format(vda1) returning True
Aug 17 18:58:29 fedora dbus-daemon[3118]: DEBUG:anaconda.modules.storage.bootloader.base:is_valid_stage1_device(vda1) returning True
Aug 17 18:58:29 fedora dbus-daemon[3118]: DEBUG:anaconda.modules.storage.bootloader.base:Is vda2 a valid stage2 target device?
Aug 17 18:58:29 fedora dbus-daemon[3118]: DEBUG:anaconda.modules.storage.bootloader.base:_is_valid_disklabel(vda2) returning True
Aug 17 18:58:29 fedora dbus-daemon[3118]: DEBUG:anaconda.modules.storage.bootloader.base:_is_valid_size(vda2) returning True
Aug 17 18:58:29 fedora dbus-daemon[3118]: DEBUG:anaconda.modules.storage.bootloader.base:_is_valid_partition(vda2) returning True
Aug 17 18:58:29 fedora dbus-daemon[3118]: DEBUG:anaconda.modules.storage.bootloader.base:_is_valid_format(vda2) returning True
Aug 17 18:58:29 fedora dbus-daemon[3118]: DEBUG:anaconda.modules.storage.bootloader.base:is_valid_stage2_device(vda2) returning True
Aug 17 18:58:29 fedora dbus-daemon[3118]: DEBUG:anaconda.modules.storage.checker.utils:Available memory: 3.92 GiB
Aug 17 18:58:29 fedora dbus-daemon[3118]: DEBUG:blivet:            DeviceTree.get_device_by_path: path: /dev/vda1 ; incomplete: False ; hidden: False ;
Aug 17 18:58:29 fedora dbus-daemon[3118]: DEBUG:blivet:            DeviceTree.get_device_by_path returned non-existent 1024 MiB partition vda1 (50) with non-existent efi filesystem mounted at /boot/efi
Aug 17 18:58:29 fedora dbus-daemon[3118]: DEBUG:blivet:            DeviceTree.get_device_by_path: path: /dev/vda2 ; incomplete: False ; hidden: False ;
Aug 17 18:58:29 fedora dbus-daemon[3118]: DEBUG:blivet:            DeviceTree.get_device_by_path returned non-existent 2 GiB partition vda2 (57) with non-existent ext4 filesystem mounted at /boot
Aug 17 18:58:29 fedora dbus-daemon[3118]: DEBUG:blivet:            DeviceTree.get_device_by_path: path: /dev/vda3 ; incomplete: False ; hidden: False ;
Aug 17 18:58:29 fedora dbus-daemon[3118]: DEBUG:blivet:            DeviceTree.get_device_by_path returned non-existent 77 GiB partition vda3 (64) with non-existent luks
Aug 17 18:58:29 fedora dbus-daemon[3118]: DEBUG:anaconda.modules.storage.partitioning.validate:Storage check started with constraints {'min_ram': Size (320 MiB), 'root_device_types': set(), 'min_partition_sizes': {'/': Size (250 MiB), '/usr': Size (250 MiB), '/tmp': Size (50 MiB), '/var': Size (384 MiB), '/home': Size (100 MiB), '/boot': Size (1024 MiB), '/boot/efi': Size (500 MiB)}, 'req_partition_sizes': {}, 'must_be_on_linuxfs': {'/', '/tmp', '/var', '/home', '/usr/lib', '/usr/share', '/usr'}, 'must_be_on_root': {'lost+found', '/proc', '/bin', '/dev', '/etc', '/mnt', '/lib', '/sbin', '/root'}, 'must_not_be_on_root': set(), 'reformat_allowlist': {'/var', '/usr', '/boot', '/tmp'}, 'reformat_blocklist': {'/opt', '/usr/local', '/var/www', '/home'}, 'swap_is_recommended': False, 'luks2_min_ram': Size (128 MiB)}.
Aug 17 18:58:29 fedora dbus-daemon[3118]: DEBUG:anaconda.modules.storage.partitioning.validate:Run sanity check verify_root.
Aug 17 18:58:29 fedora dbus-daemon[3118]: DEBUG:anaconda.modules.storage.partitioning.validate:Run sanity check verify_s390_constraints.
Aug 17 18:58:29 fedora dbus-daemon[3118]: DEBUG:anaconda.modules.storage.partitioning.validate:Run sanity check verify_partition_formatting.
Aug 17 18:58:29 fedora dbus-daemon[3118]: DEBUG:anaconda.modules.storage.partitioning.validate:Run sanity check verify_partition_sizes.
Aug 17 18:58:29 fedora dbus-daemon[3118]: DEBUG:anaconda.modules.storage.partitioning.validate:Run sanity check verify_partition_format_sizes.
Aug 17 18:58:29 fedora dbus-daemon[3118]: DEBUG:anaconda.modules.storage.partitioning.validate:Run sanity check verify_bootloader.
Aug 17 18:58:29 fedora dbus-daemon[3118]: DEBUG:anaconda.modules.storage.partitioning.validate:Run sanity check verify_gpt_biosboot.
Aug 17 18:58:29 fedora dbus-daemon[3118]: DEBUG:anaconda.modules.storage.partitioning.validate:Run sanity check verify_opal_compatibility.
Aug 17 18:58:29 fedora dbus-daemon[3118]: DEBUG:anaconda.modules.storage.partitioning.validate:Run sanity check verify_swap.
Aug 17 18:58:29 fedora dbus-daemon[3118]: DEBUG:anaconda.modules.storage.partitioning.validate:Run sanity check verify_swap_uuid.
Aug 17 18:58:29 fedora dbus-daemon[3118]: DEBUG:anaconda.modules.storage.partitioning.validate:Run sanity check verify_mountpoints_on_linuxfs.
Aug 17 18:58:29 fedora dbus-daemon[3118]: DEBUG:anaconda.modules.storage.partitioning.validate:Run sanity check verify_mountpoints_on_root.
Aug 17 18:58:29 fedora dbus-daemon[3118]: DEBUG:anaconda.modules.storage.partitioning.validate:Run sanity check verify_mountpoints_not_on_root.
Aug 17 18:58:29 fedora dbus-daemon[3118]: DEBUG:anaconda.modules.storage.partitioning.validate:Run sanity check verify_unlocked_devices_have_key.
Aug 17 18:58:29 fedora dbus-daemon[3118]: DEBUG:anaconda.modules.storage.partitioning.validate:Run sanity check verify_luks_devices_have_key.
Aug 17 18:58:29 fedora dbus-daemon[3118]: DEBUG:anaconda.modules.storage.partitioning.validate:Run sanity check verify_luks2_memory_requirements.
Aug 17 18:58:29 fedora dbus-daemon[3118]: DEBUG:anaconda.modules.storage.partitioning.validate:Run sanity check verify_mounted_partitions.
Aug 17 18:58:29 fedora dbus-daemon[3118]: DEBUG:anaconda.modules.storage.partitioning.validate:Run sanity check verify_lvm_destruction.
Aug 17 18:58:29 fedora dbus-daemon[3118]: DEBUG:anaconda.modules.storage.partitioning.validate:Run sanity check verify_requests.
Aug 17 18:58:29 fedora dbus-daemon[3118]: DEBUG:anaconda.modules.storage.partitioning.validate:Storage check finished with success.
Aug 17 18:58:29 fedora dbus-daemon[3118]: INFO:anaconda.core.threads:Thread Done: AnaTaskThread-StorageValidateTask-1 (140138532300480)
Aug 17 18:58:29 fedora dbus-daemon[3118]: DEBUG:anaconda.storage:Creating a copy of the storage model.
Aug 17 18:58:29 fedora dbus-daemon[3118]: DEBUG:blivet:starting Blivet copy
Aug 17 18:58:29 fedora dbus-daemon[3118]: DEBUG:blivet:                  DeviceTree.get_device_by_id: id_num: 4 ; incomplete: False ; hidden: False ;
Aug 17 18:58:29 fedora dbus-daemon[3118]: DEBUG:blivet:                  DeviceTree.get_device_by_id returned existing 80 GiB disk vda (4) with non-existent gpt disklabel
Aug 17 18:58:29 fedora dbus-daemon[3118]: DEBUG:blivet:                   PartitionDevice._set_parted_partition: vda1 ;
Aug 17 18:58:29 fedora dbus-daemon[3118]: DEBUG:blivet:device vda1 new parted_partition parted.Partition instance --
Aug 17 18:58:29 fedora dbus-daemon[3118]:   disk: <parted.disk.Disk object at 0x7f749809b820>  fileSystem: None
Aug 17 18:58:29 fedora dbus-daemon[3118]:   number: 1  path: /dev/vda1  type: 0
Aug 17 18:58:29 fedora dbus-daemon[3118]:   name:   active: True  busy: False
Aug 17 18:58:29 fedora dbus-daemon[3118]:   geometry: <parted.geometry.Geometry object at 0x7f748b75a630>  PedPartition: <_ped.Partition object at 0x7f748b760590>
Aug 17 18:58:29 fedora dbus-daemon[3118]: DEBUG:blivet:                  DeviceTree.get_device_by_id: id_num: 4 ; incomplete: False ; hidden: False ;
Aug 17 18:58:29 fedora dbus-daemon[3118]: DEBUG:blivet:                  DeviceTree.get_device_by_id returned existing 80 GiB disk vda (4) with non-existent gpt disklabel
Aug 17 18:58:29 fedora dbus-daemon[3118]: DEBUG:blivet:                   PartitionDevice._set_parted_partition: vda2 ;
Aug 17 18:58:29 fedora dbus-daemon[3118]: DEBUG:blivet:device vda2 new parted_partition parted.Partition instance --
Aug 17 18:58:29 fedora dbus-daemon[3118]:   disk: <parted.disk.Disk object at 0x7f749809b820>  fileSystem: None
Aug 17 18:58:29 fedora dbus-daemon[3118]:   number: 2  path: /dev/vda2  type: 0
Aug 17 18:58:29 fedora dbus-daemon[3118]:   name:   active: True  busy: False
Aug 17 18:58:29 fedora dbus-daemon[3118]:   geometry: <parted.geometry.Geometry object at 0x7f748b75a6f0>  PedPartition: <_ped.Partition object at 0x7f748b7605e0>
Aug 17 18:58:29 fedora dbus-daemon[3118]: DEBUG:blivet:                  DeviceTree.get_device_by_id: id_num: 4 ; incomplete: False ; hidden: False ;
Aug 17 18:58:29 fedora dbus-daemon[3118]: DEBUG:blivet:                  DeviceTree.get_device_by_id returned existing 80 GiB disk vda (4) with non-existent gpt disklabel
Aug 17 18:58:29 fedora dbus-daemon[3118]: DEBUG:blivet:                   PartitionDevice._set_parted_partition: vda3 ;
Aug 17 18:58:29 fedora dbus-daemon[3118]: DEBUG:blivet:device vda3 new parted_partition parted.Partition instance --
Aug 17 18:58:29 fedora dbus-daemon[3118]:   disk: <parted.disk.Disk object at 0x7f749809b820>  fileSystem: None
Aug 17 18:58:29 fedora dbus-daemon[3118]:   number: 3  path: /dev/vda3  type: 0
Aug 17 18:58:29 fedora dbus-daemon[3118]:   name:   active: True  busy: False
Aug 17 18:58:29 fedora dbus-daemon[3118]:   geometry: <parted.geometry.Geometry object at 0x7f748b75a7b0>  PedPartition: <_ped.Partition object at 0x7f748b760630>
Aug 17 18:58:29 fedora dbus-daemon[3118]: DEBUG:blivet:finished Blivet copy
Aug 17 18:58:29 fedora dbus-daemon[3118]: DEBUG:anaconda.storage:Finished a copy of the storage model.
Aug 17 18:58:29 fedora dbus-daemon[3118]: DEBUG:anaconda.modules.storage.bootloader.base:Is vda1 a valid stage1 target device?
Aug 17 18:58:29 fedora dbus-daemon[3118]: DEBUG:anaconda.modules.storage.bootloader.base:_is_valid_disklabel(vda1) returning True
Aug 17 18:58:29 fedora dbus-daemon[3118]: DEBUG:anaconda.modules.storage.bootloader.base:_is_valid_disklabel(vda1) returning True
Aug 17 18:58:29 fedora dbus-daemon[3118]: DEBUG:anaconda.modules.storage.bootloader.base:_is_valid_size(vda1) returning True
Aug 17 18:58:29 fedora dbus-daemon[3118]: DEBUG:anaconda.modules.storage.bootloader.base:_is_valid_location(vda1) returning True
Aug 17 18:58:29 fedora dbus-daemon[3118]: WARNING:anaconda.modules.storage.bootloader.base:vda1 not bootable
Aug 17 18:58:29 fedora dbus-daemon[3118]: DEBUG:anaconda.modules.storage.bootloader.base:_is_valid_format(vda1) returning True
Aug 17 18:58:29 fedora dbus-daemon[3118]: DEBUG:anaconda.modules.storage.bootloader.base:is_valid_stage1_device(vda1) returning True
Aug 17 18:58:29 fedora dbus-daemon[3118]: DEBUG:anaconda.modules.storage.bootloader.base:Is vda2 a valid stage2 target device?
Aug 17 18:58:29 fedora dbus-daemon[3118]: DEBUG:anaconda.modules.storage.bootloader.base:_is_valid_disklabel(vda2) returning True
Aug 17 18:58:29 fedora dbus-daemon[3118]: DEBUG:anaconda.modules.storage.bootloader.base:_is_valid_size(vda2) returning True
Aug 17 18:58:29 fedora dbus-daemon[3118]: DEBUG:anaconda.modules.storage.bootloader.base:_is_valid_partition(vda2) returning True
Aug 17 18:58:29 fedora dbus-daemon[3118]: DEBUG:anaconda.modules.storage.bootloader.base:_is_valid_format(vda2) returning True
Aug 17 18:58:29 fedora dbus-daemon[3118]: DEBUG:anaconda.modules.storage.bootloader.base:is_valid_stage2_device(vda2) returning True
Aug 17 18:58:29 fedora dbus-daemon[3118]: DEBUG:anaconda.modules.storage.checker.utils:Available memory: 3.92 GiB
Aug 17 18:58:29 fedora dbus-daemon[3118]: DEBUG:blivet:                 DeviceTree.get_device_by_path: path: /dev/vda1 ; incomplete: False ; hidden: False ;
Aug 17 18:58:29 fedora dbus-daemon[3118]: DEBUG:blivet:                 DeviceTree.get_device_by_path returned non-existent 1024 MiB partition vda1 (50) with non-existent efi filesystem mounted at /boot/efi
Aug 17 18:58:29 fedora dbus-daemon[3118]: DEBUG:blivet:                 DeviceTree.get_device_by_path: path: /dev/vda2 ; incomplete: False ; hidden: False ;
Aug 17 18:58:29 fedora dbus-daemon[3118]: DEBUG:blivet:                 DeviceTree.get_device_by_path returned non-existent 2 GiB partition vda2 (57) with non-existent ext4 filesystem mounted at /boot
Aug 17 18:58:29 fedora dbus-daemon[3118]: DEBUG:blivet:                 DeviceTree.get_device_by_path: path: /dev/vda3 ; incomplete: False ; hidden: False ;
Aug 17 18:58:29 fedora dbus-daemon[3118]: DEBUG:blivet:                 DeviceTree.get_device_by_path returned non-existent 77 GiB partition vda3 (64) with non-existent luks
Aug 17 18:58:29 fedora dbus-daemon[3118]: DEBUG:anaconda.modules.storage.partitioning.validate:Storage check started with constraints {'min_ram': Size (320 MiB), 'root_device_types': set(), 'min_partition_sizes': {'/': Size (250 MiB), '/usr': Size (250 MiB), '/tmp': Size (50 MiB), '/var': Size (384 MiB), '/home': Size (100 MiB), '/boot': Size (1024 MiB), '/boot/efi': Size (500 MiB)}, 'req_partition_sizes': {}, 'must_be_on_linuxfs': {'/', '/tmp', '/var', '/home', '/usr/lib', '/usr/share', '/usr'}, 'must_be_on_root': {'lost+found', '/proc', '/bin', '/dev', '/etc', '/mnt', '/lib', '/sbin', '/root'}, 'must_not_be_on_root': set(), 'reformat_allowlist': {'/var', '/usr', '/boot', '/tmp'}, 'reformat_blocklist': {'/opt', '/usr/local', '/var/www', '/home'}, 'swap_is_recommended': False, 'luks2_min_ram': Size (128 MiB)}.
Aug 17 18:58:29 fedora dbus-daemon[3118]: DEBUG:anaconda.modules.storage.partitioning.validate:Run sanity check verify_root.
Aug 17 18:58:29 fedora dbus-daemon[3118]: DEBUG:anaconda.modules.storage.partitioning.validate:Run sanity check verify_s390_constraints.
Aug 17 18:58:29 fedora dbus-daemon[3118]: DEBUG:anaconda.modules.storage.partitioning.validate:Run sanity check verify_partition_formatting.
Aug 17 18:58:29 fedora dbus-daemon[3118]: DEBUG:anaconda.modules.storage.partitioning.validate:Run sanity check verify_partition_sizes.
Aug 17 18:58:29 fedora dbus-daemon[3118]: DEBUG:anaconda.modules.storage.partitioning.validate:Run sanity check verify_partition_format_sizes.
Aug 17 18:58:29 fedora dbus-daemon[3118]: DEBUG:anaconda.modules.storage.partitioning.validate:Run sanity check verify_bootloader.
Aug 17 18:58:29 fedora dbus-daemon[3118]: DEBUG:anaconda.modules.storage.partitioning.validate:Run sanity check verify_gpt_biosboot.
Aug 17 18:58:29 fedora dbus-daemon[3118]: DEBUG:anaconda.modules.storage.partitioning.validate:Run sanity check verify_opal_compatibility.
Aug 17 18:58:29 fedora dbus-daemon[3118]: DEBUG:anaconda.modules.storage.partitioning.validate:Run sanity check verify_swap.
Aug 17 18:58:29 fedora dbus-daemon[3118]: DEBUG:anaconda.modules.storage.partitioning.validate:Run sanity check verify_swap_uuid.
Aug 17 18:58:29 fedora dbus-daemon[3118]: DEBUG:anaconda.modules.storage.partitioning.validate:Run sanity check verify_mountpoints_on_linuxfs.
Aug 17 18:58:29 fedora dbus-daemon[3118]: DEBUG:anaconda.modules.storage.partitioning.validate:Run sanity check verify_mountpoints_on_root.
Aug 17 18:58:29 fedora dbus-daemon[3118]: DEBUG:anaconda.modules.storage.partitioning.validate:Run sanity check verify_mountpoints_not_on_root.
Aug 17 18:58:29 fedora dbus-daemon[3118]: DEBUG:anaconda.modules.storage.partitioning.validate:Run sanity check verify_unlocked_devices_have_key.
Aug 17 18:58:29 fedora dbus-daemon[3118]: DEBUG:anaconda.modules.storage.partitioning.validate:Run sanity check verify_luks_devices_have_key.
Aug 17 18:58:29 fedora dbus-daemon[3118]: DEBUG:anaconda.modules.storage.partitioning.validate:Run sanity check verify_luks2_memory_requirements.
Aug 17 18:58:29 fedora dbus-daemon[3118]: DEBUG:anaconda.modules.storage.partitioning.validate:Run sanity check verify_mounted_partitions.
Aug 17 18:58:29 fedora dbus-daemon[3118]: DEBUG:anaconda.modules.storage.partitioning.validate:Run sanity check verify_lvm_destruction.
Aug 17 18:58:29 fedora dbus-daemon[3118]: DEBUG:anaconda.modules.storage.partitioning.validate:Run sanity check verify_requests.
Aug 17 18:58:29 fedora dbus-daemon[3118]: DEBUG:anaconda.modules.storage.partitioning.validate:Storage check finished with success.
Aug 17 18:58:29 fedora dbus-daemon[3118]: DEBUG:anaconda.modules.storage.storage:The storage model has changed.
Aug 17 18:58:29 fedora dbus-daemon[3118]: DEBUG:anaconda.modules.storage.storage:The partitioning CUSTOM is applied.
Aug 17 18:58:29 fedora dbus-daemon[1453]: DEBUG:anaconda.modules.boss.install_manager.install_manager:Module org.fedoraproject.Anaconda.Modules.Services requires: []
Aug 17 18:58:29 fedora dbus-daemon[1453]: DEBUG:anaconda.modules.boss.install_manager.install_manager:Module org.fedoraproject.Anaconda.Modules.Security requires: []
Aug 17 18:58:29 fedora dbus-daemon[1453]: DEBUG:anaconda.modules.boss.install_manager.install_manager:Module org.fedoraproject.Anaconda.Modules.Runtime requires: []
Aug 17 18:58:29 fedora dbus-daemon[1453]: DEBUG:anaconda.modules.boss.install_manager.install_manager:Module org.fedoraproject.Anaconda.Modules.Users requires: []
Aug 17 18:58:29 fedora dbus-daemon[1453]: DEBUG:anaconda.modules.boss.install_manager.install_manager:Module org.fedoraproject.Anaconda.Modules.Payloads requires: []
Aug 17 18:58:29 fedora dbus-daemon[1453]: DEBUG:anaconda.modules.boss.install_manager.install_manager:Module org.fedoraproject.Anaconda.Modules.Storage requires: [Requirement(name='cryptsetup', reason='Required to manage storage devices.', type='package'), Requirement(name='dosfstools', reason='Required to manage storage devices.', type='package'), Requirement(name='e2fsprogs', reason='Required to manage storage devices.', type='package'), Requirement(name='grub2-efi-x64', reason='Necessary for the bootloader configuration.', type='package'), Requirement(name='shim-x64', reason='Necessary for the bootloader configuration.', type='package'), Requirement(name='efibootmgr', reason='Necessary for the bootloader configuration.', type='package'), Requirement(name='grub2-tools', reason='Necessary for the bootloader configuration.', type='package'), Requirement(name='grub2-tools-extra', reason='Necessary for the bootloader configuration.', type='package'), Requirement(name='grubby', reason='Necessary for the bootloader configuration.', type='package')]
Aug 17 18:58:29 fedora dbus-daemon[1453]: DEBUG:anaconda.modules.boss.install_manager.install_manager:Module org.fedoraproject.Anaconda.Modules.Localization requires: []
Aug 17 18:58:29 fedora dbus-daemon[1453]: DEBUG:anaconda.modules.boss.install_manager.install_manager:Module org.fedoraproject.Anaconda.Modules.Timezone requires: [Requirement(name='chrony', reason='Needed to run NTP service.', type='package')]
Aug 17 18:58:29 fedora dbus-daemon[1453]: DEBUG:anaconda.modules.boss.install_manager.install_manager:Module org.fedoraproject.Anaconda.Modules.Network requires: [Requirement(name='firewalld', reason='Requested by the firewall kickstart command.', type='package')]
Aug 17 18:58:29 fedora dbus-daemon[1453]: DEBUG:dasbus.connection:Publishing an object at /org/fedoraproject/Anaconda/Boss/Task/2.
Aug 17 18:58:29 fedora dbus-daemon[1453]: INFO:anaconda.core.threads:Running Thread: AnaTaskThread-RunInstallationTask-1 (140428786529984)
Aug 17 18:58:29 fedora dbus-daemon[1453]: INFO:anaconda.modules.common.task.task:Run the installation queue.
Aug 17 18:58:29 fedora dbus-daemon[3106]: DEBUG:anaconda.modules.localization.localed:Not using localed service: system does not provide system bus according to configuration.
Aug 17 18:58:29 fedora dbus-daemon[3106]: DEBUG:dasbus.connection:Publishing an object at /org/fedoraproject/Anaconda/Modules/Localization/Task/1.
Aug 17 18:58:29 fedora dbus-daemon[3118]: DEBUG:dasbus.connection:Publishing an object at /org/fedoraproject/Anaconda/Modules/Storage/Task/4.
Aug 17 18:58:29 fedora dbus-daemon[3118]: DEBUG:dasbus.connection:Publishing an object at /org/fedoraproject/Anaconda/Modules/Storage/Task/5.
Aug 17 18:58:29 fedora dbus-daemon[3094]: DEBUG:anaconda.modules.runtime.scripts.scripts:Running 3 scripts with task
Aug 17 18:58:29 fedora dbus-daemon[3094]: DEBUG:dasbus.connection:Publishing an object at /org/fedoraproject/Anaconda/Modules/Runtime/Task/1.
Aug 17 18:58:29 fedora dbus-daemon[3096]: DEBUG:dasbus.connection:Publishing an object at /org/fedoraproject/Anaconda/Modules/Security/Task/1.
Aug 17 18:58:29 fedora dbus-daemon[3096]: DEBUG:dasbus.connection:Publishing an object at /org/fedoraproject/Anaconda/Modules/Security/Task/2.
Aug 17 18:58:29 fedora dbus-daemon[3096]: DEBUG:dasbus.connection:Publishing an object at /org/fedoraproject/Anaconda/Modules/Security/Task/3.
Aug 17 18:58:29 fedora dbus-daemon[3103]: DEBUG:dasbus.connection:Publishing an object at /org/fedoraproject/Anaconda/Modules/Payloads/Task/1.
Aug 17 18:58:29 fedora dbus-daemon[3103]: DEBUG:dasbus.connection:Publishing an object at /org/fedoraproject/Anaconda/Modules/Payloads/Task/2.
Aug 17 18:58:29 fedora dbus-daemon[3103]: DEBUG:dasbus.connection:Publishing an object at /org/fedoraproject/Anaconda/Modules/Payloads/Task/3.
Aug 17 18:58:29 fedora dbus-daemon[3103]: DEBUG:dasbus.connection:Publishing an object at /org/fedoraproject/Anaconda/Modules/Payloads/Task/4.
Aug 17 18:58:29 fedora dbus-daemon[3103]: DEBUG:dasbus.connection:Publishing an object at /org/fedoraproject/Anaconda/Modules/Payloads/Task/5.
Aug 17 18:58:29 fedora dbus-daemon[3103]: DEBUG:dasbus.connection:Publishing an object at /org/fedoraproject/Anaconda/Modules/Payloads/Task/6.
Aug 17 18:58:29 fedora dbus-daemon[3103]: DEBUG:dasbus.connection:Publishing an object at /org/fedoraproject/Anaconda/Modules/Payloads/Task/7.
Aug 17 18:58:29 fedora dbus-daemon[3118]: DEBUG:dasbus.connection:Publishing an object at /org/fedoraproject/Anaconda/Modules/Storage/Task/6.
Aug 17 18:58:29 fedora dbus-daemon[3103]: DEBUG:dasbus.connection:Publishing an object at /org/fedoraproject/Anaconda/Modules/Payloads/Task/8.
Aug 17 18:58:29 fedora dbus-daemon[3103]: DEBUG:dasbus.connection:Publishing an object at /org/fedoraproject/Anaconda/Modules/Payloads/Task/9.
Aug 17 18:58:29 fedora dbus-daemon[3103]: DEBUG:dasbus.connection:Publishing an object at /org/fedoraproject/Anaconda/Modules/Payloads/Task/10.
Aug 17 18:58:29 fedora dbus-daemon[3096]: DEBUG:dasbus.connection:Publishing an object at /org/fedoraproject/Anaconda/Modules/Security/Task/4.
Aug 17 18:58:29 fedora dbus-daemon[3096]: DEBUG:anaconda.modules.security.security:No fingerprint (without args) and no KS authselect; nothing to configure.
Aug 17 18:58:29 fedora dbus-daemon[3096]: DEBUG:dasbus.connection:Publishing an object at /org/fedoraproject/Anaconda/Modules/Security/Task/5.
Aug 17 18:58:29 fedora dbus-daemon[3112]: DEBUG:dasbus.connection:Publishing an object at /org/fedoraproject/Anaconda/Modules/Timezone/Task/1.
Aug 17 18:58:29 fedora dbus-daemon[3112]: DEBUG:dasbus.connection:Publishing an object at /org/fedoraproject/Anaconda/Modules/Timezone/Task/2.
Aug 17 18:58:29 fedora dbus-daemon[3112]: DEBUG:dasbus.connection:Publishing an object at /org/fedoraproject/Anaconda/Modules/Timezone/Task/3.
Aug 17 18:58:29 fedora dbus-daemon[3089]: DEBUG:dasbus.connection:Publishing an object at /org/fedoraproject/Anaconda/Modules/Services/Task/1.
Aug 17 18:58:29 fedora dbus-daemon[3089]: DEBUG:dasbus.connection:Publishing an object at /org/fedoraproject/Anaconda/Modules/Services/Task/2.
Aug 17 18:58:29 fedora dbus-daemon[3089]: DEBUG:dasbus.connection:Publishing an object at /org/fedoraproject/Anaconda/Modules/Services/Task/3.
Aug 17 18:58:29 fedora dbus-daemon[3089]: DEBUG:dasbus.connection:Publishing an object at /org/fedoraproject/Anaconda/Modules/Services/Task/4.
Aug 17 18:58:29 fedora dbus-daemon[3089]: DEBUG:dasbus.connection:Publishing an object at /org/fedoraproject/Anaconda/Modules/Services/Task/5.
Aug 17 18:58:29 fedora dbus-daemon[3106]: DEBUG:dasbus.connection:Publishing an object at /org/fedoraproject/Anaconda/Modules/Localization/Task/2.
Aug 17 18:58:29 fedora dbus-daemon[3106]: DEBUG:dasbus.connection:Publishing an object at /org/fedoraproject/Anaconda/Modules/Localization/Task/3.
Aug 17 18:58:29 fedora dbus-daemon[3116]: DEBUG:dasbus.connection:Publishing an object at /org/fedoraproject/Anaconda/Modules/Network/Task/1.
Aug 17 18:58:29 fedora dbus-daemon[3092]: DEBUG:dasbus.connection:Publishing an object at /org/fedoraproject/Anaconda/Modules/Users/Task/1.
Aug 17 18:58:29 fedora dbus-daemon[3092]: DEBUG:dasbus.connection:Publishing an object at /org/fedoraproject/Anaconda/Modules/Users/Task/2.
Aug 17 18:58:29 fedora dbus-daemon[3092]: DEBUG:dasbus.connection:Publishing an object at /org/fedoraproject/Anaconda/Modules/Users/Task/3.
Aug 17 18:58:29 fedora dbus-daemon[3092]: DEBUG:dasbus.connection:Publishing an object at /org/fedoraproject/Anaconda/Modules/Users/Task/4.
Aug 17 18:58:29 fedora dbus-daemon[3092]: DEBUG:dasbus.connection:Publishing an object at /org/fedoraproject/Anaconda/Modules/Users/Task/5.
Aug 17 18:58:29 fedora dbus-daemon[3096]: DEBUG:dasbus.connection:Publishing an object at /org/fedoraproject/Anaconda/Modules/Security/Task/6.
Aug 17 18:58:29 fedora dbus-daemon[3096]: DEBUG:dasbus.connection:Publishing an object at /org/fedoraproject/Anaconda/Modules/Security/Task/7.
Aug 17 18:58:29 fedora dbus-daemon[3118]: DEBUG:dasbus.connection:Publishing an object at /org/fedoraproject/Anaconda/Modules/Storage/Task/7.
Aug 17 18:58:29 fedora dbus-daemon[3094]: DEBUG:anaconda.modules.runtime.scripts.scripts:Running 1 scripts with task
Aug 17 18:58:29 fedora dbus-daemon[3094]: DEBUG:dasbus.connection:Publishing an object at /org/fedoraproject/Anaconda/Modules/Runtime/Task/2.
Aug 17 18:58:29 fedora dbus-daemon[1453]: INFO:anaconda.modules.boss.installation:Top-level task queue: Complete installation queue
Aug 17 18:58:29 fedora dbus-daemon[1453]: Number of task queues: 17
Aug 17 18:58:29 fedora dbus-daemon[1453]: Number of tasks: 46
Aug 17 18:58:29 fedora dbus-daemon[1453]: Task & task group listing:
Aug 17 18:58:29 fedora dbus-daemon[1453]:  Task queue: Installation queue
Aug 17 18:58:29 fedora dbus-daemon[1453]:   Task queue: Installation environment setup
Aug 17 18:58:29 fedora dbus-daemon[1453]:    Task: Get missing keyboard settings.
Aug 17 18:58:29 fedora dbus-daemon[1453]:   Task queue: Early storage configuration
Aug 17 18:58:29 fedora dbus-daemon[1453]:    Task: Create storage layout
Aug 17 18:58:29 fedora dbus-daemon[1453]:    Task: Mount filesystems
Aug 17 18:58:29 fedora dbus-daemon[1453]:   Task queue: Pre-install scripts
Aug 17 18:58:29 fedora dbus-daemon[1453]:    Task: Run scripts
Aug 17 18:58:29 fedora dbus-daemon[1453]:   Task queue: Pre install tasks
Aug 17 18:58:29 fedora dbus-daemon[1453]:    Task: Discover information about a realm
Aug 17 18:58:29 fedora dbus-daemon[1453]:    Task: Set up FIPS for the payload installation
Aug 17 18:58:29 fedora dbus-daemon[1453]:    Task: Import CA certificates
Aug 17 18:58:29 fedora dbus-daemon[1453]:   Task queue: Payload installation
Aug 17 18:58:29 fedora dbus-daemon[1453]:    Task: Prepare system for installation
Aug 17 18:58:29 fedora dbus-daemon[1453]:    Task: Initialize OSTree file system and repository
Aug 17 18:58:29 fedora dbus-daemon[1453]:    Task: Change OSTree remote
Aug 17 18:58:29 fedora dbus-daemon[1453]:    Task: Deploy OSTree
Aug 17 18:58:29 fedora dbus-daemon[1453]:    Task: Set OSTree system root
Aug 17 18:58:29 fedora dbus-daemon[1453]:    Task: Copy OSTree bootloader data
Aug 17 18:58:29 fedora dbus-daemon[1453]:    Task: Prepare OSTree mount targets
Aug 17 18:58:29 fedora dbus-daemon[1453]:   Task queue: Late storage configuration
Aug 17 18:58:29 fedora dbus-daemon[1453]:    Task: Write the storage configuration
Aug 17 18:58:29 fedora dbus-daemon[1453]:   Task queue: Bootloader installation
Aug 17 18:58:29 fedora dbus-daemon[1453]:    Task: Configure bootloader
Aug 17 18:58:29 fedora dbus-daemon[1453]:    Task: Install bootloader
Aug 17 18:58:29 fedora dbus-daemon[1453]:   Task queue: Post-installation setup tasks
Aug 17 18:58:29 fedora dbus-daemon[1453]:    Task: Copy driver disks files
Aug 17 18:58:29 fedora dbus-daemon[1453]:    Task: Change OSTree remote
Aug 17 18:58:29 fedora dbus-daemon[1453]:    Task: Configure OSTree bootloader
Aug 17 18:58:29 fedora dbus-daemon[1453]:  Task queue: Configuration queue
Aug 17 18:58:29 fedora dbus-daemon[1453]:   Task queue: Certificates import
Aug 17 18:58:29 fedora dbus-daemon[1453]:    Task: Import CA certificates
Aug 17 18:58:29 fedora dbus-daemon[1453]:   Task queue: Installed system configuration
Aug 17 18:58:29 fedora dbus-daemon[1453]:    Task: Configure SELinux
Aug 17 18:58:29 fedora dbus-daemon[1453]:    Task: Set the Hardware Clock from the System Clock
Aug 17 18:58:29 fedora dbus-daemon[1453]:    Task: Configure time zone
Aug 17 18:58:29 fedora dbus-daemon[1453]:    Task: Configure NTP
Aug 17 18:58:29 fedora dbus-daemon[1453]:    Task: Configure Initial Setup
Aug 17 18:58:29 fedora dbus-daemon[1453]:    Task: Configure post-installation tools
Aug 17 18:58:29 fedora dbus-daemon[1453]:    Task: Configure services
Aug 17 18:58:29 fedora dbus-daemon[1453]:    Task: Configure systemd default target
Aug 17 18:58:29 fedora dbus-daemon[1453]:    Task: Configure default desktop
Aug 17 18:58:29 fedora dbus-daemon[1453]:    Task: Configure language
Aug 17 18:58:29 fedora dbus-daemon[1453]:    Task: Configure keyboard
Aug 17 18:58:29 fedora dbus-daemon[1453]:    Task: Configure firewall
Aug 17 18:58:29 fedora dbus-daemon[1453]:   Task queue: User creation
Aug 17 18:58:29 fedora dbus-daemon[1453]:    Task: Create groups
Aug 17 18:58:29 fedora dbus-daemon[1453]:    Task: Create users
Aug 17 18:58:29 fedora dbus-daemon[1453]:    Task: Configure root password
Aug 17 18:58:29 fedora dbus-daemon[1453]:    Task: Set SSH keys
Aug 17 18:58:29 fedora dbus-daemon[1453]:    Task: Configure optional root password SSH login
Aug 17 18:58:29 fedora dbus-daemon[1453]:   Task queue: Anaconda addon configuration
Aug 17 18:58:29 fedora dbus-daemon[1453]:   Task queue: Initramfs generation
Aug 17 18:58:29 fedora dbus-daemon[1453]:    Task: Generate initramfs
Aug 17 18:58:29 fedora dbus-daemon[1453]:   Task: Configure FIPS
Aug 17 18:58:29 fedora dbus-daemon[1453]:   Task: Join a realm
Aug 17 18:58:29 fedora dbus-daemon[1453]:   Task: Rerun zipl
Aug 17 18:58:29 fedora dbus-daemon[1453]:   Task queue: Write configs and kickstarts
Aug 17 18:58:29 fedora dbus-daemon[1453]:    Task: Store kickstarts
Aug 17 18:58:29 fedora dbus-daemon[1453]:   Task queue: Post installation scripts
Aug 17 18:58:29 fedora dbus-daemon[1453]:    Task: Run scripts
Aug 17 18:58:29 fedora dbus-daemon[1453]:   Task: Copy installation logs
Aug 17 18:58:29 fedora dbus-daemon[1453]:   Task: Set file contexts
Aug 17 18:58:29 fedora dbus-daemon[1453]: INFO:anaconda.modules.boss.installation:Task started: Installation queue (1/46)
Aug 17 18:58:29 fedora dbus-daemon[1453]: INFO:anaconda.modules.boss.installation:Queue started: Installation queue (1/17)
Aug 17 18:58:29 fedora dbus-daemon[1453]: INFO:anaconda.modules.boss.installation:Queue started: Installation environment setup (2/17)
Aug 17 18:58:29 fedora dbus-daemon[3106]: INFO:anaconda.core.threads:Running Thread: AnaTaskThread-GetMissingKeyboardConfigurationTask-1 (140603988346560)
Aug 17 18:58:29 fedora dbus-daemon[3106]: INFO:anaconda.modules.common.task.task:Get missing keyboard settings.
Aug 17 18:58:29 fedora dbus-daemon[3106]: DEBUG:anaconda.modules.localization.utils:Keyboard layouts and virtual console keymap already set - nothing to do
Aug 17 18:58:29 fedora dbus-daemon[3106]: INFO:anaconda.core.threads:Thread Done: AnaTaskThread-GetMissingKeyboardConfigurationTask-1 (140603988346560)
Aug 17 18:58:29 fedora dbus-daemon[3106]: DEBUG:anaconda.modules.localization.localization:Virtual console keymap is set to gb.
Aug 17 18:58:29 fedora dbus-daemon[3106]: DEBUG:anaconda.modules.localization.localization:X Layouts are set to ['gb'].
Aug 17 18:58:29 fedora dbus-daemon[1453]: INFO:anaconda.modules.boss.installation:Queue started: Early storage configuration (3/17)
Aug 17 18:58:29 fedora dbus-daemon[3118]: INFO:anaconda.core.threads:Running Thread: AnaTaskThread-CreateStorageLayoutTask-1 (140138532300480)
Aug 17 18:58:29 fedora dbus-daemon[3118]: INFO:anaconda.modules.common.task.task:Create storage layout
Aug 17 18:58:29 fedora dbus-daemon[3118]: DEBUG:blivet:            PartitionDevice.teardown: vda1 ; status: False ; controllable: True ;
Aug 17 18:58:29 fedora dbus-daemon[3118]: DEBUG:blivet:                DiskDevice.teardown: vda ; status: True ; controllable: True ;
Aug 17 18:58:29 fedora dbus-daemon[3118]: DEBUG:blivet:                    DeviceFormat.teardown: device: /dev/vda ; type: None ; status: False ;
Aug 17 18:58:29 fedora dbus-daemon[3118]: DEBUG:blivet:            PartitionDevice.teardown: vda2 ; status: False ; controllable: True ;
Aug 17 18:58:29 fedora dbus-daemon[3118]: DEBUG:blivet:                DiskDevice.teardown: vda ; status: True ; controllable: True ;
Aug 17 18:58:29 fedora dbus-daemon[3118]: DEBUG:blivet:                    DeviceFormat.teardown: device: /dev/vda ; type: None ; status: False ;
Aug 17 18:58:29 fedora dbus-daemon[3118]: DEBUG:blivet:            LUKSDevice.teardown: luks-vda3 ; status: False ; controllable: True ;
Aug 17 18:58:29 fedora dbus-daemon[3118]: DEBUG:blivet:                PartitionDevice.teardown: vda3 ; status: False ; controllable: True ;
Aug 17 18:58:29 fedora dbus-daemon[3118]: DEBUG:blivet:                    DiskDevice.teardown: vda ; status: True ; controllable: True ;
Aug 17 18:58:29 fedora dbus-daemon[3118]: DEBUG:blivet:                        DeviceFormat.teardown: device: /dev/vda ; type: None ; status: False ;
Aug 17 18:58:29 fedora dbus-daemon[3118]: DEBUG:blivet:action: [43] destroy format None on disk vda (id 4)
Aug 17 18:58:29 fedora dbus-daemon[3118]: DEBUG:blivet:action: [45] destroy format None on disk vda (id 4)
Aug 17 18:58:29 fedora dbus-daemon[3118]: DEBUG:blivet:action: [48] create format gpt disklabel on disk vda (id 4)
Aug 17 18:58:29 fedora dbus-daemon[3118]: DEBUG:blivet:action: [53] create device partition vda1 (id 50)
Aug 17 18:58:29 fedora dbus-daemon[3118]: DEBUG:blivet:action: [54] create format efi filesystem mounted at /boot/efi on partition vda1 (id 50)
Aug 17 18:58:29 fedora dbus-daemon[3118]: DEBUG:blivet:action: [60] create device partition vda2 (id 57)
Aug 17 18:58:29 fedora dbus-daemon[3118]: DEBUG:blivet:action: [61] create format ext4 filesystem mounted at /boot on partition vda2 (id 57)
Aug 17 18:58:29 fedora dbus-daemon[3118]: DEBUG:blivet:action: [67] create device partition vda3 (id 64)
Aug 17 18:58:29 fedora dbus-daemon[3118]: DEBUG:blivet:action: [68] create format luks on partition vda3 (id 64)
Aug 17 18:58:29 fedora dbus-daemon[3118]: DEBUG:blivet:action: [74] create device luks/dm-crypt luks-vda3 (id 71)
Aug 17 18:58:29 fedora dbus-daemon[3118]: DEBUG:blivet:action: [75] create format ext4 filesystem mounted at / on luks/dm-crypt luks-vda3 (id 71)
Aug 17 18:58:29 fedora dbus-daemon[3118]: INFO:blivet:pruning action queue...
Aug 17 18:58:29 fedora dbus-daemon[3118]: INFO:blivet:removing obsolete action 45 (43)
Aug 17 18:58:29 fedora dbus-daemon[3118]: INFO:blivet:resetting parted disks...
Aug 17 18:58:29 fedora dbus-daemon[3118]: DEBUG:blivet:                DiskLabel.reset_parted_disk: device: /dev/vda ;
Aug 17 18:58:29 fedora dbus-daemon[3118]: DEBUG:blivet:                PartitionDevice.pre_commit_fixup: vda1 ;
Aug 17 18:58:29 fedora dbus-daemon[3118]: DEBUG:blivet:                PartitionDevice.pre_commit_fixup: vda2 ;
Aug 17 18:58:29 fedora dbus-daemon[3118]: DEBUG:blivet:                PartitionDevice.pre_commit_fixup: vda3 ;
Aug 17 18:58:29 fedora dbus-daemon[3118]: INFO:blivet:sorting actions...
Aug 17 18:58:29 fedora dbus-daemon[3118]: DEBUG:blivet:action: [43] destroy format None on disk vda (id 4)
Aug 17 18:58:29 fedora dbus-daemon[3118]: DEBUG:blivet:action: [48] create format gpt disklabel on disk vda (id 4)
Aug 17 18:58:29 fedora dbus-daemon[3118]: DEBUG:blivet:action: [53] create device partition vda1 (id 50)
Aug 17 18:58:29 fedora dbus-daemon[3118]: DEBUG:blivet:action: [60] create device partition vda2 (id 57)
Aug 17 18:58:29 fedora dbus-daemon[3118]: DEBUG:blivet:action: [67] create device partition vda3 (id 64)
Aug 17 18:58:29 fedora dbus-daemon[3118]: DEBUG:blivet:action: [68] create format luks on partition vda3 (id 64)
Aug 17 18:58:29 fedora dbus-daemon[3118]: DEBUG:blivet:action: [74] create device luks/dm-crypt luks-vda3 (id 71)
Aug 17 18:58:29 fedora dbus-daemon[3118]: DEBUG:blivet:action: [75] create format ext4 filesystem mounted at / on luks/dm-crypt luks-vda3 (id 71)
Aug 17 18:58:29 fedora dbus-daemon[3118]: DEBUG:blivet:action: [61] create format ext4 filesystem mounted at /boot on partition vda2 (id 57)
Aug 17 18:58:29 fedora dbus-daemon[3118]: DEBUG:blivet:action: [54] create format efi filesystem mounted at /boot/efi on partition vda1 (id 50)
Aug 17 18:58:29 fedora dbus-daemon[3118]: INFO:blivet:executing action: [43] destroy format None on disk vda (id 4)
Aug 17 18:58:29 fedora dbus-daemon[3118]: DEBUG:blivet:                DiskDevice.setup: vda ; orig: True ; status: True ; controllable: True ;
Aug 17 18:58:29 fedora dbus-daemon[3118]: DEBUG:blivet:                DeviceFormat.destroy: device: /dev/vda ; type: None ; status: False ;
Aug 17 18:58:29 fedora dbus-daemon[3118]: INFO:program:Running... udevadm settle --timeout=300
Aug 17 18:58:29 fedora dbus-daemon[3118]: DEBUG:program:Return code: 0
Aug 17 18:58:29 fedora dbus-daemon[3118]: INFO:program:Running... udevadm settle --timeout=300
Aug 17 18:58:29 fedora dbus-daemon[3118]: DEBUG:program:Return code: 0
Aug 17 18:58:29 fedora dbus-daemon[3118]: INFO:blivet:executing action: [48] create format gpt disklabel on disk vda (id 4)
Aug 17 18:58:29 fedora dbus-daemon[3118]: DEBUG:blivet:                DiskDevice.setup: vda ; orig: False ; status: True ; controllable: True ;
Aug 17 18:58:29 fedora dbus-daemon[3118]: DEBUG:blivet:                DiskLabel.create: device: /dev/vda ; type: disklabel ; status: False ;
Aug 17 18:58:29 fedora dbus-daemon[3118]: DEBUG:blivet:                  DiskLabel._create: device: /dev/vda ; type: disklabel ; status: False ;
Aug 17 18:58:29 fedora dbus-daemon[3118]: DEBUG:blivet:                    DiskLabel.commit: device: /dev/vda ; numparts: 0 ;
Aug 17 18:58:30 fedora dbus-daemon[3118]: INFO:program:Running... udevadm settle --timeout=300
Aug 17 18:58:30 fedora dbus-daemon[3118]: DEBUG:program:Return code: 0
Aug 17 18:58:30 fedora dbus-daemon[3118]: INFO:program:Running... udevadm settle --timeout=300
Aug 17 18:58:30 fedora dbus-daemon[3118]: DEBUG:program:Return code: 0
Aug 17 18:58:30 fedora dbus-daemon[3118]: DEBUG:blivet:                DiskDevice.update_sysfs_path: vda ; status: True ;
Aug 17 18:58:30 fedora dbus-daemon[3118]: DEBUG:blivet:vda sysfs_path set to /sys/devices/pci0000:00/0000:00:04.0/virtio3/block/vda
Aug 17 18:58:30 fedora dbus-daemon[3118]: INFO:blivet:executing action: [53] create device partition vda1 (id 50)
Aug 17 18:58:30 fedora dbus-daemon[3118]: DEBUG:blivet:                PartitionDevice.create: vda1 ; status: False ;
Aug 17 18:58:30 fedora dbus-daemon[3118]: DEBUG:blivet:                    PartitionDevice.setup_parents: name: vda1 ; orig: False ;
Aug 17 18:58:30 fedora dbus-daemon[3118]: DEBUG:blivet:                      DiskDevice.setup: vda ; orig: False ; status: True ; controllable: True ;
Aug 17 18:58:30 fedora dbus-daemon[3118]: DEBUG:blivet:                      DiskLabel.setup: device: /dev/vda ; type: disklabel ; status: False ;
Aug 17 18:58:30 fedora dbus-daemon[3118]: DEBUG:blivet:                  PartitionDevice._create: vda1 ; status: False ;
Aug 17 18:58:30 fedora dbus-daemon[3118]: DEBUG:blivet:                    PartitionDevice._wipe: vda1 ; status: False ;
Aug 17 18:58:30 fedora dbus-daemon[3118]: INFO:program:Running... dd if=/dev/zero of=/dev/vda bs=512 seek=2048 count=2048
Aug 17 18:58:30 fedora dbus-daemon[3118]: INFO:program:stderr:
Aug 17 18:58:30 fedora dbus-daemon[3118]: INFO:program:b'2048+0 records in'
Aug 17 18:58:30 fedora dbus-daemon[3118]: INFO:program:b'2048+0 records out'
Aug 17 18:58:30 fedora dbus-daemon[3118]: INFO:program:b'1048576 bytes (1.0 MB, 1.0 MiB) copied, 0.0243856 s, 43.0 MB/s'
Aug 17 18:58:30 fedora dbus-daemon[3118]: DEBUG:program:Return code: 0
Aug 17 18:58:30 fedora dbus-daemon[3118]: INFO:program:Running... udevadm settle --timeout=300
Aug 17 18:58:30 fedora dbus-daemon[3118]: DEBUG:program:Return code: 0
Aug 17 18:58:30 fedora dbus-daemon[3118]: INFO:program:Running... dd if=/dev/zero of=/dev/vda bs=512 seek=2097151 count=2048
Aug 17 18:58:30 fedora dbus-daemon[3118]: INFO:program:stderr:
Aug 17 18:58:30 fedora dbus-daemon[3118]: INFO:program:b'2048+0 records in'
Aug 17 18:58:30 fedora dbus-daemon[3118]: INFO:program:b'2048+0 records out'
Aug 17 18:58:30 fedora dbus-daemon[3118]: INFO:program:b'1048576 bytes (1.0 MB, 1.0 MiB) copied, 0.0834717 s, 12.6 MB/s'
Aug 17 18:58:30 fedora dbus-daemon[3118]: DEBUG:program:Return code: 0
Aug 17 18:58:30 fedora dbus-daemon[3118]: INFO:program:Running... udevadm settle --timeout=300
Aug 17 18:58:30 fedora dbus-daemon[3118]: DEBUG:program:Return code: 0
Aug 17 18:58:30 fedora dbus-daemon[3118]: DEBUG:blivet:                    DiskLabel.commit: device: /dev/vda ; numparts: 1 ;
Aug 17 18:58:30 fedora dbus-daemon[3118]: INFO:program:Running... udevadm settle --timeout=300
Aug 17 18:58:31 fedora audit[3183]: AVC avc:  denied  { relabelto } for  pid=3183 comm="(udev-worker)" name="vda1" dev="devtmpfs" ino=643 scontext=system_u:system_r:kernel_t:s0 tcontext=system_u:object_r:fixed_disk_device_t:s0 tclass=blk_file permissive=1
Aug 17 18:58:31 fedora audit[3183]: SYSCALL arch=c000003e syscall=188 success=yes exit=0 a0=7ffd635e50d0 a1=7f0930de006f a2=5580883d7940 a3=29 items=0 ppid=1040 pid=3183 auid=4294967295 uid=0 gid=0 euid=0 suid=0 fsuid=0 egid=0 sgid=0 fsgid=0 tty=(none) ses=4294967295 comm="(udev-worker)" exe="/usr/bin/udevadm" subj=system_u:system_r:kernel_t:s0 key=(null)
Aug 17 18:58:31 fedora audit: PROCTITLE proctitle="(udev-worker)"
Aug 17 18:58:31 fedora kernel: audit: type=1400 audit(1786993111.084:417): avc:  denied  { relabelto } for  pid=3183 comm="(udev-worker)" name="vda1" dev="devtmpfs" ino=643 scontext=system_u:system_r:kernel_t:s0 tcontext=system_u:object_r:fixed_disk_device_t:s0 tclass=blk_file permissive=1
Aug 17 18:58:31 fedora kernel: audit: type=1300 audit(1786993111.084:417): arch=c000003e syscall=188 success=yes exit=0 a0=7ffd635e50d0 a1=7f0930de006f a2=5580883d7940 a3=29 items=0 ppid=1040 pid=3183 auid=4294967295 uid=0 gid=0 euid=0 suid=0 fsuid=0 egid=0 sgid=0 fsgid=0 tty=(none) ses=4294967295 comm="(udev-worker)" exe="/usr/bin/udevadm" subj=system_u:system_r:kernel_t:s0 key=(null)
Aug 17 18:58:31 fedora dbus-daemon[3118]: DEBUG:program:Return code: 0
Aug 17 18:58:31 fedora dbus-daemon[3118]: DEBUG:blivet:post-commit partition path is /dev/vda1
Aug 17 18:58:31 fedora dbus-daemon[3118]: DEBUG:blivet:                      PartitionDevice._set_parted_partition: vda1 ;
Aug 17 18:58:31 fedora dbus-daemon[3118]: DEBUG:blivet:device vda1 new parted_partition parted.Partition instance --
Aug 17 18:58:31 fedora dbus-daemon[3118]:   disk: <parted.disk.Disk object at 0x7f7498ad9370>  fileSystem: None
Aug 17 18:58:31 fedora dbus-daemon[3118]:   number: 1  path: /dev/vda1  type: 0
Aug 17 18:58:31 fedora dbus-daemon[3118]:   name:   active: True  busy: False
Aug 17 18:58:31 fedora dbus-daemon[3118]:   geometry: <parted.geometry.Geometry object at 0x7f749806b4d0>  PedPartition: <_ped.Partition object at 0x7f749de8b740>
Aug 17 18:58:31 fedora dbus-daemon[3118]: DEBUG:blivet:                    DeviceFormat.destroy: device: /dev/vda1 ; type: None ; status: False ;
Aug 17 18:58:31 fedora dbus-daemon[3118]: INFO:program:Running... udevadm settle --timeout=300
Aug 17 18:58:31 fedora dbus-daemon[3118]: DEBUG:program:Return code: 0
Aug 17 18:58:31 fedora dbus-daemon[3118]: DEBUG:blivet:                      PartitionDevice.setup: vda1 ; orig: False ; status: True ; controllable: True ;
Aug 17 18:58:31 fedora dbus-daemon[3118]: DEBUG:blivet:                      PartitionDevice.update_sysfs_path: vda1 ; status: True ;
Aug 17 18:58:31 fedora dbus-daemon[3118]: DEBUG:blivet:vda1 sysfs_path set to /sys/devices/pci0000:00/0000:00:04.0/virtio3/block/vda/vda1
Aug 17 18:58:31 fedora dbus-daemon[3118]: INFO:program:Running... udevadm settle --timeout=300
Aug 17 18:58:31 fedora dbus-daemon[3118]: DEBUG:program:Return code: 0
Aug 17 18:58:31 fedora dbus-daemon[3118]: DEBUG:blivet:                            PartitionDevice.read_current_size: exists: True ; path: /dev/vda1 ; sysfs_path: /sys/devices/pci0000:00/0000:00:04.0/virtio3/block/vda/vda1 ;
Aug 17 18:58:31 fedora dbus-daemon[3118]: DEBUG:testdata:sysfs attr /sys/devices/pci0000:00/0000:00:04.0/virtio3/block/vda/vda1/size: 323039373135320a
Aug 17 18:58:31 fedora dbus-daemon[3118]: DEBUG:blivet:updated vda1 size to 1024 MiB (1024 MiB)
Aug 17 18:58:31 fedora dbus-daemon[3118]: INFO:blivet:executing action: [60] create device partition vda2 (id 57)
Aug 17 18:58:31 fedora dbus-daemon[3118]: DEBUG:blivet:                PartitionDevice.create: vda2 ; status: False ;
Aug 17 18:58:31 fedora dbus-daemon[3118]: DEBUG:blivet:                    PartitionDevice.setup_parents: name: vda2 ; orig: False ;
Aug 17 18:58:31 fedora dbus-daemon[3118]: DEBUG:blivet:                      DiskDevice.setup: vda ; orig: False ; status: True ; controllable: True ;
Aug 17 18:58:31 fedora dbus-daemon[3118]: DEBUG:blivet:                      DiskLabel.setup: device: /dev/vda ; type: disklabel ; status: False ;
Aug 17 18:58:31 fedora dbus-daemon[3118]: DEBUG:blivet:                  PartitionDevice._create: vda2 ; status: False ;
Aug 17 18:58:31 fedora dbus-daemon[3118]: DEBUG:blivet:                    PartitionDevice._wipe: vda2 ; status: False ;
Aug 17 18:58:31 fedora dbus-daemon[3118]: INFO:program:Running... dd if=/dev/zero of=/dev/vda bs=512 seek=2099200 count=2048
Aug 17 18:58:31 fedora dbus-daemon[3118]: INFO:program:stderr:
Aug 17 18:58:31 fedora dbus-daemon[3118]: INFO:program:b'2048+0 records in'
Aug 17 18:58:31 fedora dbus-daemon[3118]: INFO:program:b'2048+0 records out'
Aug 17 18:58:31 fedora dbus-daemon[3118]: INFO:program:b'1048576 bytes (1.0 MB, 1.0 MiB) copied, 0.0157504 s, 66.6 MB/s'
Aug 17 18:58:31 fedora dbus-daemon[3118]: DEBUG:program:Return code: 0
Aug 17 18:58:31 fedora dbus-daemon[3118]: INFO:program:Running... udevadm settle --timeout=300
Aug 17 18:58:32 fedora dbus-daemon[3118]: DEBUG:program:Return code: 0
Aug 17 18:58:32 fedora dbus-daemon[3118]: INFO:program:Running... dd if=/dev/zero of=/dev/vda bs=512 seek=6291455 count=2048
Aug 17 18:58:32 fedora dbus-daemon[3118]: INFO:program:stderr:
Aug 17 18:58:32 fedora dbus-daemon[3118]: INFO:program:b'2048+0 records in'
Aug 17 18:58:32 fedora dbus-daemon[3118]: INFO:program:b'2048+0 records out'
Aug 17 18:58:32 fedora dbus-daemon[3118]: INFO:program:b'1048576 bytes (1.0 MB, 1.0 MiB) copied, 0.0688558 s, 15.2 MB/s'
Aug 17 18:58:32 fedora dbus-daemon[3118]: DEBUG:program:Return code: 0
Aug 17 18:58:32 fedora dbus-daemon[3118]: INFO:program:Running... udevadm settle --timeout=300
Aug 17 18:58:32 fedora dbus-daemon[3118]: DEBUG:program:Return code: 0
Aug 17 18:58:32 fedora dbus-daemon[3118]: DEBUG:blivet:                    DiskLabel.commit: device: /dev/vda ; numparts: 2 ;
Aug 17 18:58:32 fedora dbus-daemon[3118]: INFO:program:Running... udevadm settle --timeout=300
Aug 17 18:58:32 fedora dbus-daemon[3118]: DEBUG:program:Return code: 0
Aug 17 18:58:32 fedora dbus-daemon[3118]: DEBUG:blivet:post-commit partition path is /dev/vda2
Aug 17 18:58:32 fedora dbus-daemon[3118]: DEBUG:blivet:                      PartitionDevice._set_parted_partition: vda2 ;
Aug 17 18:58:32 fedora dbus-daemon[3118]: DEBUG:blivet:device vda2 new parted_partition parted.Partition instance --
Aug 17 18:58:32 fedora dbus-daemon[3118]:   disk: <parted.disk.Disk object at 0x7f7498ad9370>  fileSystem: None
Aug 17 18:58:32 fedora dbus-daemon[3118]:   number: 2  path: /dev/vda2  type: 0
Aug 17 18:58:32 fedora dbus-daemon[3118]:   name:   active: True  busy: False
Aug 17 18:58:32 fedora dbus-daemon[3118]:   geometry: <parted.geometry.Geometry object at 0x7f74980dcd70>  PedPartition: <_ped.Partition object at 0x7f74980e4310>
Aug 17 18:58:32 fedora dbus-daemon[3118]: DEBUG:blivet:                    DeviceFormat.destroy: device: /dev/vda2 ; type: None ; status: False ;
Aug 17 18:58:32 fedora dbus-daemon[3118]: INFO:program:Running... udevadm settle --timeout=300
Aug 17 18:58:32 fedora dbus-daemon[3118]: DEBUG:program:Return code: 0
Aug 17 18:58:32 fedora dbus-daemon[3118]: DEBUG:blivet:                      PartitionDevice.setup: vda2 ; orig: False ; status: True ; controllable: True ;
Aug 17 18:58:32 fedora dbus-daemon[3118]: DEBUG:blivet:                      PartitionDevice.update_sysfs_path: vda2 ; status: True ;
Aug 17 18:58:32 fedora dbus-daemon[3118]: DEBUG:blivet:vda2 sysfs_path set to /sys/devices/pci0000:00/0000:00:04.0/virtio3/block/vda/vda2
Aug 17 18:58:32 fedora dbus-daemon[3118]: INFO:program:Running... udevadm settle --timeout=300
Aug 17 18:58:32 fedora dbus-daemon[3118]: DEBUG:program:Return code: 0
Aug 17 18:58:32 fedora dbus-daemon[3118]: DEBUG:blivet:                            PartitionDevice.read_current_size: exists: True ; path: /dev/vda2 ; sysfs_path: /sys/devices/pci0000:00/0000:00:04.0/virtio3/block/vda/vda2 ;
Aug 17 18:58:32 fedora dbus-daemon[3118]: DEBUG:testdata:sysfs attr /sys/devices/pci0000:00/0000:00:04.0/virtio3/block/vda/vda2/size: 343139343330340a
Aug 17 18:58:32 fedora dbus-daemon[3118]: DEBUG:blivet:updated vda2 size to 2 GiB (2 GiB)
Aug 17 18:58:32 fedora dbus-daemon[3118]: INFO:blivet:executing action: [67] create device partition vda3 (id 64)
Aug 17 18:58:32 fedora dbus-daemon[3118]: DEBUG:blivet:                PartitionDevice.create: vda3 ; status: False ;
Aug 17 18:58:32 fedora dbus-daemon[3118]: DEBUG:blivet:                    PartitionDevice.setup_parents: name: vda3 ; orig: False ;
Aug 17 18:58:32 fedora dbus-daemon[3118]: DEBUG:blivet:                      DiskDevice.setup: vda ; orig: False ; status: True ; controllable: True ;
Aug 17 18:58:32 fedora dbus-daemon[3118]: DEBUG:blivet:                      DiskLabel.setup: device: /dev/vda ; type: disklabel ; status: False ;
Aug 17 18:58:32 fedora dbus-daemon[3118]: DEBUG:blivet:                  PartitionDevice._create: vda3 ; status: False ;
Aug 17 18:58:32 fedora dbus-daemon[3118]: DEBUG:blivet:                    PartitionDevice._wipe: vda3 ; status: False ;
Aug 17 18:58:32 fedora dbus-daemon[3118]: INFO:program:Running... dd if=/dev/zero of=/dev/vda bs=512 seek=6293504 count=2048
Aug 17 18:58:32 fedora dbus-daemon[3118]: INFO:program:stderr:
Aug 17 18:58:32 fedora dbus-daemon[3118]: INFO:program:b'2048+0 records in'
Aug 17 18:58:32 fedora dbus-daemon[3118]: INFO:program:b'2048+0 records out'
Aug 17 18:58:32 fedora dbus-daemon[3118]: INFO:program:b'1048576 bytes (1.0 MB, 1.0 MiB) copied, 0.0125265 s, 83.7 MB/s'
Aug 17 18:58:32 fedora dbus-daemon[3118]: DEBUG:program:Return code: 0
Aug 17 18:58:32 fedora dbus-daemon[3118]: INFO:program:Running... udevadm settle --timeout=300
Aug 17 18:58:33 fedora dbus-daemon[3118]: DEBUG:program:Return code: 0
Aug 17 18:58:33 fedora systemd[1]: systemd-hostnamed.service: Deactivated successfully.
Aug 17 18:58:33 fedora audit[1]: SERVICE_STOP pid=1 uid=0 auid=4294967295 ses=4294967295 subj=system_u:system_r:kernel_t:s0 msg='unit=systemd-hostnamed comm="systemd" exe="/usr/lib/systemd/systemd" hostname=? addr=? terminal=? res=success'
Aug 17 18:58:33 fedora kernel: kauditd_printk_skb: 1 callbacks suppressed
Aug 17 18:58:33 fedora kernel: audit: type=1131 audit(1786993113.115:418): pid=1 uid=0 auid=4294967295 ses=4294967295 subj=system_u:system_r:kernel_t:s0 msg='unit=systemd-hostnamed comm="systemd" exe="/usr/lib/systemd/systemd" hostname=? addr=? terminal=? res=success'
Aug 17 18:58:33 fedora dbus-daemon[3118]: INFO:program:Running... dd if=/dev/zero of=/dev/vda bs=512 seek=167768063 count=2048
Aug 17 18:58:33 fedora audit: BPF prog-id=77 op=UNLOAD
Aug 17 18:58:33 fedora kernel: audit: type=1334 audit(1786993113.139:419): prog-id=77 op=UNLOAD
Aug 17 18:58:33 fedora dbus-daemon[3118]: INFO:program:stderr:
Aug 17 18:58:33 fedora dbus-daemon[3118]: INFO:program:b'2048+0 records in'
Aug 17 18:58:33 fedora dbus-daemon[3118]: INFO:program:b'2048+0 records out'
Aug 17 18:58:33 fedora dbus-daemon[3118]: INFO:program:b'1048576 bytes (1.0 MB, 1.0 MiB) copied, 0.0235084 s, 44.6 MB/s'
Aug 17 18:58:33 fedora dbus-daemon[3118]: DEBUG:program:Return code: 0
Aug 17 18:58:33 fedora dbus-daemon[3118]: INFO:program:Running... udevadm settle --timeout=300
Aug 17 18:58:34 fedora dbus-daemon[3118]: DEBUG:program:Return code: 0
Aug 17 18:58:34 fedora dbus-daemon[3118]: DEBUG:blivet:                    DiskLabel.commit: device: /dev/vda ; numparts: 3 ;
Aug 17 18:58:34 fedora dbus-daemon[3118]: INFO:program:Running... udevadm settle --timeout=300
Aug 17 18:58:34 fedora dbus-daemon[3118]: DEBUG:program:Return code: 0
Aug 17 18:58:34 fedora dbus-daemon[3118]: DEBUG:blivet:post-commit partition path is /dev/vda3
Aug 17 18:58:34 fedora dbus-daemon[3118]: DEBUG:blivet:                      PartitionDevice._set_parted_partition: vda3 ;
Aug 17 18:58:34 fedora dbus-daemon[3118]: DEBUG:blivet:device vda3 new parted_partition parted.Partition instance --
Aug 17 18:58:34 fedora dbus-daemon[3118]:   disk: <parted.disk.Disk object at 0x7f7498ad9370>  fileSystem: None
Aug 17 18:58:34 fedora dbus-daemon[3118]:   number: 3  path: /dev/vda3  type: 0
Aug 17 18:58:34 fedora dbus-daemon[3118]:   name:   active: True  busy: False
Aug 17 18:58:34 fedora dbus-daemon[3118]:   geometry: <parted.geometry.Geometry object at 0x7f748b7821b0>  PedPartition: <_ped.Partition object at 0x7f748b735990>
Aug 17 18:58:34 fedora dbus-daemon[3118]: DEBUG:blivet:                    DeviceFormat.destroy: device: /dev/vda3 ; type: None ; status: False ;
Aug 17 18:58:34 fedora dbus-daemon[3118]: INFO:program:Running... udevadm settle --timeout=300
Aug 17 18:58:34 fedora dbus-daemon[3118]: DEBUG:program:Return code: 0
Aug 17 18:58:34 fedora dbus-daemon[3118]: DEBUG:blivet:                      PartitionDevice.setup: vda3 ; orig: False ; status: True ; controllable: True ;
Aug 17 18:58:34 fedora dbus-daemon[3118]: DEBUG:blivet:                      PartitionDevice.update_sysfs_path: vda3 ; status: True ;
Aug 17 18:58:34 fedora dbus-daemon[3118]: DEBUG:blivet:vda3 sysfs_path set to /sys/devices/pci0000:00/0000:00:04.0/virtio3/block/vda/vda3
Aug 17 18:58:34 fedora dbus-daemon[3118]: INFO:program:Running... udevadm settle --timeout=300
Aug 17 18:58:34 fedora dbus-daemon[3118]: DEBUG:program:Return code: 0
Aug 17 18:58:34 fedora dbus-daemon[3118]: DEBUG:blivet:                            PartitionDevice.read_current_size: exists: True ; path: /dev/vda3 ; sysfs_path: /sys/devices/pci0000:00/0000:00:04.0/virtio3/block/vda/vda3 ;
Aug 17 18:58:34 fedora dbus-daemon[3118]: DEBUG:testdata:sysfs attr /sys/devices/pci0000:00/0000:00:04.0/virtio3/block/vda/vda3/size: 3136313437363630380a
Aug 17 18:58:34 fedora dbus-daemon[3118]: DEBUG:blivet:updated vda3 size to 77 GiB (77 GiB)
Aug 17 18:58:34 fedora dbus-daemon[3118]: INFO:blivet:executing action: [68] create format luks on partition vda3 (id 64)
Aug 17 18:58:34 fedora dbus-daemon[3118]: DEBUG:blivet:                PartitionDevice.unset_flag: path: /dev/vda3 ; flag: 1 ;
Aug 17 18:58:34 fedora dbus-daemon[3118]: DEBUG:blivet:                PartitionDevice.unset_flag: path: /dev/vda3 ; flag: 2 ;
Aug 17 18:58:34 fedora dbus-daemon[3118]: DEBUG:blivet:                PartitionDevice.unset_flag: path: /dev/vda3 ; flag: 3 ;
Aug 17 18:58:34 fedora dbus-daemon[3118]: DEBUG:blivet:                PartitionDevice.unset_flag: path: /dev/vda3 ; flag: 4 ;
Aug 17 18:58:34 fedora dbus-daemon[3118]: DEBUG:blivet:                PartitionDevice.unset_flag: path: /dev/vda3 ; flag: 5 ;
Aug 17 18:58:34 fedora dbus-daemon[3118]: DEBUG:blivet:                PartitionDevice.unset_flag: path: /dev/vda3 ; flag: 6 ;
Aug 17 18:58:34 fedora dbus-daemon[3118]: DEBUG:blivet:                PartitionDevice.unset_flag: path: /dev/vda3 ; flag: 8 ;
Aug 17 18:58:34 fedora dbus-daemon[3118]: DEBUG:blivet:                PartitionDevice.unset_flag: path: /dev/vda3 ; flag: 9 ;
Aug 17 18:58:34 fedora dbus-daemon[3118]: DEBUG:blivet:                PartitionDevice.unset_flag: path: /dev/vda3 ; flag: 10 ;
Aug 17 18:58:34 fedora dbus-daemon[3118]: DEBUG:blivet:                PartitionDevice.unset_flag: path: /dev/vda3 ; flag: 11 ;
Aug 17 18:58:34 fedora dbus-daemon[3118]: DEBUG:blivet:                PartitionDevice.unset_flag: path: /dev/vda3 ; flag: 12 ;
Aug 17 18:58:34 fedora dbus-daemon[3118]: DEBUG:blivet:                PartitionDevice.unset_flag: path: /dev/vda3 ; flag: 13 ;
Aug 17 18:58:34 fedora dbus-daemon[3118]: DEBUG:blivet:                PartitionDevice.unset_flag: path: /dev/vda3 ; flag: 14 ;
Aug 17 18:58:34 fedora dbus-daemon[3118]: DEBUG:blivet:                PartitionDevice.unset_flag: path: /dev/vda3 ; flag: 15 ;
Aug 17 18:58:34 fedora dbus-daemon[3118]: DEBUG:blivet:                PartitionDevice.unset_flag: path: /dev/vda3 ; flag: 16 ;
Aug 17 18:58:34 fedora dbus-daemon[3118]: DEBUG:blivet:                PartitionDevice.unset_flag: path: /dev/vda3 ; flag: 17 ;
Aug 17 18:58:34 fedora dbus-daemon[3118]: DEBUG:blivet:                PartitionDevice.unset_flag: path: /dev/vda3 ; flag: 18 ;
Aug 17 18:58:34 fedora dbus-daemon[3118]: DEBUG:blivet:                PartitionDevice.unset_flag: path: /dev/vda3 ; flag: 19 ;
Aug 17 18:58:34 fedora systemd[1]: systemd-localed.service: Deactivated successfully.
Aug 17 18:58:34 fedora dbus-daemon[3118]: DEBUG:blivet:                PartitionDevice.unset_flag: path: /dev/vda3 ; flag: 20 ;
Aug 17 18:58:34 fedora dbus-daemon[3118]: DEBUG:blivet:                PartitionDevice.unset_flag: path: /dev/vda3 ; flag: 21 ;
Aug 17 18:58:34 fedora dbus-daemon[3118]: DEBUG:blivet:                PartitionDevice.unset_flag: path: /dev/vda3 ; flag: 22 ;
Aug 17 18:58:34 fedora audit[1]: SERVICE_STOP pid=1 uid=0 auid=4294967295 ses=4294967295 subj=system_u:system_r:kernel_t:s0 msg='unit=systemd-localed comm="systemd" exe="/usr/lib/systemd/systemd" hostname=? addr=? terminal=? res=success'
Aug 17 18:58:34 fedora dbus-daemon[3118]: DEBUG:blivet:                DiskLabel.commit_to_disk: device: /dev/vda ; numparts: 3 ;
Aug 17 18:58:34 fedora kernel: audit: type=1131 audit(1786993114.206:420): pid=1 uid=0 auid=4294967295 ses=4294967295 subj=system_u:system_r:kernel_t:s0 msg='unit=systemd-localed comm="systemd" exe="/usr/lib/systemd/systemd" hostname=? addr=? terminal=? res=success'
Aug 17 18:58:34 fedora audit: BPF prog-id=87 op=UNLOAD
Aug 17 18:58:34 fedora audit: BPF prog-id=86 op=UNLOAD
Aug 17 18:58:34 fedora audit: BPF prog-id=85 op=UNLOAD
Aug 17 18:58:34 fedora kernel: audit: type=1334 audit(1786993114.217:421): prog-id=87 op=UNLOAD
Aug 17 18:58:34 fedora kernel: audit: type=1334 audit(1786993114.217:422): prog-id=86 op=UNLOAD
Aug 17 18:58:34 fedora kernel: audit: type=1334 audit(1786993114.217:423): prog-id=85 op=UNLOAD
Aug 17 18:58:34 fedora dbus-daemon[3118]: INFO:program:Running... udevadm settle --timeout=300
Aug 17 18:58:34 fedora dbus-daemon[3118]: DEBUG:program:Return code: 0
Aug 17 18:58:34 fedora dbus-daemon[3118]: DEBUG:blivet:                PartitionDevice.setup: vda3 ; orig: False ; status: True ; controllable: True ;
Aug 17 18:58:34 fedora dbus-daemon[3118]: DEBUG:blivet:                LUKS.create: device: /dev/vda3 ; type: luks ; status: False ;
Aug 17 18:58:34 fedora dbus-daemon[3118]: DEBUG:blivet:                  LUKS._create: device: /dev/vda3 ; type: luks ; status: False ;
Aug 17 18:58:34 fedora dbus-daemon[3118]: INFO:program:Running... blockdev --getss /dev/vda3
Aug 17 18:58:34 fedora dbus-daemon[3118]: INFO:program:stdout:
Aug 17 18:58:34 fedora dbus-daemon[3118]: INFO:program:512
Aug 17 18:58:34 fedora dbus-daemon[3118]: DEBUG:program:Return code: 0
Aug 17 18:58:34 fedora dbus-daemon[3118]: INFO:program:Running... blockdev --getpbsz /dev/vda3
Aug 17 18:58:34 fedora dbus-daemon[3118]: INFO:program:stdout:
Aug 17 18:58:34 fedora dbus-daemon[3118]: INFO:program:512
Aug 17 18:58:34 fedora dbus-daemon[3118]: DEBUG:program:Return code: 0
Aug 17 18:58:35 fedora malcontent-timerd[2163]: Exiting due to reaching inactivity timeout
Aug 17 18:58:35 fedora systemd[1]: malcontent-timerd.service: Deactivated successfully.
Aug 17 18:58:35 fedora audit[1]: SERVICE_STOP pid=1 uid=0 auid=4294967295 ses=4294967295 subj=system_u:system_r:kernel_t:s0 msg='unit=malcontent-timerd comm="systemd" exe="/usr/lib/systemd/systemd" hostname=? addr=? terminal=? res=success'
Aug 17 18:58:35 fedora kernel: audit: type=1131 audit(1786993115.025:424): pid=1 uid=0 auid=4294967295 ses=4294967295 subj=system_u:system_r:kernel_t:s0 msg='unit=malcontent-timerd comm="systemd" exe="/usr/lib/systemd/systemd" hostname=? addr=? terminal=? res=success'
Aug 17 18:58:35 fedora audit: BPF prog-id=90 op=UNLOAD
Aug 17 18:58:35 fedora audit: BPF prog-id=89 op=UNLOAD
Aug 17 18:58:35 fedora audit: BPF prog-id=88 op=UNLOAD
Aug 17 18:58:35 fedora kernel: audit: type=1334 audit(1786993115.049:425): prog-id=90 op=UNLOAD
Aug 17 18:58:35 fedora kernel: audit: type=1334 audit(1786993115.049:426): prog-id=89 op=UNLOAD
Aug 17 18:58:35 fedora kernel: audit: type=1334 audit(1786993115.049:427): prog-id=88 op=UNLOAD
Aug 17 18:58:46 fedora dbus-daemon[3118]: INFO:program:Running... udevadm settle --timeout=300
Aug 17 18:58:46 fedora dbus-daemon[3118]: DEBUG:program:Return code: 0
Aug 17 18:58:46 fedora dbus-daemon[3118]: DEBUG:blivet:                PartitionDevice.update_sysfs_path: vda3 ; status: True ;
Aug 17 18:58:46 fedora dbus-daemon[3118]: DEBUG:blivet:vda3 sysfs_path set to /sys/devices/pci0000:00/0000:00:04.0/virtio3/block/vda/vda3
Aug 17 18:58:46 fedora dbus-daemon[3118]: INFO:blivet:executing action: [74] create device luks/dm-crypt luks-vda3 (id 71)
Aug 17 18:58:46 fedora dbus-daemon[3118]: DEBUG:blivet:                LUKSDevice.create: luks-vda3 ; status: False ;
Aug 17 18:58:46 fedora dbus-daemon[3118]: DEBUG:blivet:                    LUKSDevice.setup_parents: name: luks-vda3 ; orig: False ;
Aug 17 18:58:46 fedora dbus-daemon[3118]: DEBUG:blivet:                      PartitionDevice.setup: vda3 ; orig: False ; status: True ; controllable: True ;
Aug 17 18:58:46 fedora dbus-daemon[3118]: DEBUG:blivet:                      LUKS.setup: device: /dev/vda3 ; type: luks ; status: False ;
Aug 17 18:58:46 fedora dbus-daemon[3118]: DEBUG:blivet:                        LUKS._setup: device: /dev/vda3 ; map_name: luks-04468761-7d67-4b8c-8a76-494a5b455f97 ; type: luks ; status: False ;
Aug 17 18:58:48 fedora audit[3118]: DM_CTRL module=crypt op=ctr ppid=3101 pid=3118 auid=4294967295 uid=0 gid=0 euid=0 suid=0 fsuid=0 egid=0 sgid=0 fsgid=0 tty=(none) ses=4294967295 comm="AnaTaskThread-C" exe="/usr/bin/python3.14" subj=system_u:system_r:kernel_t:s0 dev=252:0 error_msg='success' res=1
Aug 17 18:58:48 fedora kernel: audit: type=1338 audit(1786993128.408:428): module=crypt op=ctr ppid=3101 pid=3118 auid=4294967295 uid=0 gid=0 euid=0 suid=0 fsuid=0 egid=0 sgid=0 fsgid=0 tty=(none) ses=4294967295 comm="AnaTaskThread-C" exe="/usr/bin/python3.14" subj=system_u:system_r:kernel_t:s0 dev=252:0 error_msg='success' res=1
Aug 17 18:58:48 fedora audit[3118]: SYSCALL arch=c000003e syscall=16 success=yes exit=0 a0=d a1=c138fd09 a2=7f74900cd290 a3=55 items=8 ppid=3101 pid=3118 auid=4294967295 uid=0 gid=0 euid=0 suid=0 fsuid=0 egid=0 sgid=0 fsgid=0 tty=(none) ses=4294967295 comm="AnaTaskThread-C" exe="/usr/bin/python3.14" subj=system_u:system_r:kernel_t:s0 key=(null)
Aug 17 18:58:48 fedora audit: CWD cwd="/"
Aug 17 18:58:48 fedora audit: PATH item=0 name=(null) inode=45 dev=00:09 mode=040755 ouid=0 ogid=0 rdev=00:00 obj=system_u:object_r:debugfs_t:s0 nametype=PARENT cap_fp=0 cap_fi=0 cap_fe=0 cap_fver=0 cap_frootid=0
Aug 17 18:58:48 fedora audit: PATH item=1 name=(null) inode=26017 dev=00:09 mode=040755 ouid=0 ogid=0 rdev=00:00 obj=system_u:object_r:debugfs_t:s0 nametype=CREATE cap_fp=0 cap_fi=0 cap_fe=0 cap_fver=0 cap_frootid=0
Aug 17 18:58:48 fedora audit: PATH item=2 name=(null) inode=27 dev=00:09 mode=040755 ouid=0 ogid=0 rdev=00:00 obj=system_u:object_r:debugfs_t:s0 nametype=PARENT cap_fp=0 cap_fi=0 cap_fe=0 cap_fver=0 cap_frootid=0
Aug 17 18:58:48 fedora audit: PATH item=3 name=(null) inode=26018 dev=00:09 mode=040755 ouid=0 ogid=0 rdev=00:00 obj=system_u:object_r:debugfs_t:s0 nametype=CREATE cap_fp=0 cap_fi=0 cap_fe=0 cap_fver=0 cap_frootid=0
Aug 17 18:58:48 fedora audit: PATH item=4 name=(null) inode=26018 dev=00:09 mode=040755 ouid=0 ogid=0 rdev=00:00 obj=system_u:object_r:debugfs_t:s0 nametype=PARENT cap_fp=0 cap_fi=0 cap_fe=0 cap_fver=0 cap_frootid=0
Aug 17 18:58:48 fedora audit: PATH item=5 name=(null) inode=26019 dev=00:09 mode=0100444 ouid=0 ogid=0 rdev=00:00 obj=system_u:object_r:debugfs_t:s0 nametype=CREATE cap_fp=0 cap_fi=0 cap_fe=0 cap_fver=0 cap_frootid=0
Aug 17 18:58:48 fedora audit: PATH item=6 name=(null) inode=26018 dev=00:09 mode=040755 ouid=0 ogid=0 rdev=00:00 obj=system_u:object_r:debugfs_t:s0 nametype=PARENT cap_fp=0 cap_fi=0 cap_fe=0 cap_fver=0 cap_frootid=0
Aug 17 18:58:48 fedora audit: PATH item=7 name=(null) inode=26020 dev=00:09 mode=0100444 ouid=0 ogid=0 rdev=00:00 obj=system_u:object_r:debugfs_t:s0 nametype=CREATE cap_fp=0 cap_fi=0 cap_fe=0 cap_fver=0 cap_frootid=0
Aug 17 18:58:48 fedora audit: PROCTITLE proctitle=707974686F6E33002D6D007079616E61636F6E64612E6D6F64756C65732E73746F72616765
Aug 17 18:58:48 fedora kernel: audit: type=1300 audit(1786993128.408:428): arch=c000003e syscall=16 success=yes exit=0 a0=d a1=c138fd09 a2=7f74900cd290 a3=55 items=8 ppid=3101 pid=3118 auid=4294967295 uid=0 gid=0 euid=0 suid=0 fsuid=0 egid=0 sgid=0 fsgid=0 tty=(none) ses=4294967295 comm="AnaTaskThread-C" exe="/usr/bin/python3.14" subj=system_u:system_r:kernel_t:s0 key=(null)
Aug 17 18:58:48 fedora kernel: audit: type=1307 audit(1786993128.408:428): cwd="/"
Aug 17 18:58:48 fedora kernel: audit: type=1302 audit(1786993128.408:428): item=0 name=(null) inode=45 dev=00:09 mode=040755 ouid=0 ogid=0 rdev=00:00 obj=system_u:object_r:debugfs_t:s0 nametype=PARENT cap_fp=0 cap_fi=0 cap_fe=0 cap_fver=0 cap_frootid=0
Aug 17 18:58:48 fedora kernel: audit: type=1302 audit(1786993128.408:428): item=1 name=(null) inode=26017 dev=00:09 mode=040755 ouid=0 ogid=0 rdev=00:00 obj=system_u:object_r:debugfs_t:s0 nametype=CREATE cap_fp=0 cap_fi=0 cap_fe=0 cap_fver=0 cap_frootid=0
Aug 17 18:58:48 fedora kernel: audit: type=1302 audit(1786993128.408:428): item=2 name=(null) inode=27 dev=00:09 mode=040755 ouid=0 ogid=0 rdev=00:00 obj=system_u:object_r:debugfs_t:s0 nametype=PARENT cap_fp=0 cap_fi=0 cap_fe=0 cap_fver=0 cap_frootid=0
Aug 17 18:58:48 fedora kernel: audit: type=1302 audit(1786993128.408:428): item=3 name=(null) inode=26018 dev=00:09 mode=040755 ouid=0 ogid=0 rdev=00:00 obj=system_u:object_r:debugfs_t:s0 nametype=CREATE cap_fp=0 cap_fi=0 cap_fe=0 cap_fver=0 cap_frootid=0
Aug 17 18:58:48 fedora kernel: audit: type=1302 audit(1786993128.408:428): item=4 name=(null) inode=26018 dev=00:09 mode=040755 ouid=0 ogid=0 rdev=00:00 obj=system_u:object_r:debugfs_t:s0 nametype=PARENT cap_fp=0 cap_fi=0 cap_fe=0 cap_fver=0 cap_frootid=0
Aug 17 18:58:48 fedora kernel: audit: type=1302 audit(1786993128.408:428): item=5 name=(null) inode=26019 dev=00:09 mode=0100444 ouid=0 ogid=0 rdev=00:00 obj=system_u:object_r:debugfs_t:s0 nametype=CREATE cap_fp=0 cap_fi=0 cap_fe=0 cap_fver=0 cap_frootid=0
Aug 17 18:58:48 fedora kernel: audit: type=1302 audit(1786993128.408:428): item=6 name=(null) inode=26018 dev=00:09 mode=040755 ouid=0 ogid=0 rdev=00:00 obj=system_u:object_r:debugfs_t:s0 nametype=PARENT cap_fp=0 cap_fi=0 cap_fe=0 cap_fver=0 cap_frootid=0
Aug 17 18:58:48 fedora nfsrahead[4394]: skipping non-NFS device 252:0
Aug 17 18:58:48 fedora dbus-daemon[3118]: DEBUG:blivet:                      LUKSDevice._set_name: luks-vda3 ; status: False ;
Aug 17 18:58:48 fedora dbus-daemon[3118]: DEBUG:blivet:                      LUKSDevice.setup: luks-04468761-7d67-4b8c-8a76-494a5b455f97 ; orig: False ; status: True ; controllable: True ;
Aug 17 18:58:48 fedora dbus-daemon[3118]: DEBUG:blivet:                      LUKSDevice.update_sysfs_path: luks-04468761-7d67-4b8c-8a76-494a5b455f97 ; status: True ;
Aug 17 18:58:48 fedora dbus-daemon[3118]: DEBUG:blivet:luks-04468761-7d67-4b8c-8a76-494a5b455f97 sysfs_path set to /sys/devices/virtual/block/dm-0
Aug 17 18:58:48 fedora dbus-daemon[3118]: INFO:program:Running... udevadm settle --timeout=300
Aug 17 18:58:48 fedora dbus-daemon[3118]: DEBUG:program:Return code: 0
Aug 17 18:58:48 fedora dbus-daemon[3118]: DEBUG:blivet:                          LUKSDevice.read_current_size: exists: True ; path: /dev/mapper/luks-04468761-7d67-4b8c-8a76-494a5b455f97 ; sysfs_path: /sys/devices/virtual/block/dm-0 ;
Aug 17 18:58:48 fedora dbus-daemon[3118]: DEBUG:testdata:sysfs attr /sys/devices/virtual/block/dm-0/size: 3136313434333834300a
Aug 17 18:58:48 fedora dbus-daemon[3118]: DEBUG:blivet:updated luks-04468761-7d67-4b8c-8a76-494a5b455f97 size to 76.98 GiB (76.98 GiB)
Aug 17 18:58:48 fedora dbus-daemon[3118]: INFO:blivet:executing action: [75] create format ext4 filesystem mounted at / on luks/dm-crypt luks-04468761-7d67-4b8c-8a76-494a5b455f97 (id 71)
Aug 17 18:58:48 fedora dbus-daemon[3118]: DEBUG:blivet:                LUKSDevice.setup: luks-04468761-7d67-4b8c-8a76-494a5b455f97 ; orig: False ; status: True ; controllable: True ;
Aug 17 18:58:48 fedora dbus-daemon[3118]: DEBUG:blivet:                Ext4FS.create: device: /dev/mapper/luks-04468761-7d67-4b8c-8a76-494a5b455f97 ; type: ext4 ; status: False ;
Aug 17 18:58:48 fedora dbus-daemon[3118]: DEBUG:blivet:                  Ext4FS._create: type: ext4 ; device: /dev/mapper/luks-04468761-7d67-4b8c-8a76-494a5b455f97 ; mountpoint: / ;
Aug 17 18:58:48 fedora dbus-daemon[3118]: WARNING:py.warnings:/usr/lib/python3.14/site-packages/blivet/tasks/fsmkfs.py:279: DeprecationWarning: Passing arguments to gi.types.Boxed.__init__() is deprecated. All arguments passed will be ignored.
Aug 17 18:58:48 fedora dbus-daemon[3118]:   bd_options = BlockDev.FSMkfsOptions(label=self.fs.label if label else None,
Aug 17 18:58:48 fedora dbus-daemon[3118]: INFO:program:Running [6] mke2fs -t ext4 /dev/mapper/luks-04468761-7d67-4b8c-8a76-494a5b455f97 ...
Aug 17 18:58:51 fedora dbus-daemon[3118]: [122B blob data]
Aug 17 18:58:51 fedora dbus-daemon[3118]: Creating filesystem with 20180480 4k blocks and 5046272 inodes
Aug 17 18:58:51 fedora dbus-daemon[3118]: Filesystem UUID: 63a78e40-e07b-46da-901f-1ddba2dc39ae
Aug 17 18:58:51 fedora dbus-daemon[3118]: Superblock backups stored on blocks:
Aug 17 18:58:51 fedora dbus-daemon[3118]:         32768, 98304, 163840, 229376, 294912, 819200, 884736, 1605632, 2654208,
Aug 17 18:58:51 fedora dbus-daemon[3118]:         4096000, 7962624, 11239424
Aug 17 18:58:51 fedora dbus-daemon[3118]: [57B blob data]
Aug 17 18:58:51 fedora dbus-daemon[3118]: [54B blob data]
Aug 17 18:58:51 fedora dbus-daemon[3118]: Creating journal (131072 blocks): done
Aug 17 18:58:51 fedora dbus-daemon[3118]: [91B blob data]
Aug 17 18:58:51 fedora dbus-daemon[3118]: INFO:program:stderr[6]: mke2fs 1.47.3 (8-Jul-2025)
Aug 17 18:58:51 fedora dbus-daemon[3118]: INFO:program:...done [6] (exit code: 0)
Aug 17 18:58:51 fedora dbus-daemon[3118]: INFO:program:Running [7] tune2fs -L  /dev/mapper/luks-04468761-7d67-4b8c-8a76-494a5b455f97 ...
Aug 17 18:58:51 fedora dbus-daemon[3118]: INFO:program:stdout[7]: tune2fs 1.47.3 (8-Jul-2025)
Aug 17 18:58:51 fedora dbus-daemon[3118]: INFO:program:stderr[7]:
Aug 17 18:58:51 fedora dbus-daemon[3118]: INFO:program:...done [7] (exit code: 0)
Aug 17 18:58:51 fedora dbus-daemon[3118]: INFO:program:Running... udevadm settle --timeout=300
Aug 17 18:58:51 fedora dbus-daemon[3118]: DEBUG:program:Return code: 0
Aug 17 18:58:51 fedora dbus-daemon[3118]: DEBUG:blivet:                LUKSDevice.update_sysfs_path: luks-04468761-7d67-4b8c-8a76-494a5b455f97 ; status: True ;
Aug 17 18:58:51 fedora dbus-daemon[3118]: DEBUG:blivet:luks-04468761-7d67-4b8c-8a76-494a5b455f97 sysfs_path set to /sys/devices/virtual/block/dm-0
Aug 17 18:58:51 fedora dbus-daemon[3118]: INFO:blivet:executing action: [61] create format ext4 filesystem mounted at /boot on partition vda2 (id 57)
Aug 17 18:58:51 fedora dbus-daemon[3118]: DEBUG:blivet:                PartitionDevice.unset_flag: path: /dev/vda2 ; flag: 1 ;
Aug 17 18:58:51 fedora dbus-daemon[3118]: DEBUG:blivet:                PartitionDevice.unset_flag: path: /dev/vda2 ; flag: 2 ;
Aug 17 18:58:51 fedora dbus-daemon[3118]: DEBUG:blivet:                PartitionDevice.unset_flag: path: /dev/vda2 ; flag: 3 ;
Aug 17 18:58:51 fedora dbus-daemon[3118]: DEBUG:blivet:                PartitionDevice.unset_flag: path: /dev/vda2 ; flag: 4 ;
Aug 17 18:58:51 fedora dbus-daemon[3118]: DEBUG:blivet:                PartitionDevice.unset_flag: path: /dev/vda2 ; flag: 5 ;
Aug 17 18:58:51 fedora dbus-daemon[3118]: DEBUG:blivet:                PartitionDevice.unset_flag: path: /dev/vda2 ; flag: 6 ;
Aug 17 18:58:51 fedora dbus-daemon[3118]: DEBUG:blivet:                PartitionDevice.unset_flag: path: /dev/vda2 ; flag: 8 ;
Aug 17 18:58:51 fedora dbus-daemon[3118]: DEBUG:blivet:                PartitionDevice.unset_flag: path: /dev/vda2 ; flag: 9 ;
Aug 17 18:58:51 fedora dbus-daemon[3118]: DEBUG:blivet:                PartitionDevice.unset_flag: path: /dev/vda2 ; flag: 10 ;
Aug 17 18:58:51 fedora dbus-daemon[3118]: DEBUG:blivet:                PartitionDevice.unset_flag: path: /dev/vda2 ; flag: 11 ;
Aug 17 18:58:51 fedora dbus-daemon[3118]: DEBUG:blivet:                PartitionDevice.unset_flag: path: /dev/vda2 ; flag: 12 ;
Aug 17 18:58:51 fedora dbus-daemon[3118]: DEBUG:blivet:                PartitionDevice.unset_flag: path: /dev/vda2 ; flag: 13 ;
Aug 17 18:58:51 fedora dbus-daemon[3118]: DEBUG:blivet:                PartitionDevice.unset_flag: path: /dev/vda2 ; flag: 14 ;
Aug 17 18:58:51 fedora dbus-daemon[3118]: DEBUG:blivet:                PartitionDevice.unset_flag: path: /dev/vda2 ; flag: 15 ;
Aug 17 18:58:51 fedora dbus-daemon[3118]: DEBUG:blivet:                PartitionDevice.unset_flag: path: /dev/vda2 ; flag: 16 ;
Aug 17 18:58:51 fedora dbus-daemon[3118]: DEBUG:blivet:                PartitionDevice.unset_flag: path: /dev/vda2 ; flag: 17 ;
Aug 17 18:58:51 fedora dbus-daemon[3118]: DEBUG:blivet:                PartitionDevice.unset_flag: path: /dev/vda2 ; flag: 18 ;
Aug 17 18:58:51 fedora dbus-daemon[3118]: DEBUG:blivet:                PartitionDevice.unset_flag: path: /dev/vda2 ; flag: 19 ;
Aug 17 18:58:51 fedora dbus-daemon[3118]: DEBUG:blivet:                PartitionDevice.unset_flag: path: /dev/vda2 ; flag: 20 ;
Aug 17 18:58:51 fedora dbus-daemon[3118]: DEBUG:blivet:                PartitionDevice.unset_flag: path: /dev/vda2 ; flag: 21 ;
Aug 17 18:58:51 fedora dbus-daemon[3118]: DEBUG:blivet:                PartitionDevice.unset_flag: path: /dev/vda2 ; flag: 22 ;
Aug 17 18:58:51 fedora dbus-daemon[3118]: DEBUG:blivet:                DiskLabel.commit_to_disk: device: /dev/vda ; numparts: 3 ;
Aug 17 18:58:51 fedora dbus-daemon[3118]: INFO:program:Running... udevadm settle --timeout=300
Aug 17 18:58:51 fedora dbus-daemon[3118]: DEBUG:program:Return code: 0
Aug 17 18:58:51 fedora dbus-daemon[3118]: DEBUG:blivet:                PartitionDevice.setup: vda2 ; orig: False ; status: True ; controllable: True ;
Aug 17 18:58:51 fedora dbus-daemon[3118]: DEBUG:blivet:                Ext4FS.create: device: /dev/vda2 ; type: ext4 ; status: False ;
Aug 17 18:58:51 fedora dbus-daemon[3118]: DEBUG:blivet:                  Ext4FS._create: type: ext4 ; device: /dev/vda2 ; mountpoint: /boot ;
Aug 17 18:58:51 fedora dbus-daemon[3118]: WARNING:py.warnings:/usr/lib/python3.14/site-packages/blivet/tasks/fsmkfs.py:279: DeprecationWarning: Passing arguments to gi.types.Boxed.__init__() is deprecated. All arguments passed will be ignored.
Aug 17 18:58:51 fedora dbus-daemon[3118]:   bd_options = BlockDev.FSMkfsOptions(label=self.fs.label if label else None,
Aug 17 18:58:51 fedora dbus-daemon[3118]: INFO:program:Running [8] mke2fs -t ext4 /dev/vda2 ...
Aug 17 18:58:51 fedora dbus-daemon[3118]: [106B blob data]
Aug 17 18:58:51 fedora dbus-daemon[3118]: Creating filesystem with 524288 4k blocks and 131072 inodes
Aug 17 18:58:51 fedora dbus-daemon[3118]: Filesystem UUID: 4edafa39-157d-4b05-9ba4-0bbe69ad0826
Aug 17 18:58:51 fedora dbus-daemon[3118]: Superblock backups stored on blocks:
Aug 17 18:58:51 fedora dbus-daemon[3118]:         32768, 98304, 163840, 229376, 294912
Aug 17 18:58:51 fedora dbus-daemon[3118]: [49B blob data]
Aug 17 18:58:51 fedora dbus-daemon[3118]: [46B blob data]
Aug 17 18:58:51 fedora dbus-daemon[3118]: Creating journal (16384 blocks): done
Aug 17 18:58:51 fedora dbus-daemon[3118]: [83B blob data]
Aug 17 18:58:51 fedora dbus-daemon[3118]: INFO:program:stderr[8]: mke2fs 1.47.3 (8-Jul-2025)
Aug 17 18:58:51 fedora dbus-daemon[3118]: INFO:program:...done [8] (exit code: 0)
Aug 17 18:58:51 fedora dbus-daemon[3118]: INFO:program:Running [9] tune2fs -L  /dev/vda2 ...
Aug 17 18:58:51 fedora dbus-daemon[3118]: INFO:program:stdout[9]: tune2fs 1.47.3 (8-Jul-2025)
Aug 17 18:58:51 fedora dbus-daemon[3118]: INFO:program:stderr[9]:
Aug 17 18:58:51 fedora dbus-daemon[3118]: INFO:program:...done [9] (exit code: 0)
Aug 17 18:58:51 fedora dbus-daemon[3118]: INFO:program:Running... udevadm settle --timeout=300
Aug 17 18:58:51 fedora dbus-daemon[3118]: DEBUG:program:Return code: 0
Aug 17 18:58:51 fedora dbus-daemon[3118]: DEBUG:blivet:                PartitionDevice.update_sysfs_path: vda2 ; status: True ;
Aug 17 18:58:51 fedora dbus-daemon[3118]: DEBUG:blivet:vda2 sysfs_path set to /sys/devices/pci0000:00/0000:00:04.0/virtio3/block/vda/vda2
Aug 17 18:58:51 fedora dbus-daemon[3118]: INFO:blivet:executing action: [54] create format efi filesystem mounted at /boot/efi on partition vda1 (id 50)
Aug 17 18:58:51 fedora dbus-daemon[3118]: DEBUG:blivet:                PartitionDevice.unset_flag: path: /dev/vda1 ; flag: 2 ;
Aug 17 18:58:51 fedora dbus-daemon[3118]: DEBUG:blivet:                PartitionDevice.unset_flag: path: /dev/vda1 ; flag: 3 ;
Aug 17 18:58:51 fedora dbus-daemon[3118]: DEBUG:blivet:                PartitionDevice.unset_flag: path: /dev/vda1 ; flag: 4 ;
Aug 17 18:58:51 fedora dbus-daemon[3118]: DEBUG:blivet:                PartitionDevice.unset_flag: path: /dev/vda1 ; flag: 5 ;
Aug 17 18:58:51 fedora dbus-daemon[3118]: DEBUG:blivet:                PartitionDevice.unset_flag: path: /dev/vda1 ; flag: 6 ;
Aug 17 18:58:51 fedora dbus-daemon[3118]: DEBUG:blivet:                PartitionDevice.unset_flag: path: /dev/vda1 ; flag: 8 ;
Aug 17 18:58:51 fedora dbus-daemon[3118]: DEBUG:blivet:                PartitionDevice.unset_flag: path: /dev/vda1 ; flag: 9 ;
Aug 17 18:58:51 fedora dbus-daemon[3118]: DEBUG:blivet:                PartitionDevice.unset_flag: path: /dev/vda1 ; flag: 10 ;
Aug 17 18:58:51 fedora dbus-daemon[3118]: DEBUG:blivet:                PartitionDevice.unset_flag: path: /dev/vda1 ; flag: 11 ;
Aug 17 18:58:51 fedora dbus-daemon[3118]: DEBUG:blivet:                PartitionDevice.unset_flag: path: /dev/vda1 ; flag: 12 ;
Aug 17 18:58:51 fedora dbus-daemon[3118]: DEBUG:blivet:                PartitionDevice.unset_flag: path: /dev/vda1 ; flag: 13 ;
Aug 17 18:58:51 fedora dbus-daemon[3118]: DEBUG:blivet:                PartitionDevice.unset_flag: path: /dev/vda1 ; flag: 14 ;
Aug 17 18:58:51 fedora dbus-daemon[3118]: DEBUG:blivet:                PartitionDevice.unset_flag: path: /dev/vda1 ; flag: 15 ;
Aug 17 18:58:51 fedora dbus-daemon[3118]: DEBUG:blivet:                PartitionDevice.unset_flag: path: /dev/vda1 ; flag: 16 ;
Aug 17 18:58:51 fedora dbus-daemon[3118]: DEBUG:blivet:                PartitionDevice.unset_flag: path: /dev/vda1 ; flag: 17 ;
Aug 17 18:58:51 fedora dbus-daemon[3118]: DEBUG:blivet:                PartitionDevice.unset_flag: path: /dev/vda1 ; flag: 18 ;
Aug 17 18:58:51 fedora dbus-daemon[3118]: DEBUG:blivet:                PartitionDevice.unset_flag: path: /dev/vda1 ; flag: 19 ;
Aug 17 18:58:51 fedora dbus-daemon[3118]: DEBUG:blivet:                PartitionDevice.unset_flag: path: /dev/vda1 ; flag: 20 ;
Aug 17 18:58:51 fedora dbus-daemon[3118]: DEBUG:blivet:                PartitionDevice.unset_flag: path: /dev/vda1 ; flag: 21 ;
Aug 17 18:58:51 fedora dbus-daemon[3118]: DEBUG:blivet:                PartitionDevice.unset_flag: path: /dev/vda1 ; flag: 22 ;
Aug 17 18:58:51 fedora dbus-daemon[3118]: DEBUG:blivet:                PartitionDevice.set_flag: path: /dev/vda1 ; flag: 1 ;
Aug 17 18:58:51 fedora dbus-daemon[3118]: DEBUG:blivet:                DiskLabel.commit_to_disk: device: /dev/vda ; numparts: 3 ;
Aug 17 18:58:51 fedora dbus-daemon[3118]: INFO:program:Running... udevadm settle --timeout=300
Aug 17 18:58:51 fedora dbus-daemon[3118]: DEBUG:program:Return code: 0
Aug 17 18:58:51 fedora dbus-daemon[3118]: DEBUG:blivet:                PartitionDevice.setup: vda1 ; orig: False ; status: True ; controllable: True ;
Aug 17 18:58:51 fedora dbus-daemon[3118]: DEBUG:blivet:                EFIFS.create: device: /dev/vda1 ; type: efi ; status: False ;
Aug 17 18:58:51 fedora dbus-daemon[3118]: DEBUG:blivet:                  EFIFS._create: type: vfat ; device: /dev/vda1 ; mountpoint: /boot/efi ;
Aug 17 18:58:51 fedora dbus-daemon[3118]: WARNING:py.warnings:/usr/lib/python3.14/site-packages/blivet/tasks/fsmkfs.py:279: DeprecationWarning: Passing arguments to gi.types.Boxed.__init__() is deprecated. All arguments passed will be ignored.
Aug 17 18:58:51 fedora dbus-daemon[3118]:   bd_options = BlockDev.FSMkfsOptions(label=self.fs.label if label else None,
Aug 17 18:58:51 fedora dbus-daemon[3118]: INFO:program:Running [10] mkfs.vfat /dev/vda1 ...
Aug 17 18:58:51 fedora dbus-daemon[3118]: INFO:program:stdout[10]: mkfs.fat 4.2 (2021-01-31)
Aug 17 18:58:51 fedora dbus-daemon[3118]: INFO:program:stderr[10]:
Aug 17 18:58:51 fedora dbus-daemon[3118]: INFO:program:...done [10] (exit code: 0)
Aug 17 18:58:51 fedora dbus-daemon[3118]: INFO:program:Running [11] fatlabel --version ...
Aug 17 18:58:51 fedora dbus-daemon[3118]: INFO:program:stdout[11]: fatlabel 4.2 (2021-01-31)
Aug 17 18:58:51 fedora dbus-daemon[3118]: INFO:program:stderr[11]:
Aug 17 18:58:51 fedora dbus-daemon[3118]: INFO:program:...done [11] (exit code: 0)
Aug 17 18:58:51 fedora dbus-daemon[3118]: INFO:program:Running [12] fatlabel /dev/vda1 --reset ...
Aug 17 18:58:51 fedora dbus-daemon[3118]: INFO:program:stdout[12]:
Aug 17 18:58:51 fedora dbus-daemon[3118]: INFO:program:stderr[12]:
Aug 17 18:58:51 fedora dbus-daemon[3118]: INFO:program:...done [12] (exit code: 0)
Aug 17 18:58:51 fedora dbus-daemon[3118]: INFO:program:Running... udevadm settle --timeout=300
Aug 17 18:58:51 fedora dbus-daemon[3118]: DEBUG:program:Return code: 0
Aug 17 18:58:51 fedora dbus-daemon[3118]: DEBUG:blivet:                PartitionDevice.update_sysfs_path: vda1 ; status: True ;
Aug 17 18:58:51 fedora dbus-daemon[3118]: DEBUG:blivet:vda1 sysfs_path set to /sys/devices/pci0000:00/0000:00:04.0/virtio3/block/vda/vda1
Aug 17 18:58:51 fedora dbus-daemon[3118]: DEBUG:blivet:                  PartitionDevice._set_parted_partition: vda1 ;
Aug 17 18:58:51 fedora dbus-daemon[3118]: DEBUG:blivet:device vda1 new parted_partition parted.Partition instance --
Aug 17 18:58:51 fedora dbus-daemon[3118]:   disk: <parted.disk.Disk object at 0x7f7498ad9370>  fileSystem: <parted.filesystem.FileSystem object at 0x7f7498098050>
Aug 17 18:58:51 fedora dbus-daemon[3118]:   number: 1  path: /dev/vda1  type: 0
Aug 17 18:58:51 fedora dbus-daemon[3118]:   name:   active: True  busy: False
Aug 17 18:58:51 fedora dbus-daemon[3118]:   geometry: <parted.geometry.Geometry object at 0x7f748b75bcb0>  PedPartition: <_ped.Partition object at 0x7f748b7350d0>
Aug 17 18:58:51 fedora dbus-daemon[3118]: DEBUG:blivet:                  PartitionDevice._set_parted_partition: vda2 ;
Aug 17 18:58:51 fedora dbus-daemon[3118]: DEBUG:blivet:device vda2 new parted_partition parted.Partition instance --
Aug 17 18:58:51 fedora dbus-daemon[3118]:   disk: <parted.disk.Disk object at 0x7f7498ad9370>  fileSystem: <parted.filesystem.FileSystem object at 0x7f7498b4a060>
Aug 17 18:58:51 fedora dbus-daemon[3118]:   number: 2  path: /dev/vda2  type: 0
Aug 17 18:58:51 fedora dbus-daemon[3118]:   name:   active: True  busy: False
Aug 17 18:58:51 fedora dbus-daemon[3118]:   geometry: <parted.geometry.Geometry object at 0x7f748b75b3b0>  PedPartition: <_ped.Partition object at 0x7f748b78b740>
Aug 17 18:58:51 fedora dbus-daemon[3118]: DEBUG:blivet:                  PartitionDevice._set_parted_partition: vda3 ;
Aug 17 18:58:51 fedora dbus-daemon[3118]: DEBUG:blivet:device vda3 new parted_partition parted.Partition instance --
Aug 17 18:58:51 fedora dbus-daemon[3118]:   disk: <parted.disk.Disk object at 0x7f7498ad9370>  fileSystem: None
Aug 17 18:58:51 fedora dbus-daemon[3118]:   number: 3  path: /dev/vda3  type: 0
Aug 17 18:58:51 fedora dbus-daemon[3118]:   name:   active: True  busy: False
Aug 17 18:58:51 fedora dbus-daemon[3118]:   geometry: <parted.geometry.Geometry object at 0x7f748b75b290>  PedPartition: <_ped.Partition object at 0x7f748b78b880>
Aug 17 18:58:51 fedora dbus-daemon[3118]: INFO:anaconda.modules.storage.installation:setting boot flag on vda1
Aug 17 18:58:51 fedora dbus-daemon[3118]: DEBUG:blivet:             PartitionDevice.set_flag: path: /dev/vda1 ; flag: 1 ;
Aug 17 18:58:51 fedora dbus-daemon[3118]: INFO:anaconda.modules.storage.installation:Setting label on existing 1024 MiB partition vda1 (50) with existing efi filesystem mounted at /boot/efi to 'EFI System Partition'
Aug 17 18:58:51 fedora dbus-daemon[3118]: DEBUG:blivet:           DiskDevice.setup: vda ; orig: False ; status: True ; controllable: True ;
Aug 17 18:58:51 fedora dbus-daemon[3118]: DEBUG:blivet:           DiskLabel.commit_to_disk: device: /dev/vda ; numparts: 3 ;
Aug 17 18:58:51 fedora dbus-daemon[3118]: DEBUG:blivet:                    Ext4FS.supported: supported: True ;
Aug 17 18:58:51 fedora dbus-daemon[3118]: DEBUG:blivet:                  Iso9660FS.supported: supported: True ;
Aug 17 18:58:51 fedora dbus-daemon[3118]: DEBUG:blivet:                      EFIFS.supported: supported: True ;
Aug 17 18:58:51 fedora dbus-daemon[3118]: DEBUG:blivet:                    Ext4FS.supported: supported: True ;
Aug 17 18:58:51 fedora dbus-daemon[3118]: INFO:anaconda.core.threads:Thread Done: AnaTaskThread-CreateStorageLayoutTask-1 (140138532300480)
Aug 17 18:58:51 fedora dbus-daemon[3118]: INFO:anaconda.core.threads:Running Thread: AnaTaskThread-MountFilesystemsTask-1 (140138541741760)
Aug 17 18:58:51 fedora dbus-daemon[3118]: INFO:anaconda.modules.common.task.task:Mount filesystems
Aug 17 18:58:51 fedora dbus-daemon[3118]: DEBUG:blivet:                  BindFS.supported: supported: False ;
Aug 17 18:58:51 fedora dbus-daemon[3118]: DEBUG:blivet:get_format('bind') returning BindFS instance with object id 128
Aug 17 18:58:51 fedora dbus-daemon[3118]: DEBUG:blivet:get_format('None') returning DeviceFormat instance with object id 130
Aug 17 18:58:51 fedora dbus-daemon[3118]: DEBUG:blivet:                     DirectoryDevice._set_format: /dev ; type: bind ; current: None ;
Aug 17 18:58:51 fedora dbus-daemon[3118]: DEBUG:blivet:updated /dev size to 3.87 KiB (3.87 KiB)
Aug 17 18:58:51 fedora dbus-daemon[3118]: DEBUG:blivet:                      TmpFS.supported: supported: True ;
Aug 17 18:58:51 fedora dbus-daemon[3118]: DEBUG:blivet:get_format('tmpfs') returning TmpFS instance with object id 132
Aug 17 18:58:51 fedora dbus-daemon[3118]: DEBUG:blivet:get_format('None') returning DeviceFormat instance with object id 134
Aug 17 18:58:51 fedora dbus-daemon[3118]: DEBUG:blivet:                     NoDevice._set_format: tmpfs ; type: tmpfs ; current: None ;
Aug 17 18:58:51 fedora dbus-daemon[3118]: DEBUG:blivet:                    DevPtsFS.supported: supported: False ;
Aug 17 18:58:51 fedora dbus-daemon[3118]: DEBUG:blivet:get_format('devpts') returning DevPtsFS instance with object id 136
Aug 17 18:58:51 fedora dbus-daemon[3118]: DEBUG:blivet:get_format('None') returning DeviceFormat instance with object id 138
Aug 17 18:58:51 fedora dbus-daemon[3118]: DEBUG:blivet:                     NoDevice._set_format: devpts ; type: devpts ; current: None ;
Aug 17 18:58:51 fedora dbus-daemon[3118]: DEBUG:blivet:                    SysFS.supported: supported: False ;
Aug 17 18:58:51 fedora dbus-daemon[3118]: DEBUG:blivet:get_format('sysfs') returning SysFS instance with object id 140
Aug 17 18:58:51 fedora dbus-daemon[3118]: DEBUG:blivet:get_format('None') returning DeviceFormat instance with object id 142
Aug 17 18:58:51 fedora dbus-daemon[3118]: DEBUG:blivet:                     NoDevice._set_format: sysfs ; type: sysfs ; current: None ;
Aug 17 18:58:51 fedora dbus-daemon[3118]: DEBUG:blivet:                    ProcFS.supported: supported: False ;
Aug 17 18:58:51 fedora dbus-daemon[3118]: DEBUG:blivet:get_format('proc') returning ProcFS instance with object id 144
Aug 17 18:58:51 fedora dbus-daemon[3118]: DEBUG:blivet:get_format('None') returning DeviceFormat instance with object id 146
Aug 17 18:58:51 fedora dbus-daemon[3118]: DEBUG:blivet:                     NoDevice._set_format: proc ; type: proc ; current: None ;
Aug 17 18:58:51 fedora dbus-daemon[3118]: DEBUG:blivet:                    SELinuxFS.supported: supported: False ;
Aug 17 18:58:51 fedora dbus-daemon[3118]: DEBUG:blivet:get_format('selinuxfs') returning SELinuxFS instance with object id 148
Aug 17 18:58:51 fedora dbus-daemon[3118]: DEBUG:blivet:get_format('None') returning DeviceFormat instance with object id 150
Aug 17 18:58:51 fedora dbus-daemon[3118]: DEBUG:blivet:                     NoDevice._set_format: selinuxfs ; type: selinuxfs ; current: None ;
Aug 17 18:58:51 fedora dbus-daemon[3118]: DEBUG:blivet:                    USBFS.supported: supported: False ;
Aug 17 18:58:51 fedora dbus-daemon[3118]: DEBUG:blivet:get_format('usbfs') returning USBFS instance with object id 152
Aug 17 18:58:51 fedora dbus-daemon[3118]: DEBUG:blivet:get_format('None') returning DeviceFormat instance with object id 154
Aug 17 18:58:51 fedora dbus-daemon[3118]: DEBUG:blivet:                     NoDevice._set_format: usbfs ; type: usbfs ; current: None ;
Aug 17 18:58:51 fedora dbus-daemon[3118]: DEBUG:blivet:                  BindFS.supported: supported: False ;
Aug 17 18:58:51 fedora dbus-daemon[3118]: DEBUG:blivet:get_format('bind') returning BindFS instance with object id 156
Aug 17 18:58:51 fedora dbus-daemon[3118]: DEBUG:blivet:get_format('None') returning DeviceFormat instance with object id 158
Aug 17 18:58:51 fedora dbus-daemon[3118]: DEBUG:blivet:                     DirectoryDevice._set_format: /run ; type: bind ; current: None ;
Aug 17 18:58:51 fedora dbus-daemon[3118]: DEBUG:blivet:updated /run size to 1.33 KiB (1.33 KiB)
Aug 17 18:58:51 fedora dbus-daemon[3118]: DEBUG:blivet:                    EFIVarFS.supported: supported: False ;
Aug 17 18:58:51 fedora dbus-daemon[3118]: DEBUG:blivet:get_format('efivarfs') returning EFIVarFS instance with object id 160
Aug 17 18:58:51 fedora dbus-daemon[3118]: DEBUG:blivet:get_format('None') returning DeviceFormat instance with object id 162
Aug 17 18:58:51 fedora dbus-daemon[3118]: DEBUG:blivet:                     NoDevice._set_format: efivarfs ; type: efivarfs ; current: None ;
Aug 17 18:58:51 fedora dbus-daemon[3118]: DEBUG:blivet:                      TmpFS.supported: supported: True ;
Aug 17 18:58:51 fedora dbus-daemon[3118]: DEBUG:blivet:get_format('tmpfs') returning TmpFS instance with object id 164
Aug 17 18:58:51 fedora dbus-daemon[3118]: DEBUG:blivet:get_format('None') returning DeviceFormat instance with object id 166
Aug 17 18:58:51 fedora dbus-daemon[3118]: DEBUG:blivet:                     NoDevice._set_format: tmpfs ; type: tmpfs ; current: None ;
Aug 17 18:58:51 fedora dbus-daemon[3118]: DEBUG:blivet:            LUKSDevice.setup: luks-04468761-7d67-4b8c-8a76-494a5b455f97 ; orig: False ; status: True ; controllable: True ;
Aug 17 18:58:51 fedora dbus-daemon[3118]: INFO:program:Running... udevadm settle --timeout=300
Aug 17 18:58:51 fedora dbus-daemon[3118]: DEBUG:program:Return code: 0
Aug 17 18:58:51 fedora dbus-daemon[3118]: DEBUG:testdata:sysfs attr /sys/class/block/sr0/device/model: 51454d55204456442d524f4d202020200a
Aug 17 18:58:51 fedora dbus-daemon[3118]: INFO:program:Running... udevadm settle --timeout=300
Aug 17 18:58:51 fedora dbus-daemon[3118]: DEBUG:program:Return code: 0
Aug 17 18:58:51 fedora dbus-daemon[3118]: DEBUG:testdata:sysfs attr /sys/class/block/sr0/device/model: 51454d55204456442d524f4d202020200a
Aug 17 18:58:51 fedora dbus-daemon[3118]: INFO:program:Running... udevadm settle --timeout=300
Aug 17 18:58:51 fedora dbus-daemon[3118]: DEBUG:program:Return code: 0
Aug 17 18:58:51 fedora dbus-daemon[3118]: DEBUG:testdata:sysfs attr /sys/class/block/sr0/device/model: 51454d55204456442d524f4d202020200a
Aug 17 18:58:51 fedora dbus-daemon[3118]: DEBUG:blivet:            Ext4FS.setup: device: /dev/mapper/luks-04468761-7d67-4b8c-8a76-494a5b455f97 ; type: ext4 ; status: False ;
Aug 17 18:58:51 fedora dbus-daemon[3118]: INFO:program:Mounting /dev/mapper/luks-04468761-7d67-4b8c-8a76-494a5b455f97 (fstype ext4) to /mnt/sysimage with options: defaults
Aug 17 18:58:52 fedora kernel: EXT4-fs (dm-0): mounted filesystem 63a78e40-e07b-46da-901f-1ddba2dc39ae r/w with ordered data mode. Quota mode: none.
Aug 17 18:58:52 fedora audit[3118]: AVC avc:  denied  { mounton } for  pid=3118 comm="AnaTaskThread-M" path="/var/mnt/sysimage" dev="overlay" ino=1442 scontext=system_u:system_r:kernel_t:s0 tcontext=system_u:object_r:mnt_t:s0 tclass=dir permissive=1
Aug 17 18:58:52 fedora audit[3118]: SYSCALL arch=c000003e syscall=429 success=yes exit=0 a0=11 a1=7f749d0c9ebb a2=ffffff9c a3=7f74900d2d10 items=0 ppid=3101 pid=3118 auid=4294967295 uid=0 gid=0 euid=0 suid=0 fsuid=0 egid=0 sgid=0 fsgid=0 tty=(none) ses=4294967295 comm="AnaTaskThread-M" exe="/usr/bin/python3.14" subj=system_u:system_r:kernel_t:s0 key=(null)
Aug 17 18:58:52 fedora audit: PROCTITLE proctitle=707974686F6E33002D6D007079616E61636F6E64612E6D6F64756C65732E73746F72616765
Aug 17 18:58:52 fedora audit[3118]: AVC avc:  denied  { check_context } for  pid=3118 comm="AnaTaskThread-M" scontext=system_u:system_r:kernel_t:s0 tcontext=system_u:object_r:security_t:s0 tclass=security permissive=1
Aug 17 18:58:52 fedora audit[3118]: SYSCALL arch=c000003e syscall=1 success=yes exit=28 a0=10 a1=7f7490106870 a2=1c a3=0 items=0 ppid=3101 pid=3118 auid=4294967295 uid=0 gid=0 euid=0 suid=0 fsuid=0 egid=0 sgid=0 fsgid=0 tty=(none) ses=4294967295 comm="AnaTaskThread-M" exe="/usr/bin/python3.14" subj=system_u:system_r:kernel_t:s0 key=(null)
Aug 17 18:58:52 fedora audit: PROCTITLE proctitle=707974686F6E33002D6D007079616E61636F6E64612E6D6F64756C65732E73746F72616765
Aug 17 18:58:52 fedora dbus-daemon[3118]: DEBUG:blivet:            PartitionDevice.setup: vda2 ; orig: False ; status: True ; controllable: True ;
Aug 17 18:58:52 fedora dbus-daemon[3118]: INFO:program:Running... udevadm settle --timeout=300
Aug 17 18:58:52 fedora dbus-daemon[3118]: DEBUG:program:Return code: 0
Aug 17 18:58:52 fedora dbus-daemon[3118]: DEBUG:testdata:sysfs attr /sys/class/block/sr0/device/model: 51454d55204456442d524f4d202020200a
Aug 17 18:58:52 fedora dbus-daemon[3118]: INFO:program:Running... udevadm settle --timeout=300
Aug 17 18:58:52 fedora dbus-daemon[3118]: DEBUG:program:Return code: 0
Aug 17 18:58:52 fedora dbus-daemon[3118]: DEBUG:testdata:sysfs attr /sys/class/block/sr0/device/model: 51454d55204456442d524f4d202020200a
Aug 17 18:58:52 fedora dbus-daemon[3118]: INFO:program:Running... udevadm settle --timeout=300
Aug 17 18:58:52 fedora dbus-daemon[3118]: DEBUG:program:Return code: 0
Aug 17 18:58:52 fedora dbus-daemon[3118]: DEBUG:testdata:sysfs attr /sys/class/block/sr0/device/model: 51454d55204456442d524f4d202020200a
Aug 17 18:58:52 fedora dbus-daemon[3118]: INFO:program:Running... udevadm settle --timeout=300
Aug 17 18:58:52 fedora dbus-daemon[3118]: DEBUG:program:Return code: 0
Aug 17 18:58:52 fedora dbus-daemon[3118]: DEBUG:testdata:sysfs attr /sys/class/block/sr0/device/model: 51454d55204456442d524f4d202020200a
Aug 17 18:58:52 fedora dbus-daemon[3118]: DEBUG:blivet:            Ext4FS.setup: device: /dev/vda2 ; type: ext4 ; status: False ;
Aug 17 18:58:52 fedora dbus-daemon[3118]: INFO:program:Mounting /dev/vda2 (fstype ext4) to /mnt/sysimage/boot with options: defaults
Aug 17 18:58:52 fedora kernel: EXT4-fs (vda2): mounted filesystem 4edafa39-157d-4b05-9ba4-0bbe69ad0826 r/w with ordered data mode. Quota mode: none.
Aug 17 18:58:52 fedora dbus-daemon[3118]: DEBUG:blivet:            PartitionDevice.setup: vda1 ; orig: False ; status: True ; controllable: True ;
Aug 17 18:58:52 fedora dbus-daemon[3118]: INFO:program:Running... udevadm settle --timeout=300
Aug 17 18:58:52 fedora dbus-daemon[3118]: DEBUG:program:Return code: 0
Aug 17 18:58:52 fedora dbus-daemon[3118]: DEBUG:testdata:sysfs attr /sys/class/block/sr0/device/model: 51454d55204456442d524f4d202020200a
Aug 17 18:58:52 fedora dbus-daemon[3118]: INFO:program:Running... udevadm settle --timeout=300
Aug 17 18:58:52 fedora dbus-daemon[3118]: DEBUG:program:Return code: 0
Aug 17 18:58:52 fedora dbus-daemon[3118]: DEBUG:testdata:sysfs attr /sys/class/block/sr0/device/model: 51454d55204456442d524f4d202020200a
Aug 17 18:58:52 fedora dbus-daemon[3118]: INFO:program:Running... udevadm settle --timeout=300
Aug 17 18:58:52 fedora dbus-daemon[3118]: DEBUG:program:Return code: 0
Aug 17 18:58:52 fedora dbus-daemon[3118]: DEBUG:testdata:sysfs attr /sys/class/block/sr0/device/model: 51454d55204456442d524f4d202020200a
Aug 17 18:58:52 fedora dbus-daemon[3118]: INFO:program:Running... udevadm settle --timeout=300
Aug 17 18:58:52 fedora dbus-daemon[3118]: DEBUG:program:Return code: 0
Aug 17 18:58:52 fedora dbus-daemon[3118]: DEBUG:testdata:sysfs attr /sys/class/block/sr0/device/model: 51454d55204456442d524f4d202020200a
Aug 17 18:58:52 fedora dbus-daemon[3118]: INFO:program:Running... udevadm settle --timeout=300
Aug 17 18:58:52 fedora dbus-daemon[3118]: DEBUG:program:Return code: 0
Aug 17 18:58:52 fedora dbus-daemon[3118]: DEBUG:testdata:sysfs attr /sys/class/block/sr0/device/model: 51454d55204456442d524f4d202020200a
Aug 17 18:58:52 fedora dbus-daemon[3118]: DEBUG:blivet:            EFIFS.setup: device: /dev/vda1 ; type: efi ; status: False ;
Aug 17 18:58:52 fedora dbus-daemon[3118]: INFO:program:Mounting /dev/vda1 (fstype vfat) to /mnt/sysimage/boot/efi with options: defaults,uid=0,gid=0,umask=077,shortname=winnt
Aug 17 18:58:52 fedora audit[3118]: AVC avc:  denied  { mounton } for  pid=3118 comm="AnaTaskThread-M" path="/var/mnt/sysimage/boot/efi" dev="vda2" ino=13 scontext=system_u:system_r:kernel_t:s0 tcontext=system_u:object_r:boot_t:s0 tclass=dir permissive=1
Aug 17 18:58:52 fedora audit[3118]: SYSCALL arch=c000003e syscall=429 success=yes exit=0 a0=11 a1=7f749d0c9ebb a2=ffffff9c a3=7f74900dade0 items=0 ppid=3101 pid=3118 auid=4294967295 uid=0 gid=0 euid=0 suid=0 fsuid=0 egid=0 sgid=0 fsgid=0 tty=(none) ses=4294967295 comm="AnaTaskThread-M" exe="/usr/bin/python3.14" subj=system_u:system_r:kernel_t:s0 key=(null)
Aug 17 18:58:52 fedora audit: PROCTITLE proctitle=707974686F6E33002D6D007079616E61636F6E64612E6D6F64756C65732E73746F72616765
Aug 17 18:58:52 fedora dbus-daemon[3118]: DEBUG:blivet:            DirectoryDevice.setup: /dev ; orig: False ; status: True ; controllable: True ;
Aug 17 18:58:52 fedora dbus-daemon[3118]: INFO:program:Running... udevadm settle --timeout=300
Aug 17 18:58:52 fedora dbus-daemon[3118]: DEBUG:program:Return code: 0
Aug 17 18:58:52 fedora dbus-daemon[3118]: DEBUG:testdata:sysfs attr /sys/class/block/sr0/device/model: 51454d55204456442d524f4d202020200a
Aug 17 18:58:52 fedora dbus-daemon[3118]: INFO:program:Running... udevadm settle --timeout=300
Aug 17 18:58:52 fedora dbus-daemon[3118]: DEBUG:program:Return code: 0
Aug 17 18:58:52 fedora dbus-daemon[3118]: DEBUG:testdata:sysfs attr /sys/class/block/sr0/device/model: 51454d55204456442d524f4d202020200a
Aug 17 18:58:52 fedora dbus-daemon[3118]: INFO:program:Running... udevadm settle --timeout=300
Aug 17 18:58:52 fedora dbus-daemon[3118]: DEBUG:program:Return code: 0
Aug 17 18:58:52 fedora dbus-daemon[3118]: DEBUG:testdata:sysfs attr /sys/class/block/sr0/device/model: 51454d55204456442d524f4d202020200a
Aug 17 18:58:52 fedora dbus-daemon[3118]: INFO:program:Running... udevadm settle --timeout=300
Aug 17 18:58:52 fedora dbus-daemon[3118]: DEBUG:program:Return code: 0
Aug 17 18:58:52 fedora dbus-daemon[3118]: DEBUG:testdata:sysfs attr /sys/class/block/sr0/device/model: 51454d55204456442d524f4d202020200a
Aug 17 18:58:52 fedora dbus-daemon[3118]: INFO:program:Running... udevadm settle --timeout=300
Aug 17 18:58:52 fedora dbus-daemon[3118]: DEBUG:program:Return code: 0
Aug 17 18:58:52 fedora dbus-daemon[3118]: DEBUG:testdata:sysfs attr /sys/class/block/sr0/device/model: 51454d55204456442d524f4d202020200a
Aug 17 18:58:52 fedora dbus-daemon[3118]: INFO:program:Running... udevadm settle --timeout=300
Aug 17 18:58:52 fedora dbus-daemon[3118]: DEBUG:program:Return code: 0
Aug 17 18:58:52 fedora dbus-daemon[3118]: DEBUG:testdata:sysfs attr /sys/class/block/sr0/device/model: 51454d55204456442d524f4d202020200a
Aug 17 18:58:52 fedora dbus-daemon[3118]: INFO:program:Running... udevadm settle --timeout=300
Aug 17 18:58:52 fedora dbus-daemon[3118]: DEBUG:program:Return code: 0
Aug 17 18:58:52 fedora dbus-daemon[3118]: DEBUG:testdata:sysfs attr /sys/class/block/sr0/device/model: 51454d55204456442d524f4d202020200a
Aug 17 18:58:52 fedora dbus-daemon[3118]: DEBUG:blivet:            BindFS.setup: device: /dev ; type: bind ; status: False ;
Aug 17 18:58:52 fedora dbus-daemon[3118]: INFO:program:Running... udevadm settle --timeout=300
Aug 17 18:58:52 fedora dbus-daemon[3118]: DEBUG:program:Return code: 0
Aug 17 18:58:52 fedora dbus-daemon[3118]: DEBUG:testdata:sysfs attr /sys/class/block/sr0/device/model: 51454d55204456442d524f4d202020200a
Aug 17 18:58:52 fedora dbus-daemon[3118]: INFO:program:Mounting /dev (fstype bind) to /mnt/sysimage/dev with options: bind,defaults
Aug 17 18:58:52 fedora dbus-daemon[3118]: DEBUG:blivet:            NoDevice.setup: devpts ; orig: False ; status: False ; controllable: True ;
Aug 17 18:58:52 fedora dbus-daemon[3118]: INFO:program:Running... udevadm settle --timeout=300
Aug 17 18:58:52 fedora dbus-daemon[3118]: DEBUG:program:Return code: 0
Aug 17 18:58:52 fedora dbus-daemon[3118]: DEBUG:testdata:sysfs attr /sys/class/block/sr0/device/model: 51454d55204456442d524f4d202020200a
Aug 17 18:58:52 fedora dbus-daemon[3118]: INFO:program:Running... udevadm settle --timeout=300
Aug 17 18:58:52 fedora dbus-daemon[3118]: DEBUG:program:Return code: 0
Aug 17 18:58:52 fedora dbus-daemon[3118]: DEBUG:testdata:sysfs attr /sys/class/block/sr0/device/model: 51454d55204456442d524f4d202020200a
Aug 17 18:58:52 fedora dbus-daemon[3118]: INFO:program:Running... udevadm settle --timeout=300
Aug 17 18:58:52 fedora dbus-daemon[3118]: DEBUG:program:Return code: 0
Aug 17 18:58:52 fedora dbus-daemon[3118]: DEBUG:testdata:sysfs attr /sys/class/block/sr0/device/model: 51454d55204456442d524f4d202020200a
Aug 17 18:58:52 fedora dbus-daemon[3118]: INFO:program:Running... udevadm settle --timeout=300
Aug 17 18:58:52 fedora dbus-daemon[3118]: DEBUG:program:Return code: 0
Aug 17 18:58:52 fedora dbus-daemon[3118]: DEBUG:testdata:sysfs attr /sys/class/block/sr0/device/model: 51454d55204456442d524f4d202020200a
Aug 17 18:58:52 fedora dbus-daemon[3118]: INFO:program:Running... udevadm settle --timeout=300
Aug 17 18:58:52 fedora dbus-daemon[3118]: DEBUG:program:Return code: 0
Aug 17 18:58:52 fedora dbus-daemon[3118]: DEBUG:testdata:sysfs attr /sys/class/block/sr0/device/model: 51454d55204456442d524f4d202020200a
Aug 17 18:58:52 fedora dbus-daemon[3118]: INFO:program:Running... udevadm settle --timeout=300
Aug 17 18:58:52 fedora dbus-daemon[3118]: DEBUG:program:Return code: 0
Aug 17 18:58:52 fedora dbus-daemon[3118]: DEBUG:testdata:sysfs attr /sys/class/block/sr0/device/model: 51454d55204456442d524f4d202020200a
Aug 17 18:58:52 fedora dbus-daemon[3118]: DEBUG:blivet:            DevPtsFS.setup: device: devpts ; type: devpts ; status: False ;
Aug 17 18:58:52 fedora dbus-daemon[3118]: INFO:program:Running... udevadm settle --timeout=300
Aug 17 18:58:52 fedora dbus-daemon[3118]: DEBUG:program:Return code: 0
Aug 17 18:58:52 fedora dbus-daemon[3118]: DEBUG:testdata:sysfs attr /sys/class/block/sr0/device/model: 51454d55204456442d524f4d202020200a
Aug 17 18:58:52 fedora dbus-daemon[3118]: INFO:program:Mounting devpts (fstype devpts) to /mnt/sysimage/dev/pts with options: gid=5,mode=620
Aug 17 18:58:52 fedora dbus-daemon[3118]: DEBUG:blivet:            NoDevice.setup: tmpfs ; orig: False ; status: False ; controllable: True ;
Aug 17 18:58:52 fedora dbus-daemon[3118]: INFO:program:Running... udevadm settle --timeout=300
Aug 17 18:58:52 fedora dbus-daemon[3118]: DEBUG:program:Return code: 0
Aug 17 18:58:52 fedora dbus-daemon[3118]: DEBUG:testdata:sysfs attr /sys/class/block/sr0/device/model: 51454d55204456442d524f4d202020200a
Aug 17 18:58:52 fedora dbus-daemon[3118]: INFO:program:Running... udevadm settle --timeout=300
Aug 17 18:58:52 fedora dbus-daemon[3118]: DEBUG:program:Return code: 0
Aug 17 18:58:52 fedora dbus-daemon[3118]: DEBUG:testdata:sysfs attr /sys/class/block/sr0/device/model: 51454d55204456442d524f4d202020200a
Aug 17 18:58:52 fedora dbus-daemon[3118]: INFO:program:Running... udevadm settle --timeout=300
Aug 17 18:58:52 fedora dbus-daemon[3118]: DEBUG:program:Return code: 0
Aug 17 18:58:52 fedora dbus-daemon[3118]: DEBUG:testdata:sysfs attr /sys/class/block/sr0/device/model: 51454d55204456442d524f4d202020200a
Aug 17 18:58:52 fedora dbus-daemon[3118]: INFO:program:Running... udevadm settle --timeout=300
Aug 17 18:58:52 fedora dbus-daemon[3118]: DEBUG:program:Return code: 0
Aug 17 18:58:52 fedora dbus-daemon[3118]: DEBUG:testdata:sysfs attr /sys/class/block/sr0/device/model: 51454d55204456442d524f4d202020200a
Aug 17 18:58:52 fedora dbus-daemon[3118]: INFO:program:Running... udevadm settle --timeout=300
Aug 17 18:58:52 fedora dbus-daemon[3118]: DEBUG:program:Return code: 0
Aug 17 18:58:52 fedora dbus-daemon[3118]: DEBUG:testdata:sysfs attr /sys/class/block/sr0/device/model: 51454d55204456442d524f4d202020200a
Aug 17 18:58:52 fedora dbus-daemon[3118]: DEBUG:blivet:            TmpFS.setup: device: tmpfs ; type: tmpfs ; status: True ;
Aug 17 18:58:52 fedora dbus-daemon[3118]: INFO:program:Mounting tmpfs (fstype tmpfs) to /mnt/sysimage/dev/shm with options: defaults
Aug 17 18:58:52 fedora dbus-daemon[3118]: DEBUG:blivet:            NoDevice.setup: proc ; orig: False ; status: True ; controllable: True ;
Aug 17 18:58:52 fedora dbus-daemon[3118]: INFO:program:Running... udevadm settle --timeout=300
Aug 17 18:58:52 fedora dbus-daemon[3118]: DEBUG:program:Return code: 0
Aug 17 18:58:52 fedora dbus-daemon[3118]: DEBUG:testdata:sysfs attr /sys/class/block/sr0/device/model: 51454d55204456442d524f4d202020200a
Aug 17 18:58:52 fedora dbus-daemon[3118]: INFO:program:Running... udevadm settle --timeout=300
Aug 17 18:58:52 fedora dbus-daemon[3118]: DEBUG:program:Return code: 0
Aug 17 18:58:52 fedora dbus-daemon[3118]: DEBUG:testdata:sysfs attr /sys/class/block/sr0/device/model: 51454d55204456442d524f4d202020200a
Aug 17 18:58:52 fedora dbus-daemon[3118]: INFO:program:Running... udevadm settle --timeout=300
Aug 17 18:58:52 fedora dbus-daemon[3118]: DEBUG:program:Return code: 0
Aug 17 18:58:52 fedora dbus-daemon[3118]: DEBUG:testdata:sysfs attr /sys/class/block/sr0/device/model: 51454d55204456442d524f4d202020200a
Aug 17 18:58:52 fedora dbus-daemon[3118]: INFO:program:Running... udevadm settle --timeout=300
Aug 17 18:58:52 fedora dbus-daemon[3118]: DEBUG:program:Return code: 0
Aug 17 18:58:52 fedora dbus-daemon[3118]: DEBUG:testdata:sysfs attr /sys/class/block/sr0/device/model: 51454d55204456442d524f4d202020200a
Aug 17 18:58:52 fedora dbus-daemon[3118]: INFO:program:Running... udevadm settle --timeout=300
Aug 17 18:58:52 fedora dbus-daemon[3118]: DEBUG:program:Return code: 0
Aug 17 18:58:52 fedora dbus-daemon[3118]: DEBUG:testdata:sysfs attr /sys/class/block/sr0/device/model: 51454d55204456442d524f4d202020200a
Aug 17 18:58:52 fedora dbus-daemon[3118]: INFO:program:Running... udevadm settle --timeout=300
Aug 17 18:58:52 fedora dbus-daemon[3118]: DEBUG:program:Return code: 0
Aug 17 18:58:52 fedora dbus-daemon[3118]: DEBUG:testdata:sysfs attr /sys/class/block/sr0/device/model: 51454d55204456442d524f4d202020200a
Aug 17 18:58:52 fedora dbus-daemon[3118]: DEBUG:blivet:            ProcFS.setup: device: proc ; type: proc ; status: False ;
Aug 17 18:58:52 fedora dbus-daemon[3118]: INFO:program:Running... udevadm settle --timeout=300
Aug 17 18:58:52 fedora dbus-daemon[3118]: DEBUG:program:Return code: 0
Aug 17 18:58:52 fedora dbus-daemon[3118]: DEBUG:testdata:sysfs attr /sys/class/block/sr0/device/model: 51454d55204456442d524f4d202020200a
Aug 17 18:58:52 fedora dbus-daemon[3118]: INFO:program:Mounting proc (fstype proc) to /mnt/sysimage/proc with options: defaults
Aug 17 18:58:52 fedora dbus-daemon[3118]: INFO:program:[libmkod] custom logging function 0x7f749ce75930 registered
Aug 17 18:58:52 fedora dbus-daemon[3118]: INFO:program:[libmkod] context 0x7f7490108370 released
Aug 17 18:58:52 fedora dbus-daemon[3118]: DEBUG:blivet:            DirectoryDevice.setup: /run ; orig: False ; status: True ; controllable: True ;
Aug 17 18:58:52 fedora dbus-daemon[3118]: INFO:program:Running... udevadm settle --timeout=300
Aug 17 18:58:52 fedora dbus-daemon[3118]: DEBUG:program:Return code: 0
Aug 17 18:58:53 fedora dbus-daemon[3118]: DEBUG:testdata:sysfs attr /sys/class/block/sr0/device/model: 51454d55204456442d524f4d202020200a
Aug 17 18:58:53 fedora dbus-daemon[3118]: INFO:program:Running... udevadm settle --timeout=300
Aug 17 18:58:53 fedora dbus-daemon[3118]: DEBUG:program:Return code: 0
Aug 17 18:58:53 fedora dbus-daemon[3118]: DEBUG:testdata:sysfs attr /sys/class/block/sr0/device/model: 51454d55204456442d524f4d202020200a
Aug 17 18:58:53 fedora dbus-daemon[3118]: INFO:program:Running... udevadm settle --timeout=300
Aug 17 18:58:53 fedora dbus-daemon[3118]: DEBUG:program:Return code: 0
Aug 17 18:58:54 fedora dbus-daemon[3118]: DEBUG:testdata:sysfs attr /sys/class/block/sr0/device/model: 51454d55204456442d524f4d202020200a
Aug 17 18:58:54 fedora dbus-daemon[3118]: INFO:program:Running... udevadm settle --timeout=300
Aug 17 18:58:54 fedora dbus-daemon[3118]: DEBUG:program:Return code: 0
Aug 17 18:58:54 fedora dbus-daemon[3118]: DEBUG:testdata:sysfs attr /sys/class/block/sr0/device/model: 51454d55204456442d524f4d202020200a
Aug 17 18:58:54 fedora dbus-daemon[3118]: INFO:program:Running... udevadm settle --timeout=300
Aug 17 18:58:55 fedora dbus-daemon[3118]: DEBUG:program:Return code: 0
Aug 17 18:58:55 fedora dbus-daemon[3118]: DEBUG:testdata:sysfs attr /sys/class/block/sr0/device/model: 51454d55204456442d524f4d202020200a
Aug 17 18:58:55 fedora dbus-daemon[3118]: INFO:program:Running... udevadm settle --timeout=300
Aug 17 18:58:55 fedora dbus-daemon[3118]: DEBUG:program:Return code: 0
Aug 17 18:58:55 fedora dbus-daemon[3118]: DEBUG:testdata:sysfs attr /sys/class/block/sr0/device/model: 51454d55204456442d524f4d202020200a
Aug 17 18:58:56 fedora dbus-daemon[3118]: INFO:program:Running... udevadm settle --timeout=300
Aug 17 18:58:56 fedora dbus-daemon[3118]: DEBUG:program:Return code: 0
Aug 17 18:58:56 fedora dbus-daemon[3118]: DEBUG:testdata:sysfs attr /sys/class/block/sr0/device/model: 51454d55204456442d524f4d202020200a
Aug 17 18:58:56 fedora dbus-daemon[3118]: DEBUG:blivet:            BindFS.setup: device: /run ; type: bind ; status: False ;
Aug 17 18:58:56 fedora dbus-daemon[3118]: INFO:program:Running... udevadm settle --timeout=300
Aug 17 18:58:56 fedora dbus-daemon[3118]: DEBUG:program:Return code: 0
Aug 17 18:58:57 fedora dbus-daemon[3118]: DEBUG:testdata:sysfs attr /sys/class/block/sr0/device/model: 51454d55204456442d524f4d202020200a
Aug 17 18:58:57 fedora dbus-daemon[3118]: INFO:program:Mounting /run (fstype bind) to /mnt/sysimage/run with options: bind,defaults
Aug 17 18:58:57 fedora dbus-daemon[3118]: DEBUG:blivet:            NoDevice.setup: sysfs ; orig: False ; status: False ; controllable: True ;
Aug 17 18:58:57 fedora dbus-daemon[3118]: INFO:program:Running... udevadm settle --timeout=300
Aug 17 18:58:57 fedora dbus-daemon[3118]: DEBUG:program:Return code: 0
Aug 17 18:58:58 fedora dbus-daemon[3118]: DEBUG:testdata:sysfs attr /sys/class/block/sr0/device/model: 51454d55204456442d524f4d202020200a
Aug 17 18:58:58 fedora dbus-daemon[3118]: INFO:program:Running... udevadm settle --timeout=300
Aug 17 18:58:59 fedora dbus-daemon[3118]: DEBUG:program:Return code: 0
Aug 17 18:58:59 fedora dbus-daemon[3118]: DEBUG:testdata:sysfs attr /sys/class/block/sr0/device/model: 51454d55204456442d524f4d202020200a
Aug 17 18:58:59 fedora dbus-daemon[3118]: INFO:program:Running... udevadm settle --timeout=300
Aug 17 18:59:00 fedora dbus-daemon[3118]: DEBUG:program:Return code: 0
Aug 17 18:59:01 fedora dbus-daemon[3118]: DEBUG:testdata:sysfs attr /sys/class/block/sr0/device/model: 51454d55204456442d524f4d202020200a
Aug 17 18:59:01 fedora dbus-daemon[3118]: INFO:program:Running... udevadm settle --timeout=300
Aug 17 18:59:02 fedora dbus-daemon[3118]: DEBUG:program:Return code: 0
Aug 17 18:59:02 fedora dbus-daemon[3118]: DEBUG:testdata:sysfs attr /sys/class/block/sr0/device/model: 51454d55204456442d524f4d202020200a
Aug 17 18:59:02 fedora dbus-daemon[3118]: INFO:program:Running... udevadm settle --timeout=300
Aug 17 18:59:02 fedora dbus-daemon[3118]: DEBUG:program:Return code: 0
Aug 17 18:59:02 fedora dbus-daemon[3118]: DEBUG:testdata:sysfs attr /sys/class/block/sr0/device/model: 51454d55204456442d524f4d202020200a
Aug 17 18:59:02 fedora dbus-daemon[3118]: INFO:program:Running... udevadm settle --timeout=300
Aug 17 18:59:02 fedora dbus-daemon[3118]: DEBUG:program:Return code: 0
Aug 17 18:59:02 fedora dbus-daemon[3118]: DEBUG:testdata:sysfs attr /sys/class/block/sr0/device/model: 51454d55204456442d524f4d202020200a
Aug 17 18:59:02 fedora dbus-daemon[3118]: DEBUG:blivet:            SysFS.setup: device: sysfs ; type: sysfs ; status: False ;
Aug 17 18:59:02 fedora dbus-daemon[3118]: INFO:program:Running... udevadm settle --timeout=300
Aug 17 18:59:02 fedora dbus-daemon[3118]: DEBUG:program:Return code: 0
Aug 17 18:59:02 fedora dbus-daemon[3118]: DEBUG:testdata:sysfs attr /sys/class/block/sr0/device/model: 51454d55204456442d524f4d202020200a
Aug 17 18:59:02 fedora dbus-daemon[3118]: INFO:program:Mounting sysfs (fstype sysfs) to /mnt/sysimage/sys with options: defaults
Aug 17 18:59:02 fedora dbus-daemon[3118]: DEBUG:blivet:            NoDevice.setup: efivarfs ; orig: False ; status: False ; controllable: True ;
Aug 17 18:59:02 fedora dbus-daemon[3118]: INFO:program:Running... udevadm settle --timeout=300
Aug 17 18:59:02 fedora dbus-daemon[3118]: DEBUG:program:Return code: 0
Aug 17 18:59:02 fedora dbus-daemon[3118]: DEBUG:testdata:sysfs attr /sys/class/block/sr0/device/model: 51454d55204456442d524f4d202020200a
Aug 17 18:59:02 fedora dbus-daemon[3118]: INFO:program:Running... udevadm settle --timeout=300
Aug 17 18:59:02 fedora dbus-daemon[3118]: DEBUG:program:Return code: 0
Aug 17 18:59:02 fedora dbus-daemon[3118]: DEBUG:testdata:sysfs attr /sys/class/block/sr0/device/model: 51454d55204456442d524f4d202020200a
Aug 17 18:59:02 fedora dbus-daemon[3118]: INFO:program:Running... udevadm settle --timeout=300
Aug 17 18:59:02 fedora dbus-daemon[3118]: DEBUG:program:Return code: 0
Aug 17 18:59:02 fedora dbus-daemon[3118]: DEBUG:testdata:sysfs attr /sys/class/block/sr0/device/model: 51454d55204456442d524f4d202020200a
Aug 17 18:59:02 fedora dbus-daemon[3118]: INFO:program:Running... udevadm settle --timeout=300
Aug 17 18:59:02 fedora dbus-daemon[3118]: DEBUG:program:Return code: 0
Aug 17 18:59:02 fedora dbus-daemon[3118]: DEBUG:testdata:sysfs attr /sys/class/block/sr0/device/model: 51454d55204456442d524f4d202020200a
Aug 17 18:59:02 fedora dbus-daemon[3118]: INFO:program:Running... udevadm settle --timeout=300
Aug 17 18:59:02 fedora dbus-daemon[3118]: DEBUG:program:Return code: 0
Aug 17 18:59:02 fedora dbus-daemon[3118]: DEBUG:testdata:sysfs attr /sys/class/block/sr0/device/model: 51454d55204456442d524f4d202020200a
Aug 17 18:59:02 fedora dbus-daemon[3118]: INFO:program:Running... udevadm settle --timeout=300
Aug 17 18:59:02 fedora dbus-daemon[3118]: DEBUG:program:Return code: 0
Aug 17 18:59:02 fedora dbus-daemon[3118]: DEBUG:testdata:sysfs attr /sys/class/block/sr0/device/model: 51454d55204456442d524f4d202020200a
Aug 17 18:59:02 fedora dbus-daemon[3118]: DEBUG:blivet:            EFIVarFS.setup: device: efivarfs ; type: efivarfs ; status: False ;
Aug 17 18:59:02 fedora dbus-daemon[3118]: INFO:program:Running... udevadm settle --timeout=300
Aug 17 18:59:02 fedora dbus-daemon[3118]: DEBUG:program:Return code: 0
Aug 17 18:59:02 fedora dbus-daemon[3118]: DEBUG:testdata:sysfs attr /sys/class/block/sr0/device/model: 51454d55204456442d524f4d202020200a
Aug 17 18:59:02 fedora dbus-daemon[3118]: INFO:program:Mounting efivarfs (fstype efivarfs) to /mnt/sysimage/sys/firmware/efi/efivars with options: defaults
Aug 17 18:59:02 fedora dbus-daemon[3118]: DEBUG:blivet:            NoDevice.setup: selinuxfs ; orig: False ; status: False ; controllable: True ;
Aug 17 18:59:02 fedora dbus-daemon[3118]: INFO:program:Running... udevadm settle --timeout=300
Aug 17 18:59:02 fedora dbus-daemon[3118]: DEBUG:program:Return code: 0
Aug 17 18:59:02 fedora dbus-daemon[3118]: DEBUG:testdata:sysfs attr /sys/class/block/sr0/device/model: 51454d55204456442d524f4d202020200a
Aug 17 18:59:02 fedora dbus-daemon[3118]: INFO:program:Running... udevadm settle --timeout=300
Aug 17 18:59:02 fedora dbus-daemon[3118]: DEBUG:program:Return code: 0
Aug 17 18:59:02 fedora dbus-daemon[3118]: DEBUG:testdata:sysfs attr /sys/class/block/sr0/device/model: 51454d55204456442d524f4d202020200a
Aug 17 18:59:02 fedora dbus-daemon[3118]: INFO:program:Running... udevadm settle --timeout=300
Aug 17 18:59:02 fedora dbus-daemon[3118]: DEBUG:program:Return code: 0
Aug 17 18:59:02 fedora dbus-daemon[3118]: DEBUG:testdata:sysfs attr /sys/class/block/sr0/device/model: 51454d55204456442d524f4d202020200a
Aug 17 18:59:02 fedora dbus-daemon[3118]: INFO:program:Running... udevadm settle --timeout=300
Aug 17 18:59:02 fedora dbus-daemon[3118]: DEBUG:program:Return code: 0
Aug 17 18:59:02 fedora dbus-daemon[3118]: DEBUG:testdata:sysfs attr /sys/class/block/sr0/device/model: 51454d55204456442d524f4d202020200a
Aug 17 18:59:02 fedora dbus-daemon[3118]: INFO:program:Running... udevadm settle --timeout=300
Aug 17 18:59:03 fedora dbus-daemon[3118]: DEBUG:program:Return code: 0
Aug 17 18:59:03 fedora dbus-daemon[3118]: DEBUG:testdata:sysfs attr /sys/class/block/sr0/device/model: 51454d55204456442d524f4d202020200a
Aug 17 18:59:03 fedora dbus-daemon[3118]: INFO:program:Running... udevadm settle --timeout=300
Aug 17 18:59:03 fedora dbus-daemon[3118]: DEBUG:program:Return code: 0
Aug 17 18:59:03 fedora dbus-daemon[3118]: DEBUG:testdata:sysfs attr /sys/class/block/sr0/device/model: 51454d55204456442d524f4d202020200a
Aug 17 18:59:03 fedora dbus-daemon[3118]: DEBUG:blivet:            SELinuxFS.setup: device: selinuxfs ; type: selinuxfs ; status: False ;
Aug 17 18:59:03 fedora dbus-daemon[3118]: INFO:program:Running... udevadm settle --timeout=300
Aug 17 18:59:03 fedora dbus-daemon[3118]: DEBUG:program:Return code: 0
Aug 17 18:59:03 fedora dbus-daemon[3118]: DEBUG:testdata:sysfs attr /sys/class/block/sr0/device/model: 51454d55204456442d524f4d202020200a
Aug 17 18:59:03 fedora dbus-daemon[3118]: INFO:program:Mounting selinuxfs (fstype selinuxfs) to /mnt/sysimage/sys/fs/selinux with options: defaults
Aug 17 18:59:03 fedora dbus-daemon[3118]: DEBUG:blivet:            NoDevice.setup: tmpfs ; orig: False ; status: False ; controllable: True ;
Aug 17 18:59:03 fedora dbus-daemon[3118]: INFO:program:Running... udevadm settle --timeout=300
Aug 17 18:59:03 fedora dbus-daemon[3118]: DEBUG:program:Return code: 0
Aug 17 18:59:03 fedora dbus-daemon[3118]: DEBUG:testdata:sysfs attr /sys/class/block/sr0/device/model: 51454d55204456442d524f4d202020200a
Aug 17 18:59:03 fedora dbus-daemon[3118]: INFO:program:Running... udevadm settle --timeout=300
Aug 17 18:59:03 fedora dbus-daemon[3118]: DEBUG:program:Return code: 0
Aug 17 18:59:03 fedora dbus-daemon[3118]: DEBUG:testdata:sysfs attr /sys/class/block/sr0/device/model: 51454d55204456442d524f4d202020200a
Aug 17 18:59:03 fedora dbus-daemon[3118]: INFO:program:Running... udevadm settle --timeout=300
Aug 17 18:59:03 fedora dbus-daemon[3118]: DEBUG:program:Return code: 0
Aug 17 18:59:03 fedora dbus-daemon[3118]: DEBUG:testdata:sysfs attr /sys/class/block/sr0/device/model: 51454d55204456442d524f4d202020200a
Aug 17 18:59:03 fedora dbus-daemon[3118]: INFO:program:Running... udevadm settle --timeout=300
Aug 17 18:59:03 fedora dbus-daemon[3118]: DEBUG:program:Return code: 0
Aug 17 18:59:03 fedora dbus-daemon[3118]: DEBUG:testdata:sysfs attr /sys/class/block/sr0/device/model: 51454d55204456442d524f4d202020200a
Aug 17 18:59:03 fedora dbus-daemon[3118]: INFO:program:Running... udevadm settle --timeout=300
Aug 17 18:59:03 fedora dbus-daemon[3118]: DEBUG:program:Return code: 0
Aug 17 18:59:03 fedora dbus-daemon[3118]: DEBUG:testdata:sysfs attr /sys/class/block/sr0/device/model: 51454d55204456442d524f4d202020200a
Aug 17 18:59:03 fedora dbus-daemon[3118]: DEBUG:blivet:            TmpFS.setup: device: tmpfs ; type: tmpfs ; status: True ;
Aug 17 18:59:03 fedora dbus-daemon[3118]: INFO:program:Mounting tmpfs (fstype tmpfs) to /mnt/sysimage/tmp with options: defaults
Aug 17 18:59:03 fedora dbus-daemon[3118]: INFO:program:Running... findmnt -rn /mnt/sysroot
Aug 17 18:59:03 fedora dbus-daemon[3118]: DEBUG:program:Return code of findmnt: 1
Aug 17 18:59:03 fedora dbus-daemon[3118]: INFO:program:Running... mount --rbind /mnt/sysimage /mnt/sysroot
Aug 17 18:59:03 fedora dbus-daemon[3118]: DEBUG:program:Return code of mount: 0
Aug 17 18:59:03 fedora dbus-daemon[3118]: INFO:anaconda.core.threads:Thread Done: AnaTaskThread-MountFilesystemsTask-1 (140138541741760)
Aug 17 18:59:03 fedora dbus-daemon[1453]: INFO:anaconda.modules.boss.installation:Queue started: Pre-install scripts (4/17)
Aug 17 18:59:03 fedora dbus-daemon[3094]: INFO:anaconda.core.threads:Running Thread: AnaTaskThread-RunScriptsTask-1 (140617258313408)
Aug 17 18:59:03 fedora dbus-daemon[3094]: INFO:anaconda.modules.common.task.task:Run scripts
Aug 17 18:59:03 fedora dbus-daemon[3094]: INFO:anaconda.core.threads:Thread Done: AnaTaskThread-RunScriptsTask-1 (140617258313408)
Aug 17 18:59:03 fedora dbus-daemon[1453]: INFO:anaconda.modules.boss.installation:Queue started: Pre install tasks (5/17)
Aug 17 18:59:03 fedora dbus-daemon[3096]: INFO:anaconda.core.threads:Running Thread: AnaTaskThread-RealmDiscoverTask-1 (139777105979072)
Aug 17 18:59:03 fedora dbus-daemon[3096]: INFO:anaconda.modules.common.task.task:Discover information about a realm
Aug 17 18:59:03 fedora dbus-daemon[3096]: DEBUG:anaconda.modules.security.installation:No realm name set, skipping realm discovery.
Aug 17 18:59:03 fedora dbus-daemon[3096]: INFO:anaconda.core.threads:Thread Done: AnaTaskThread-RealmDiscoverTask-1 (139777105979072)
Aug 17 18:59:03 fedora dbus-daemon[3096]: DEBUG:anaconda.modules.security.security:Updating realm data with results from realm discover task.
Aug 17 18:59:03 fedora dbus-daemon[3096]: DEBUG:anaconda.modules.security.installation:Setting new realm data for realm join task: RealmData(discover_options=[], discovered=False, join_options=[], name='', required_packages=[])
Aug 17 18:59:03 fedora dbus-daemon[3096]: DEBUG:anaconda.modules.security.security:Realm is set to RealmData(discover_options=[], discovered=False, join_options=[], name='', required_packages=[]).
Aug 17 18:59:03 fedora dbus-daemon[3096]: INFO:anaconda.core.threads:Running Thread: AnaTaskThread-PreconfigureFIPSTask-1 (139777105979072)
Aug 17 18:59:03 fedora dbus-daemon[3096]: INFO:anaconda.modules.common.task.task:Set up FIPS for the payload installation
Aug 17 18:59:03 fedora dbus-daemon[3096]: DEBUG:anaconda.modules.security.installation:FIPS is not enabled. Skipping.
Aug 17 18:59:03 fedora dbus-daemon[3096]: INFO:anaconda.core.threads:Thread Done: AnaTaskThread-PreconfigureFIPSTask-1 (139777105979072)
Aug 17 18:59:03 fedora dbus-daemon[3096]: INFO:anaconda.core.threads:Running Thread: AnaTaskThread-ImportCertificatesTask-1 (139777105979072)
Aug 17 18:59:03 fedora dbus-daemon[3096]: INFO:anaconda.modules.common.task.task:Import CA certificates
Aug 17 18:59:03 fedora dbus-daemon[3096]: DEBUG:anaconda.modules.security.certificates.installation:Not importing certificates in pre install phase for RPM_OSTREE payload.
Aug 17 18:59:03 fedora dbus-daemon[3096]: INFO:anaconda.core.threads:Thread Done: AnaTaskThread-ImportCertificatesTask-1 (139777105979072)
Aug 17 18:59:03 fedora dbus-daemon[1453]: INFO:anaconda.modules.boss.installation:Queue started: Payload installation (6/17)
Aug 17 18:59:03 fedora dbus-daemon[3103]: INFO:anaconda.core.threads:Running Thread: AnaTaskThread-PrepareSystemForInstallationTask-1 (140175518725824)
Aug 17 18:59:03 fedora dbus-daemon[3103]: INFO:anaconda.modules.common.task.task:Prepare system for installation
Aug 17 18:59:03 fedora dbus-daemon[3103]: INFO:anaconda.core.threads:Thread Done: AnaTaskThread-PrepareSystemForInstallationTask-1 (140175518725824)
Aug 17 18:59:03 fedora dbus-daemon[3103]: INFO:anaconda.core.threads:Running Thread: AnaTaskThread-InitOSTreeFsAndRepoTask-1 (140175518725824)
Aug 17 18:59:03 fedora dbus-daemon[3103]: INFO:anaconda.modules.common.task.task:Initialize OSTree file system and repository
Aug 17 18:59:03 fedora dbus-daemon[3103]: INFO:program:Running... ostree admin --sysroot=/mnt/sysimage init-fs /mnt/sysimage
Aug 17 18:59:03 fedora dbus-daemon[3103]: DEBUG:program:Return code of ostree: 0
Aug 17 18:59:03 fedora dbus-daemon[3103]: INFO:anaconda.core.threads:Thread Done: AnaTaskThread-InitOSTreeFsAndRepoTask-1 (140175518725824)
Aug 17 18:59:03 fedora dbus-daemon[3103]: INFO:anaconda.core.threads:Running Thread: AnaTaskThread-ChangeOSTreeRemoteTask-1 (140175518725824)
Aug 17 18:59:03 fedora dbus-daemon[3103]: INFO:anaconda.modules.common.task.task:Change OSTree remote
Aug 17 18:59:03 fedora dbus-daemon[3103]: INFO:anaconda.core.threads:Thread Done: AnaTaskThread-ChangeOSTreeRemoteTask-1 (140175518725824)
Aug 17 18:59:03 fedora dbus-daemon[3103]: INFO:anaconda.core.threads:Running Thread: AnaTaskThread-DeployOSTreeTask-1 (140175518725824)
Aug 17 18:59:03 fedora dbus-daemon[3103]: INFO:anaconda.modules.common.task.task:Deploy OSTree
Aug 17 18:59:03 fedora dbus-daemon[3103]: INFO:program:Running... ostree admin --sysroot=/mnt/sysimage os-init default
Aug 17 18:59:03 fedora dbus-daemon[3103]: INFO:program:ostree/deploy/default initialized as OSTree stateroot
Aug 17 18:59:03 fedora dbus-daemon[3103]: DEBUG:program:Return code of ostree: 0
Aug 17 18:59:03 fedora dbus-daemon[3103]: INFO:anaconda.modules.payloads.payload.rpm_ostree.installation:ostree image deploy starting
Aug 17 18:59:03 fedora dbus-daemon[3103]: INFO:program:Running... ostree container image deploy --sysroot=/mnt/sysimage --image=/usr/share/bunny-os/payload-oci --transport=oci --no-signature-verification
Aug 17 18:59:03 fedora bootc[4537]: Fetching ostree-unverified-image:oci:/usr/share/bunny-os/payload-oci
Aug 17 18:59:03 fedora bootc[4537]: layers already present: 0; layers needed: 87 (3.0 GB)
Aug 17 18:59:04 fedora gnome-shell[1596]: bunny-desktop: push-to-talk unavailable: No microphone is available.
Aug 17 18:59:04 fedora ostree-container[4537]: Starting syncfs for system repo
Aug 17 18:59:04 fedora ostree-container[4537]: Completed syncfs() for system repo in 218 ms
Aug 17 18:59:05 fedora geoclue[2222]: Service not used for 60 seconds. Shutting down..
Aug 17 18:59:05 fedora systemd[1]: geoclue.service: Deactivated successfully.
Aug 17 18:59:05 fedora audit[1]: SERVICE_STOP pid=1 uid=0 auid=4294967295 ses=4294967295 subj=system_u:system_r:kernel_t:s0 msg='unit=geoclue comm="systemd" exe="/usr/lib/systemd/systemd" hostname=? addr=? terminal=? res=success'
Aug 17 18:59:05 fedora kernel: kauditd_printk_skb: 11 callbacks suppressed
Aug 17 18:59:05 fedora kernel: audit: type=1131 audit(1786993145.026:432): pid=1 uid=0 auid=4294967295 ses=4294967295 subj=system_u:system_r:kernel_t:s0 msg='unit=geoclue comm="systemd" exe="/usr/lib/systemd/systemd" hostname=? addr=? terminal=? res=success'
Aug 17 18:59:05 fedora ostree-container[4537]: Starting syncfs for system repo
Aug 17 18:59:05 fedora ostree-container[4537]: Completed syncfs() for system repo in 138 ms
Aug 17 18:59:07 fedora ostree-container[4537]: Starting syncfs for system repo
Aug 17 18:59:07 fedora ostree-container[4537]: Completed syncfs() for system repo in 249 ms
Aug 17 18:59:08 fedora ostree-container[4537]: Starting syncfs for system repo
Aug 17 18:59:09 fedora ostree-container[4537]: Completed syncfs() for system repo in 227 ms
Aug 17 18:59:10 fedora ostree-container[4537]: Starting syncfs for system repo
Aug 17 18:59:10 fedora ostree-container[4537]: Completed syncfs() for system repo in 152 ms
Aug 17 18:59:10 fedora chronyd[1235]: Selected source 129.250.35.251 (2.fedora.pool.ntp.org)
Aug 17 18:59:11 fedora ostree-container[4537]: Starting syncfs for system repo
Aug 17 18:59:11 fedora ostree-container[4537]: Completed syncfs() for system repo in 194 ms
Aug 17 18:59:12 fedora ostree-container[4537]: Starting syncfs for system repo
Aug 17 18:59:12 fedora ostree-container[4537]: Completed syncfs() for system repo in 99 ms
Aug 17 18:59:13 fedora ostree-container[4537]: Starting syncfs for system repo
Aug 17 18:59:13 fedora ostree-container[4537]: Completed syncfs() for system repo in 129 ms
Aug 17 18:59:14 fedora ostree-container[4537]: Starting syncfs for system repo
Aug 17 18:59:14 fedora ostree-container[4537]: Completed syncfs() for system repo in 79 ms
Aug 17 18:59:14 fedora ostree-container[4537]: Starting syncfs for system repo
Aug 17 18:59:14 fedora ostree-container[4537]: Completed syncfs() for system repo in 82 ms
Aug 17 18:59:15 fedora ostree-container[4537]: Starting syncfs for system repo
Aug 17 18:59:15 fedora ostree-container[4537]: Completed syncfs() for system repo in 104 ms
Aug 17 18:59:15 fedora ostree-container[4537]: Starting syncfs for system repo
Aug 17 18:59:15 fedora ostree-container[4537]: Completed syncfs() for system repo in 51 ms
Aug 17 18:59:16 fedora ostree-container[4537]: Starting syncfs for system repo
Aug 17 18:59:16 fedora ostree-container[4537]: Completed syncfs() for system repo in 72 ms
Aug 17 18:59:16 fedora ostree-container[4537]: Starting syncfs for system repo
Aug 17 18:59:16 fedora ostree-container[4537]: Completed syncfs() for system repo in 111 ms
Aug 17 18:59:17 fedora ostree-container[4537]: Starting syncfs for system repo
Aug 17 18:59:17 fedora ostree-container[4537]: Completed syncfs() for system repo in 309 ms
Aug 17 18:59:17 fedora ostree-container[4537]: Starting syncfs for system repo
Aug 17 18:59:17 fedora ostree-container[4537]: Completed syncfs() for system repo in 80 ms
Aug 17 18:59:17 fedora ostree-container[4537]: Starting syncfs for system repo
Aug 17 18:59:18 fedora ostree-container[4537]: Completed syncfs() for system repo in 48 ms
Aug 17 18:59:18 fedora ostree-container[4537]: Starting syncfs for system repo
Aug 17 18:59:18 fedora ostree-container[4537]: Completed syncfs() for system repo in 81 ms
Aug 17 18:59:18 fedora ostree-container[4537]: Starting syncfs for system repo
Aug 17 18:59:18 fedora ostree-container[4537]: Completed syncfs() for system repo in 55 ms
Aug 17 18:59:18 fedora ostree-container[4537]: Starting syncfs for system repo
Aug 17 18:59:18 fedora ostree-container[4537]: Completed syncfs() for system repo in 171 ms
Aug 17 18:59:19 fedora audit[1155]: AVC avc:  denied  { read } for  pid=1155 comm="irqbalance" name="smp_affinity" dev="proc" ino=4026532241 scontext=system_u:system_r:kernel_t:s0 tcontext=system_u:object_r:sysctl_irq_t:s0 tclass=file permissive=1
Aug 17 18:59:19 fedora audit[1155]: AVC avc:  denied  { open } for  pid=1155 comm="irqbalance" path="/proc/irq/32/smp_affinity" dev="proc" ino=4026532241 scontext=system_u:system_r:kernel_t:s0 tcontext=system_u:object_r:sysctl_irq_t:s0 tclass=file permissive=1
Aug 17 18:59:19 fedora audit[1155]: SYSCALL arch=c000003e syscall=257 success=yes exit=6 a0=ffffffffffffff9c a1=7ffc50aa6330 a2=0 a3=0 items=0 ppid=1 pid=1155 auid=4294967295 uid=0 gid=0 euid=0 suid=0 fsuid=0 egid=0 sgid=0 fsgid=0 tty=(none) ses=4294967295 comm="irqbalance" exe="/usr/bin/irqbalance" subj=system_u:system_r:kernel_t:s0 key=(null)
Aug 17 18:59:19 fedora audit: PROCTITLE proctitle="(irqbalance)"
Aug 17 18:59:19 fedora audit[1155]: AVC avc:  denied  { getattr } for  pid=1155 comm="irqbalance" path="/proc/irq/32/smp_affinity" dev="proc" ino=4026532241 scontext=system_u:system_r:kernel_t:s0 tcontext=system_u:object_r:sysctl_irq_t:s0 tclass=file permissive=1
Aug 17 18:59:19 fedora audit[1155]: SYSCALL arch=c000003e syscall=5 success=yes exit=0 a0=6 a1=7ffc50aa5b80 a2=7f8cf8594ec0 a3=0 items=0 ppid=1 pid=1155 auid=4294967295 uid=0 gid=0 euid=0 suid=0 fsuid=0 egid=0 sgid=0 fsgid=0 tty=(none) ses=4294967295 comm="irqbalance" exe="/usr/bin/irqbalance" subj=system_u:system_r:kernel_t:s0 key=(null)
Aug 17 18:59:19 fedora audit: PROCTITLE proctitle="(irqbalance)"
Aug 17 18:59:19 fedora audit[1155]: AVC avc:  denied  { write } for  pid=1155 comm="irqbalance" name="smp_affinity" dev="proc" ino=4026532241 scontext=system_u:system_r:kernel_t:s0 tcontext=system_u:object_r:sysctl_irq_t:s0 tclass=file permissive=1
Aug 17 18:59:19 fedora audit[1155]: SYSCALL arch=c000003e syscall=257 success=yes exit=6 a0=ffffffffffffff9c a1=7ffc50aa6330 a2=241 a3=1b6 items=0 ppid=1 pid=1155 auid=4294967295 uid=0 gid=0 euid=0 suid=0 fsuid=0 egid=0 sgid=0 fsgid=0 tty=(none) ses=4294967295 comm="irqbalance" exe="/usr/bin/irqbalance" subj=system_u:system_r:kernel_t:s0 key=(null)
Aug 17 18:59:19 fedora audit: PROCTITLE proctitle="(irqbalance)"
Aug 17 18:59:19 fedora kernel: audit: type=1400 audit(1786993159.001:433): avc:  denied  { read } for  pid=1155 comm="irqbalance" name="smp_affinity" dev="proc" ino=4026532241 scontext=system_u:system_r:kernel_t:s0 tcontext=system_u:object_r:sysctl_irq_t:s0 tclass=file permissive=1
Aug 17 18:59:19 fedora kernel: audit: type=1400 audit(1786993159.001:433): avc:  denied  { open } for  pid=1155 comm="irqbalance" path="/proc/irq/32/smp_affinity" dev="proc" ino=4026532241 scontext=system_u:system_r:kernel_t:s0 tcontext=system_u:object_r:sysctl_irq_t:s0 tclass=file permissive=1
Aug 17 18:59:19 fedora kernel: audit: type=1300 audit(1786993159.001:433): arch=c000003e syscall=257 success=yes exit=6 a0=ffffffffffffff9c a1=7ffc50aa6330 a2=0 a3=0 items=0 ppid=1 pid=1155 auid=4294967295 uid=0 gid=0 euid=0 suid=0 fsuid=0 egid=0 sgid=0 fsgid=0 tty=(none) ses=4294967295 comm="irqbalance" exe="/usr/bin/irqbalance" subj=system_u:system_r:kernel_t:s0 key=(null)
Aug 17 18:59:19 fedora kernel: audit: type=1327 audit(1786993159.001:433): proctitle="(irqbalance)"
Aug 17 18:59:19 fedora kernel: audit: type=1400 audit(1786993159.002:434): avc:  denied  { getattr } for  pid=1155 comm="irqbalance" path="/proc/irq/32/smp_affinity" dev="proc" ino=4026532241 scontext=system_u:system_r:kernel_t:s0 tcontext=system_u:object_r:sysctl_irq_t:s0 tclass=file permissive=1
Aug 17 18:59:19 fedora kernel: audit: type=1300 audit(1786993159.002:434): arch=c000003e syscall=5 success=yes exit=0 a0=6 a1=7ffc50aa5b80 a2=7f8cf8594ec0 a3=0 items=0 ppid=1 pid=1155 auid=4294967295 uid=0 gid=0 euid=0 suid=0 fsuid=0 egid=0 sgid=0 fsgid=0 tty=(none) ses=4294967295 comm="irqbalance" exe="/usr/bin/irqbalance" subj=system_u:system_r:kernel_t:s0 key=(null)
Aug 17 18:59:19 fedora kernel: audit: type=1327 audit(1786993159.002:434): proctitle="(irqbalance)"
Aug 17 18:59:19 fedora kernel: audit: type=1400 audit(1786993159.002:435): avc:  denied  { write } for  pid=1155 comm="irqbalance" name="smp_affinity" dev="proc" ino=4026532241 scontext=system_u:system_r:kernel_t:s0 tcontext=system_u:object_r:sysctl_irq_t:s0 tclass=file permissive=1
Aug 17 18:59:19 fedora kernel: audit: type=1300 audit(1786993159.002:435): arch=c000003e syscall=257 success=yes exit=6 a0=ffffffffffffff9c a1=7ffc50aa6330 a2=241 a3=1b6 items=0 ppid=1 pid=1155 auid=4294967295 uid=0 gid=0 euid=0 suid=0 fsuid=0 egid=0 sgid=0 fsgid=0 tty=(none) ses=4294967295 comm="irqbalance" exe="/usr/bin/irqbalance" subj=system_u:system_r:kernel_t:s0 key=(null)
Aug 17 18:59:19 fedora kernel: audit: type=1327 audit(1786993159.002:435): proctitle="(irqbalance)"
Aug 17 18:59:19 fedora ostree-container[4537]: Starting syncfs for system repo
Aug 17 18:59:19 fedora ostree-container[4537]: Completed syncfs() for system repo in 278 ms
Aug 17 18:59:19 fedora ostree-container[4537]: Starting syncfs for system repo
Aug 17 18:59:19 fedora ostree-container[4537]: Completed syncfs() for system repo in 233 ms
Aug 17 18:59:19 fedora ostree-container[4537]: Starting syncfs for system repo
Aug 17 18:59:19 fedora ostree-container[4537]: Completed syncfs() for system repo in 72 ms
Aug 17 18:59:20 fedora ostree-container[4537]: Starting syncfs for system repo
Aug 17 18:59:20 fedora ostree-container[4537]: Completed syncfs() for system repo in 54 ms
Aug 17 18:59:20 fedora ostree-container[4537]: Starting syncfs for system repo
Aug 17 18:59:20 fedora ostree-container[4537]: Completed syncfs() for system repo in 49 ms
Aug 17 18:59:20 fedora ostree-container[4537]: Starting syncfs for system repo
Aug 17 18:59:20 fedora ostree-container[4537]: Completed syncfs() for system repo in 44 ms
Aug 17 18:59:20 fedora ostree-container[4537]: Starting syncfs for system repo
Aug 17 18:59:20 fedora ostree-container[4537]: Completed syncfs() for system repo in 83 ms
Aug 17 18:59:21 fedora ostree-container[4537]: Starting syncfs for system repo
Aug 17 18:59:21 fedora ostree-container[4537]: Completed syncfs() for system repo in 67 ms
Aug 17 18:59:21 fedora ostree-container[4537]: Starting syncfs for system repo
Aug 17 18:59:21 fedora ostree-container[4537]: Completed syncfs() for system repo in 51 ms
Aug 17 18:59:21 fedora ostree-container[4537]: Starting syncfs for system repo
Aug 17 18:59:21 fedora ostree-container[4537]: Completed syncfs() for system repo in 53 ms
Aug 17 18:59:21 fedora ostree-container[4537]: Starting syncfs for system repo
Aug 17 18:59:21 fedora ostree-container[4537]: Completed syncfs() for system repo in 56 ms
Aug 17 18:59:21 fedora ostree-container[4537]: Starting syncfs for system repo
Aug 17 18:59:21 fedora ostree-container[4537]: Completed syncfs() for system repo in 66 ms
Aug 17 18:59:22 fedora ostree-container[4537]: Starting syncfs for system repo
Aug 17 18:59:22 fedora ostree-container[4537]: Completed syncfs() for system repo in 45 ms
Aug 17 18:59:22 fedora ostree-container[4537]: Starting syncfs for system repo
Aug 17 18:59:22 fedora ostree-container[4537]: Completed syncfs() for system repo in 71 ms
Aug 17 18:59:22 fedora ostree-container[4537]: Starting syncfs for system repo
Aug 17 18:59:22 fedora ostree-container[4537]: Completed syncfs() for system repo in 57 ms
Aug 17 18:59:22 fedora ostree-container[4537]: Starting syncfs for system repo
Aug 17 18:59:22 fedora ostree-container[4537]: Completed syncfs() for system repo in 42 ms
Aug 17 18:59:22 fedora ostree-container[4537]: Starting syncfs for system repo
Aug 17 18:59:23 fedora ostree-container[4537]: Completed syncfs() for system repo in 49 ms
Aug 17 18:59:23 fedora ostree-container[4537]: Starting syncfs for system repo
Aug 17 18:59:23 fedora ostree-container[4537]: Completed syncfs() for system repo in 27 ms
Aug 17 18:59:23 fedora ostree-container[4537]: Starting syncfs for system repo
Aug 17 18:59:23 fedora ostree-container[4537]: Completed syncfs() for system repo in 46 ms
Aug 17 18:59:24 fedora ostree-container[4537]: Starting syncfs for system repo
Aug 17 18:59:24 fedora ostree-container[4537]: Completed syncfs() for system repo in 148 ms
Aug 17 18:59:24 fedora ostree-container[4537]: Starting syncfs for system repo
Aug 17 18:59:24 fedora ostree-container[4537]: Completed syncfs() for system repo in 47 ms
Aug 17 18:59:24 fedora ostree-container[4537]: Starting syncfs for system repo
Aug 17 18:59:24 fedora ostree-container[4537]: Completed syncfs() for system repo in 45 ms
Aug 17 18:59:24 fedora ostree-container[4537]: Starting syncfs for system repo
Aug 17 18:59:25 fedora ostree-container[4537]: Completed syncfs() for system repo in 44 ms
Aug 17 18:59:25 fedora ostree-container[4537]: Starting syncfs for system repo
Aug 17 18:59:25 fedora ostree-container[4537]: Completed syncfs() for system repo in 38 ms
Aug 17 18:59:25 fedora audit[1]: AVC avc:  denied  { read } for  pid=1 comm="systemd" name="cgroup" dev="proc" ino=17765 scontext=system_u:system_r:kernel_t:s0 tcontext=unconfined_u:unconfined_r:unconfined_t:s0 tclass=file permissive=1
Aug 17 18:59:25 fedora audit[1]: AVC avc:  denied  { open } for  pid=1 comm="systemd" path="/proc/1447/cgroup" dev="proc" ino=17765 scontext=system_u:system_r:kernel_t:s0 tcontext=unconfined_u:unconfined_r:unconfined_t:s0 tclass=file permissive=1
Aug 17 18:59:25 fedora audit[1]: AVC avc:  denied  { getattr } for  pid=1 comm="systemd" path="/proc/1447/cgroup" dev="proc" ino=17765 scontext=system_u:system_r:kernel_t:s0 tcontext=unconfined_u:unconfined_r:unconfined_t:s0 tclass=file permissive=1
Aug 17 18:59:25 fedora audit[1]: AVC avc:  denied  { ioctl } for  pid=1 comm="systemd" path="/proc/1447/cgroup" dev="proc" ino=17765 ioctlcmd=0x542a scontext=system_u:system_r:kernel_t:s0 tcontext=unconfined_u:unconfined_r:unconfined_t:s0 tclass=file permissive=1
Aug 17 18:59:25 fedora kernel: audit: type=1400 audit(1786993165.310:436): avc:  denied  { read } for  pid=1 comm="systemd" name="cgroup" dev="proc" ino=17765 scontext=system_u:system_r:kernel_t:s0 tcontext=unconfined_u:unconfined_r:unconfined_t:s0 tclass=file permissive=1
Aug 17 18:59:25 fedora kernel: audit: type=1400 audit(1786993165.311:437): avc:  denied  { open } for  pid=1 comm="systemd" path="/proc/1447/cgroup" dev="proc" ino=17765 scontext=system_u:system_r:kernel_t:s0 tcontext=unconfined_u:unconfined_r:unconfined_t:s0 tclass=file permissive=1
Aug 17 18:59:25 fedora kernel: audit: type=1400 audit(1786993165.311:438): avc:  denied  { getattr } for  pid=1 comm="systemd" path="/proc/1447/cgroup" dev="proc" ino=17765 scontext=system_u:system_r:kernel_t:s0 tcontext=unconfined_u:unconfined_r:unconfined_t:s0 tclass=file permissive=1
Aug 17 18:59:25 fedora kernel: audit: type=1400 audit(1786993165.311:439): avc:  denied  { ioctl } for  pid=1 comm="systemd" path="/proc/1447/cgroup" dev="proc" ino=17765 ioctlcmd=0x542a scontext=system_u:system_r:kernel_t:s0 tcontext=unconfined_u:unconfined_r:unconfined_t:s0 tclass=file permissive=1
Aug 17 18:59:25 fedora ostree-container[4537]: Starting syncfs for system repo
Aug 17 18:59:25 fedora ostree-container[4537]: Completed syncfs() for system repo in 31 ms
Aug 17 18:59:26 fedora ostree-container[4537]: Starting syncfs for system repo
Aug 17 18:59:26 fedora ostree-container[4537]: Completed syncfs() for system repo in 113 ms
Aug 17 18:59:26 fedora ostree-container[4537]: Starting syncfs for system repo
Aug 17 18:59:26 fedora ostree-container[4537]: Completed syncfs() for system repo in 87 ms
Aug 17 18:59:27 fedora ostree-container[4537]: Starting syncfs for system repo
Aug 17 18:59:27 fedora ostree-container[4537]: Completed syncfs() for system repo in 111 ms
Aug 17 18:59:27 fedora ostree-container[4537]: Starting syncfs for system repo
Aug 17 18:59:27 fedora ostree-container[4537]: Completed syncfs() for system repo in 42 ms
Aug 17 18:59:28 fedora ostree-container[4537]: Starting syncfs for system repo
Aug 17 18:59:28 fedora ostree-container[4537]: Completed syncfs() for system repo in 91 ms
Aug 17 18:59:28 fedora ostree-container[4537]: Starting syncfs for system repo
Aug 17 18:59:28 fedora ostree-container[4537]: Completed syncfs() for system repo in 46 ms
Aug 17 18:59:28 fedora ostree-container[4537]: Starting syncfs for system repo
Aug 17 18:59:28 fedora ostree-container[4537]: Completed syncfs() for system repo in 48 ms
Aug 17 18:59:28 fedora ostree-container[4537]: Starting syncfs for system repo
Aug 17 18:59:28 fedora ostree-container[4537]: Completed syncfs() for system repo in 73 ms
Aug 17 18:59:29 fedora ostree-container[4537]: Starting syncfs for system repo
Aug 17 18:59:29 fedora ostree-container[4537]: Completed syncfs() for system repo in 45 ms
Aug 17 18:59:29 fedora ostree-container[4537]: Starting syncfs for system repo
Aug 17 18:59:29 fedora ostree-container[4537]: Completed syncfs() for system repo in 138 ms
Aug 17 18:59:30 fedora ostree-container[4537]: Starting syncfs for system repo
Aug 17 18:59:30 fedora ostree-container[4537]: Completed syncfs() for system repo in 211 ms
Aug 17 18:59:30 fedora ostree-container[4537]: Starting syncfs for system repo
Aug 17 18:59:30 fedora ostree-container[4537]: Completed syncfs() for system repo in 101 ms
Aug 17 18:59:30 fedora ostree-container[4537]: Starting syncfs for system repo
Aug 17 18:59:30 fedora ostree-container[4537]: Completed syncfs() for system repo in 74 ms
Aug 17 18:59:31 fedora ostree-container[4537]: Starting syncfs for system repo
Aug 17 18:59:31 fedora ostree-container[4537]: Completed syncfs() for system repo in 66 ms
Aug 17 18:59:31 fedora ostree-container[4537]: Starting syncfs for system repo
Aug 17 18:59:31 fedora ostree-container[4537]: Completed syncfs() for system repo in 89 ms
Aug 17 18:59:32 fedora ostree-container[4537]: Starting syncfs for system repo
Aug 17 18:59:32 fedora ostree-container[4537]: Completed syncfs() for system repo in 163 ms
Aug 17 18:59:32 fedora ostree-container[4537]: Starting syncfs for system repo
Aug 17 18:59:33 fedora ostree-container[4537]: Completed syncfs() for system repo in 83 ms
Aug 17 18:59:34 fedora ostree-container[4537]: Starting syncfs for system repo
Aug 17 18:59:34 fedora ostree-container[4537]: Completed syncfs() for system repo in 436 ms
Aug 17 18:59:35 fedora ostree-container[4537]: Starting syncfs for system repo
Aug 17 18:59:35 fedora ostree-container[4537]: Completed syncfs() for system repo in 36 ms
Aug 17 18:59:35 fedora ostree-container[4537]: Starting syncfs for system repo
Aug 17 18:59:35 fedora ostree-container[4537]: Completed syncfs() for system repo in 159 ms
Aug 17 18:59:35 fedora audit[4562]: AVC avc:  denied  { execute_no_trans } for  pid=4562 comm="bootc" path="/usr/bin/ostree" dev="overlay" ino=8658 scontext=system_u:system_r:kernel_t:s0 tcontext=system_u:object_r:unlabeled_t:s0 tclass=file permissive=1
Aug 17 18:59:35 fedora audit[4562]: SYSCALL arch=c000003e syscall=59 success=yes exit=0 a0=7ffc16992340 a1=564bb1c29340 a2=564bb1c6b290 a3=31 items=1 ppid=4537 pid=4562 auid=4294967295 uid=0 gid=0 euid=0 suid=0 fsuid=0 egid=0 sgid=0 fsgid=0 tty=(none) ses=4294967295 comm="ostree" exe="/usr/bin/ostree" subj=system_u:system_r:kernel_t:s0 key=(null)
Aug 17 18:59:35 fedora audit: EXECVE argc=11 a0="ostree" a1="commit" a2="--repo=/proc/self/fd/3" a3="--selinux-policy" a4="/tmp/.tmpwwLelV" a5="--add-metadata-string=ostree.importer.version=0.15.3" a6="--no-bindings" a7="--tar-autocreate-parents" a8="--tree=tar=/proc/self/fd/0" a9="--branch" a10="ostree/container/blob/sha256_3A_0d63c06767dd35e8b355592100884e210f32a6d7a073e487ab5969900ff2e920"
Aug 17 18:59:35 fedora audit: CWD cwd="/"
Aug 17 18:59:35 fedora audit: PATH item=0 name="/lib64/ld-linux-x86-64.so.2" inode=113098 dev=00:24 mode=0100755 ouid=0 ogid=0 rdev=00:00 obj=system_u:object_r:unlabeled_t:s0 nametype=NORMAL cap_fp=0 cap_fi=0 cap_fe=0 cap_fver=0 cap_frootid=0
Aug 17 18:59:35 fedora audit: PROCTITLE proctitle=6F737472656500636F6D6D6974002D2D7265706F3D2F70726F632F73656C662F66642F33002D2D73656C696E75782D706F6C696379002F746D702F2E746D7077774C656C56002D2D6164642D6D657461646174612D737472696E673D6F73747265652E696D706F727465722E76657273696F6E3D302E31352E33002D2D6E6F2D
Aug 17 18:59:35 fedora kernel: audit: type=1400 audit(1786993175.817:440): avc:  denied  { execute_no_trans } for  pid=4562 comm="bootc" path="/usr/bin/ostree" dev="overlay" ino=8658 scontext=system_u:system_r:kernel_t:s0 tcontext=system_u:object_r:unlabeled_t:s0 tclass=file permissive=1
Aug 17 18:59:35 fedora kernel: audit: type=1300 audit(1786993175.817:440): arch=c000003e syscall=59 success=yes exit=0 a0=7ffc16992340 a1=564bb1c29340 a2=564bb1c6b290 a3=31 items=1 ppid=4537 pid=4562 auid=4294967295 uid=0 gid=0 euid=0 suid=0 fsuid=0 egid=0 sgid=0 fsgid=0 tty=(none) ses=4294967295 comm="ostree" exe="/usr/bin/ostree" subj=system_u:system_r:kernel_t:s0 key=(null)
Aug 17 18:59:35 fedora kernel: audit: type=1309 audit(1786993175.817:440): argc=11 a0="ostree" a1="commit" a2="--repo=/proc/self/fd/3" a3="--selinux-policy" a4="/tmp/.tmpwwLelV" a5="--add-metadata-string=ostree.importer.version=0.15.3" a6="--no-bindings" a7="--tar-autocreate-parents" a8="--tree=tar=/proc/self/fd/0" a9="--branch" a10="ostree/container/blob/sha256_3A_0d63c06767dd35e8b355592100884e210f32a6d7a073e487ab5969900ff2e920"
Aug 17 18:59:35 fedora kernel: audit: type=1307 audit(1786993175.817:440): cwd="/"
Aug 17 18:59:35 fedora kernel: audit: type=1302 audit(1786993175.817:440): item=0 name="/lib64/ld-linux-x86-64.so.2" inode=113098 dev=00:24 mode=0100755 ouid=0 ogid=0 rdev=00:00 obj=system_u:object_r:unlabeled_t:s0 nametype=NORMAL cap_fp=0 cap_fi=0 cap_fe=0 cap_fver=0 cap_frootid=0
Aug 17 18:59:35 fedora kernel: audit: type=1327 audit(1786993175.817:440): proctitle=6F737472656500636F6D6D6974002D2D7265706F3D2F70726F632F73656C662F66642F33002D2D73656C696E75782D706F6C696379002F746D702F2E746D7077774C656C56002D2D6164642D6D657461646174612D737472696E673D6F73747265652E696D706F727465722E76657273696F6E3D302E31352E33002D2D6E6F2D
Aug 17 18:59:39 fedora audit[1274]: AVC avc:  denied  { read } for  pid=1274 comm="gssproxy" name="net" dev="proc" ino=4026531843 scontext=system_u:system_r:kernel_t:s0 tcontext=system_u:object_r:proc_net_t:s0 tclass=lnk_file permissive=1
Aug 17 18:59:39 fedora audit[1274]: AVC avc:  denied  { search } for  pid=1274 comm="gssproxy" name="rpc" dev="proc" ino=4026532193 scontext=system_u:system_r:kernel_t:s0 tcontext=system_u:object_r:sysctl_rpc_t:s0 tclass=dir permissive=1
Aug 17 18:59:39 fedora audit[1274]: SYSCALL arch=c000003e syscall=257 success=no exit=-2 a0=ffffffffffffff9c a1=5643e4a20d3d a2=2 a3=0 items=0 ppid=1 pid=1274 auid=4294967295 uid=0 gid=0 euid=0 suid=0 fsuid=0 egid=0 sgid=0 fsgid=0 tty=(none) ses=4294967295 comm="gssproxy" exe="/usr/bin/gssproxy" subj=system_u:system_r:kernel_t:s0 key=(null)
Aug 17 18:59:39 fedora audit: PROCTITLE proctitle="(gssproxy)"
Aug 17 18:59:39 fedora kernel: audit: type=1400 audit(1786993179.389:441): avc:  denied  { read } for  pid=1274 comm="gssproxy" name="net" dev="proc" ino=4026531843 scontext=system_u:system_r:kernel_t:s0 tcontext=system_u:object_r:proc_net_t:s0 tclass=lnk_file permissive=1
Aug 17 18:59:39 fedora kernel: audit: type=1400 audit(1786993179.389:441): avc:  denied  { search } for  pid=1274 comm="gssproxy" name="rpc" dev="proc" ino=4026532193 scontext=system_u:system_r:kernel_t:s0 tcontext=system_u:object_r:sysctl_rpc_t:s0 tclass=dir permissive=1
Aug 17 18:59:39 fedora kernel: audit: type=1300 audit(1786993179.389:441): arch=c000003e syscall=257 success=no exit=-2 a0=ffffffffffffff9c a1=5643e4a20d3d a2=2 a3=0 items=0 ppid=1 pid=1274 auid=4294967295 uid=0 gid=0 euid=0 suid=0 fsuid=0 egid=0 sgid=0 fsgid=0 tty=(none) ses=4294967295 comm="gssproxy" exe="/usr/bin/gssproxy" subj=system_u:system_r:kernel_t:s0 key=(null)
Aug 17 18:59:39 fedora kernel: audit: type=1327 audit(1786993179.389:441): proctitle="(gssproxy)"
Aug 17 19:00:19 fedora audit[1155]: AVC avc:  denied  { search } for  pid=1155 comm="irqbalance" name="irq" dev="proc" ino=4026531861 scontext=system_u:system_r:kernel_t:s0 tcontext=system_u:object_r:sysctl_irq_t:s0 tclass=dir permissive=1
Aug 17 19:00:19 fedora audit[1155]: AVC avc:  denied  { search } for  pid=1155 comm="irqbalance" name="35" dev="proc" ino=4026532249 scontext=system_u:system_r:kernel_t:s0 tcontext=system_u:object_r:sysctl_irq_t:s0 tclass=dir permissive=1
Aug 17 19:00:19 fedora audit[1155]: SYSCALL arch=c000003e syscall=257 success=yes exit=6 a0=ffffffffffffff9c a1=7ffc50aa6330 a2=0 a3=0 items=1 ppid=1 pid=1155 auid=4294967295 uid=0 gid=0 euid=0 suid=0 fsuid=0 egid=0 sgid=0 fsgid=0 tty=(none) ses=4294967295 comm="irqbalance" exe="/usr/bin/irqbalance" subj=system_u:system_r:kernel_t:s0 key=(null)
Aug 17 19:00:19 fedora audit: CWD cwd="/"
Aug 17 19:00:19 fedora audit: PATH item=0 name="/proc/irq/35/smp_affinity" inode=4026532250 dev=00:39 mode=0100644 ouid=0 ogid=0 rdev=00:00 obj=system_u:object_r:sysctl_irq_t:s0 nametype=NORMAL cap_fp=0 cap_fi=0 cap_fe=0 cap_fver=0 cap_frootid=0
Aug 17 19:00:19 fedora audit: PROCTITLE proctitle="(irqbalance)"
Aug 17 19:00:19 fedora kernel: audit: type=1400 audit(1786993219.000:442): avc:  denied  { search } for  pid=1155 comm="irqbalance" name="irq" dev="proc" ino=4026531861 scontext=system_u:system_r:kernel_t:s0 tcontext=system_u:object_r:sysctl_irq_t:s0 tclass=dir permissive=1
Aug 17 19:00:19 fedora kernel: audit: type=1400 audit(1786993219.000:442): avc:  denied  { search } for  pid=1155 comm="irqbalance" name="35" dev="proc" ino=4026532249 scontext=system_u:system_r:kernel_t:s0 tcontext=system_u:object_r:sysctl_irq_t:s0 tclass=dir permissive=1
Aug 17 19:00:19 fedora kernel: audit: type=1300 audit(1786993219.000:442): arch=c000003e syscall=257 success=yes exit=6 a0=ffffffffffffff9c a1=7ffc50aa6330 a2=0 a3=0 items=1 ppid=1 pid=1155 auid=4294967295 uid=0 gid=0 euid=0 suid=0 fsuid=0 egid=0 sgid=0 fsgid=0 tty=(none) ses=4294967295 comm="irqbalance" exe="/usr/bin/irqbalance" subj=system_u:system_r:kernel_t:s0 key=(null)
Aug 17 19:00:19 fedora kernel: audit: type=1307 audit(1786993219.000:442): cwd="/"
Aug 17 19:00:19 fedora kernel: audit: type=1302 audit(1786993219.000:442): item=0 name="/proc/irq/35/smp_affinity" inode=4026532250 dev=00:39 mode=0100644 ouid=0 ogid=0 rdev=00:00 obj=system_u:object_r:sysctl_irq_t:s0 nametype=NORMAL cap_fp=0 cap_fi=0 cap_fe=0 cap_fver=0 cap_frootid=0
Aug 17 19:00:19 fedora kernel: audit: type=1327 audit(1786993219.000:442): proctitle="(irqbalance)"
Aug 17 19:00:29 fedora audit[1155]: AVC avc:  denied  { read } for  pid=1155 comm="irqbalance" name="smp_affinity" dev="proc" ino=4026532214 scontext=system_u:system_r:kernel_t:s0 tcontext=system_u:object_r:sysctl_irq_t:s0 tclass=file permissive=1
Aug 17 19:00:29 fedora audit[1155]: AVC avc:  denied  { open } for  pid=1155 comm="irqbalance" path="/proc/irq/33/smp_affinity" dev="proc" ino=4026532214 scontext=system_u:system_r:kernel_t:s0 tcontext=system_u:object_r:sysctl_irq_t:s0 tclass=file permissive=1
Aug 17 19:00:29 fedora audit[1155]: SYSCALL arch=c000003e syscall=257 success=yes exit=6 a0=ffffffffffffff9c a1=7ffc50aa6330 a2=0 a3=0 items=0 ppid=1 pid=1155 auid=4294967295 uid=0 gid=0 euid=0 suid=0 fsuid=0 egid=0 sgid=0 fsgid=0 tty=(none) ses=4294967295 comm="irqbalance" exe="/usr/bin/irqbalance" subj=system_u:system_r:kernel_t:s0 key=(null)
Aug 17 19:00:29 fedora audit: PROCTITLE proctitle="(irqbalance)"
Aug 17 19:00:29 fedora audit[1155]: AVC avc:  denied  { getattr } for  pid=1155 comm="irqbalance" path="/proc/irq/33/smp_affinity" dev="proc" ino=4026532214 scontext=system_u:system_r:kernel_t:s0 tcontext=system_u:object_r:sysctl_irq_t:s0 tclass=file permissive=1
Aug 17 19:00:29 fedora audit[1155]: SYSCALL arch=c000003e syscall=5 success=yes exit=0 a0=6 a1=7ffc50aa5b80 a2=7f8cf8594ec0 a3=0 items=0 ppid=1 pid=1155 auid=4294967295 uid=0 gid=0 euid=0 suid=0 fsuid=0 egid=0 sgid=0 fsgid=0 tty=(none) ses=4294967295 comm="irqbalance" exe="/usr/bin/irqbalance" subj=system_u:system_r:kernel_t:s0 key=(null)
Aug 17 19:00:29 fedora audit: PROCTITLE proctitle="(irqbalance)"
Aug 17 19:00:29 fedora audit[1155]: AVC avc:  denied  { write } for  pid=1155 comm="irqbalance" name="smp_affinity" dev="proc" ino=4026532214 scontext=system_u:system_r:kernel_t:s0 tcontext=system_u:object_r:sysctl_irq_t:s0 tclass=file permissive=1
Aug 17 19:00:29 fedora audit[1155]: SYSCALL arch=c000003e syscall=257 success=yes exit=6 a0=ffffffffffffff9c a1=7ffc50aa6330 a2=241 a3=1b6 items=0 ppid=1 pid=1155 auid=4294967295 uid=0 gid=0 euid=0 suid=0 fsuid=0 egid=0 sgid=0 fsgid=0 tty=(none) ses=4294967295 comm="irqbalance" exe="/usr/bin/irqbalance" subj=system_u:system_r:kernel_t:s0 key=(null)
Aug 17 19:00:29 fedora audit: PROCTITLE proctitle="(irqbalance)"
Aug 17 19:00:29 fedora kernel: audit: type=1400 audit(1786993229.001:443): avc:  denied  { read } for  pid=1155 comm="irqbalance" name="smp_affinity" dev="proc" ino=4026532214 scontext=system_u:system_r:kernel_t:s0 tcontext=system_u:object_r:sysctl_irq_t:s0 tclass=file permissive=1
Aug 17 19:00:29 fedora kernel: audit: type=1400 audit(1786993229.001:443): avc:  denied  { open } for  pid=1155 comm="irqbalance" path="/proc/irq/33/smp_affinity" dev="proc" ino=4026532214 scontext=system_u:system_r:kernel_t:s0 tcontext=system_u:object_r:sysctl_irq_t:s0 tclass=file permissive=1
Aug 17 19:00:29 fedora kernel: audit: type=1300 audit(1786993229.001:443): arch=c000003e syscall=257 success=yes exit=6 a0=ffffffffffffff9c a1=7ffc50aa6330 a2=0 a3=0 items=0 ppid=1 pid=1155 auid=4294967295 uid=0 gid=0 euid=0 suid=0 fsuid=0 egid=0 sgid=0 fsgid=0 tty=(none) ses=4294967295 comm="irqbalance" exe="/usr/bin/irqbalance" subj=system_u:system_r:kernel_t:s0 key=(null)
Aug 17 19:00:29 fedora kernel: audit: type=1327 audit(1786993229.001:443): proctitle="(irqbalance)"
Aug 17 19:00:29 fedora kernel: audit: type=1400 audit(1786993229.001:444): avc:  denied  { getattr } for  pid=1155 comm="irqbalance" path="/proc/irq/33/smp_affinity" dev="proc" ino=4026532214 scontext=system_u:system_r:kernel_t:s0 tcontext=system_u:object_r:sysctl_irq_t:s0 tclass=file permissive=1
Aug 17 19:00:29 fedora kernel: audit: type=1300 audit(1786993229.001:444): arch=c000003e syscall=5 success=yes exit=0 a0=6 a1=7ffc50aa5b80 a2=7f8cf8594ec0 a3=0 items=0 ppid=1 pid=1155 auid=4294967295 uid=0 gid=0 euid=0 suid=0 fsuid=0 egid=0 sgid=0 fsgid=0 tty=(none) ses=4294967295 comm="irqbalance" exe="/usr/bin/irqbalance" subj=system_u:system_r:kernel_t:s0 key=(null)
Aug 17 19:00:29 fedora kernel: audit: type=1327 audit(1786993229.001:444): proctitle="(irqbalance)"
Aug 17 19:00:29 fedora kernel: audit: type=1400 audit(1786993229.001:445): avc:  denied  { write } for  pid=1155 comm="irqbalance" name="smp_affinity" dev="proc" ino=4026532214 scontext=system_u:system_r:kernel_t:s0 tcontext=system_u:object_r:sysctl_irq_t:s0 tclass=file permissive=1
Aug 17 19:00:29 fedora kernel: audit: type=1300 audit(1786993229.001:445): arch=c000003e syscall=257 success=yes exit=6 a0=ffffffffffffff9c a1=7ffc50aa6330 a2=241 a3=1b6 items=0 ppid=1 pid=1155 auid=4294967295 uid=0 gid=0 euid=0 suid=0 fsuid=0 egid=0 sgid=0 fsgid=0 tty=(none) ses=4294967295 comm="irqbalance" exe="/usr/bin/irqbalance" subj=system_u:system_r:kernel_t:s0 key=(null)
Aug 17 19:00:29 fedora kernel: audit: type=1327 audit(1786993229.001:445): proctitle="(irqbalance)"
Aug 17 19:00:33 fedora audit[1]: AVC avc:  denied  { read } for  pid=1 comm="systemd" name="cgroup" dev="proc" ino=17765 scontext=system_u:system_r:kernel_t:s0 tcontext=unconfined_u:unconfined_r:unconfined_t:s0 tclass=file permissive=1
Aug 17 19:00:33 fedora audit[1]: AVC avc:  denied  { open } for  pid=1 comm="systemd" path="/proc/1447/cgroup" dev="proc" ino=17765 scontext=system_u:system_r:kernel_t:s0 tcontext=unconfined_u:unconfined_r:unconfined_t:s0 tclass=file permissive=1
Aug 17 19:00:33 fedora audit[1]: AVC avc:  denied  { getattr } for  pid=1 comm="systemd" path="/proc/1447/cgroup" dev="proc" ino=17765 scontext=system_u:system_r:kernel_t:s0 tcontext=unconfined_u:unconfined_r:unconfined_t:s0 tclass=file permissive=1
Aug 17 19:00:33 fedora audit[1]: AVC avc:  denied  { ioctl } for  pid=1 comm="systemd" path="/proc/1447/cgroup" dev="proc" ino=17765 ioctlcmd=0x542a scontext=system_u:system_r:kernel_t:s0 tcontext=unconfined_u:unconfined_r:unconfined_t:s0 tclass=file permissive=1
Aug 17 19:00:37 fedora ostree-container[4537]: Starting syncfs for system repo
Aug 17 19:00:37 fedora ostree-container[4537]: Completed syncfs() for system repo in 213 ms
Aug 17 19:00:38 fedora audit[1155]: AVC avc:  denied  { search } for  pid=1155 comm="irqbalance" name="irq" dev="proc" ino=4026531861 scontext=system_u:system_r:kernel_t:s0 tcontext=system_u:object_r:sysctl_irq_t:s0 tclass=dir permissive=1
Aug 17 19:00:38 fedora audit[1155]: AVC avc:  denied  { search } for  pid=1155 comm="irqbalance" name="33" dev="proc" ino=4026532213 scontext=system_u:system_r:kernel_t:s0 tcontext=system_u:object_r:sysctl_irq_t:s0 tclass=dir permissive=1
Aug 17 19:00:38 fedora audit[1155]: SYSCALL arch=c000003e syscall=257 success=yes exit=6 a0=ffffffffffffff9c a1=7ffc50aa6330 a2=0 a3=0 items=1 ppid=1 pid=1155 auid=4294967295 uid=0 gid=0 euid=0 suid=0 fsuid=0 egid=0 sgid=0 fsgid=0 tty=(none) ses=4294967295 comm="irqbalance" exe="/usr/bin/irqbalance" subj=system_u:system_r:kernel_t:s0 key=(null)
Aug 17 19:00:38 fedora audit: CWD cwd="/"
Aug 17 19:00:38 fedora audit: PATH item=0 name="/proc/irq/33/smp_affinity" inode=4026532214 dev=00:39 mode=0100644 ouid=0 ogid=0 rdev=00:00 obj=system_u:object_r:sysctl_irq_t:s0 nametype=NORMAL cap_fp=0 cap_fi=0 cap_fe=0 cap_fver=0 cap_frootid=0
Aug 17 19:00:38 fedora audit: PROCTITLE proctitle="(irqbalance)"
Aug 17 19:00:38 fedora kernel: kauditd_printk_skb: 4 callbacks suppressed
Aug 17 19:00:38 fedora kernel: audit: type=1400 audit(1786993238.993:450): avc:  denied  { search } for  pid=1155 comm="irqbalance" name="irq" dev="proc" ino=4026531861 scontext=system_u:system_r:kernel_t:s0 tcontext=system_u:object_r:sysctl_irq_t:s0 tclass=dir permissive=1
Aug 17 19:00:38 fedora kernel: audit: type=1400 audit(1786993238.993:450): avc:  denied  { search } for  pid=1155 comm="irqbalance" name="33" dev="proc" ino=4026532213 scontext=system_u:system_r:kernel_t:s0 tcontext=system_u:object_r:sysctl_irq_t:s0 tclass=dir permissive=1
Aug 17 19:00:38 fedora kernel: audit: type=1300 audit(1786993238.993:450): arch=c000003e syscall=257 success=yes exit=6 a0=ffffffffffffff9c a1=7ffc50aa6330 a2=0 a3=0 items=1 ppid=1 pid=1155 auid=4294967295 uid=0 gid=0 euid=0 suid=0 fsuid=0 egid=0 sgid=0 fsgid=0 tty=(none) ses=4294967295 comm="irqbalance" exe="/usr/bin/irqbalance" subj=system_u:system_r:kernel_t:s0 key=(null)
Aug 17 19:00:38 fedora kernel: audit: type=1307 audit(1786993238.993:450): cwd="/"
Aug 17 19:00:38 fedora kernel: audit: type=1302 audit(1786993238.993:450): item=0 name="/proc/irq/33/smp_affinity" inode=4026532214 dev=00:39 mode=0100644 ouid=0 ogid=0 rdev=00:00 obj=system_u:object_r:sysctl_irq_t:s0 nametype=NORMAL cap_fp=0 cap_fi=0 cap_fe=0 cap_fver=0 cap_frootid=0
Aug 17 19:00:38 fedora kernel: audit: type=1327 audit(1786993238.993:450): proctitle="(irqbalance)"
Aug 17 19:00:39 fedora audit[1274]: AVC avc:  denied  { read } for  pid=1274 comm="gssproxy" name="net" dev="proc" ino=4026531843 scontext=system_u:system_r:kernel_t:s0 tcontext=system_u:object_r:proc_net_t:s0 tclass=lnk_file permissive=1
Aug 17 19:00:39 fedora audit[1274]: AVC avc:  denied  { search } for  pid=1274 comm="gssproxy" name="rpc" dev="proc" ino=4026532193 scontext=system_u:system_r:kernel_t:s0 tcontext=system_u:object_r:sysctl_rpc_t:s0 tclass=dir permissive=1
Aug 17 19:00:39 fedora audit[1274]: SYSCALL arch=c000003e syscall=257 success=no exit=-2 a0=ffffffffffffff9c a1=5643e4a20d3d a2=2 a3=0 items=0 ppid=1 pid=1274 auid=4294967295 uid=0 gid=0 euid=0 suid=0 fsuid=0 egid=0 sgid=0 fsgid=0 tty=(none) ses=4294967295 comm="gssproxy" exe="/usr/bin/gssproxy" subj=system_u:system_r:kernel_t:s0 key=(null)
Aug 17 19:00:39 fedora audit: PROCTITLE proctitle="(gssproxy)"
Aug 17 19:00:39 fedora kernel: audit: type=1400 audit(1786993239.388:451): avc:  denied  { read } for  pid=1274 comm="gssproxy" name="net" dev="proc" ino=4026531843 scontext=system_u:system_r:kernel_t:s0 tcontext=system_u:object_r:proc_net_t:s0 tclass=lnk_file permissive=1
Aug 17 19:00:39 fedora kernel: audit: type=1400 audit(1786993239.388:451): avc:  denied  { search } for  pid=1274 comm="gssproxy" name="rpc" dev="proc" ino=4026532193 scontext=system_u:system_r:kernel_t:s0 tcontext=system_u:object_r:sysctl_rpc_t:s0 tclass=dir permissive=1
Aug 17 19:00:39 fedora kernel: audit: type=1300 audit(1786993239.388:451): arch=c000003e syscall=257 success=no exit=-2 a0=ffffffffffffff9c a1=5643e4a20d3d a2=2 a3=0 items=0 ppid=1 pid=1274 auid=4294967295 uid=0 gid=0 euid=0 suid=0 fsuid=0 egid=0 sgid=0 fsgid=0 tty=(none) ses=4294967295 comm="gssproxy" exe="/usr/bin/gssproxy" subj=system_u:system_r:kernel_t:s0 key=(null)
Aug 17 19:00:39 fedora kernel: audit: type=1327 audit(1786993239.388:451): proctitle="(gssproxy)"
Aug 17 19:00:42 fedora audit[4537]: AVC avc:  denied  { setfscreate } for  pid=4537 comm="bootc" scontext=system_u:system_r:kernel_t:s0 tcontext=system_u:system_r:kernel_t:s0 tclass=process permissive=1
Aug 17 19:00:42 fedora audit[4537]: SYSCALL arch=c000003e syscall=1 success=yes exit=27 a0=11 a1=564bb1c18990 a2=1b a3=0 items=0 ppid=3103 pid=4537 auid=4294967295 uid=0 gid=0 euid=0 suid=0 fsuid=0 egid=0 sgid=0 fsgid=0 tty=(none) ses=4294967295 comm="bootc" exe="/usr/bin/bootc" subj=system_u:system_r:kernel_t:s0 key=(null)
Aug 17 19:00:42 fedora audit: PROCTITLE proctitle=2F7573722F6C6962657865632F6C69626F73747265652F6578742F6F73747265652D636F6E7461696E657200636F6E7461696E657200696D616765006465706C6F79002D2D737973726F6F743D2F6D6E742F737973696D616765002D2D696D6167653D2F7573722F73686172652F62756E6E792D6F732F7061796C6F61642D6F
Aug 17 19:00:43 fedora ostree-container[4537]: Created deployment; subtasks: checkout=1.5s composefs=2.0s etc=594ms
Aug 17 19:00:43 fedora ostree-container[4537]: Relabeling /var (no stamp file 'var/.ostree-selabeled' found)
Aug 17 19:00:43 fedora ostree-container[4537]: Starting syncfs for system repo
Aug 17 19:00:44 fedora ostree-container[4537]: Completed syncfs() for system repo in 315 ms
Aug 17 19:00:44 fedora ostree-container[4537]: Starting freeze/thaw cycle for boot
Aug 17 19:00:44 fedora ostree-container[4537]: Completed freeze/thaw cycle for boot in 77 ms
Aug 17 19:00:44 fedora ostree-container[4537]: Starting freeze/thaw cycle for boot
Aug 17 19:00:44 fedora ostree-container[4537]: Completed freeze/thaw cycle for boot in 68 ms
Aug 17 19:00:44 fedora ostree-container[4537]: Bootloader updated; bootconfig swap: yes; bootversion: boot.1.1, deployment count change: 1
Aug 17 19:00:44 fedora ostree-container[4537]: Starting syncfs for system repo
Aug 17 19:00:44 fedora ostree-container[4537]: Completed syncfs() for system repo in 13 ms
Aug 17 19:00:45 fedora audit[4589]: AVC avc:  denied  { execute_no_trans } for  pid=4589 comm="bootc" path="/usr/bin/bootc" dev="overlay" ino=77929 scontext=system_u:system_r:kernel_t:s0 tcontext=system_u:object_r:unlabeled_t:s0 tclass=file permissive=1
Aug 17 19:00:45 fedora kernel: kauditd_printk_skb: 3 callbacks suppressed
Aug 17 19:00:45 fedora kernel: audit: type=1400 audit(1786993245.482:453): avc:  denied  { execute_no_trans } for  pid=4589 comm="bootc" path="/usr/bin/bootc" dev="overlay" ino=77929 scontext=system_u:system_r:kernel_t:s0 tcontext=system_u:object_r:unlabeled_t:s0 tclass=file permissive=1
Aug 17 19:00:45 fedora audit[4589]: SYSCALL arch=c000003e syscall=59 success=yes exit=0 a0=564bb45c17c0 a1=564bb2aa3980 a2=564bb1bdcd80 a3=0 items=1 ppid=4537 pid=4589 auid=4294967295 uid=0 gid=0 euid=0 suid=0 fsuid=0 egid=0 sgid=0 fsgid=0 tty=(none) ses=4294967295 comm="bootc" exe="/usr/bin/bootc" subj=system_u:system_r:kernel_t:s0 key=(null)
Aug 17 19:00:45 fedora audit: EXECVE argc=5 a0="/usr/bin/bootc" a1="internals" a2="bootc-install-completion" a3="." a4="default"
Aug 17 19:00:45 fedora audit: CWD cwd="/var/mnt/sysimage"
Aug 17 19:00:45 fedora audit: PATH item=0 name="/lib64/ld-linux-x86-64.so.2" inode=113098 dev=00:24 mode=0100755 ouid=0 ogid=0 rdev=00:00 obj=system_u:object_r:unlabeled_t:s0 nametype=NORMAL cap_fp=0 cap_fi=0 cap_fe=0 cap_fver=0 cap_frootid=0
Aug 17 19:00:45 fedora audit: PROCTITLE proctitle=2F7573722F62696E2F626F6F746300696E7465726E616C7300626F6F74632D696E7374616C6C2D636F6D706C6574696F6E002E0064656661756C74
Aug 17 19:00:45 fedora kernel: audit: type=1300 audit(1786993245.482:453): arch=c000003e syscall=59 success=yes exit=0 a0=564bb45c17c0 a1=564bb2aa3980 a2=564bb1bdcd80 a3=0 items=1 ppid=4537 pid=4589 auid=4294967295 uid=0 gid=0 euid=0 suid=0 fsuid=0 egid=0 sgid=0 fsgid=0 tty=(none) ses=4294967295 comm="bootc" exe="/usr/bin/bootc" subj=system_u:system_r:kernel_t:s0 key=(null)
Aug 17 19:00:45 fedora kernel: audit: type=1309 audit(1786993245.482:453): argc=5 a0="/usr/bin/bootc" a1="internals" a2="bootc-install-completion" a3="." a4="default"
Aug 17 19:00:45 fedora kernel: audit: type=1307 audit(1786993245.482:453): cwd="/var/mnt/sysimage"
Aug 17 19:00:45 fedora kernel: audit: type=1302 audit(1786993245.482:453): item=0 name="/lib64/ld-linux-x86-64.so.2" inode=113098 dev=00:24 mode=0100755 ouid=0 ogid=0 rdev=00:00 obj=system_u:object_r:unlabeled_t:s0 nametype=NORMAL cap_fp=0 cap_fi=0 cap_fe=0 cap_fver=0 cap_frootid=0
Aug 17 19:00:45 fedora kernel: audit: type=1327 audit(1786993245.482:453): proctitle=2F7573722F62696E2F626F6F746300696E7465726E616C7300626F6F74632D696E7374616C6C2D636F6D706C6574696F6E002E0064656661756C74
Aug 17 19:00:45 fedora bootc[4589]: Starting bootc installation completion
Aug 17 19:00:45 fedora bootc[4589]: Successfully completed bootc installation
Aug 17 19:00:45 fedora ostree-container[4537]: Starting syncfs for system repo
Aug 17 19:00:45 fedora ostree-container[4537]: Completed syncfs() for system repo in 29 ms
Aug 17 19:00:46 fedora dbus-daemon[3103]: INFO:program:Image contains non-ostree compatible file paths: .wh.bunny-os: 1 bunny-os: 1418 cups: 2 dnf: 1 selinux-policy: 5 setrans: 1 systemd: 3
Aug 17 19:00:46 fedora dbus-daemon[3103]: DEBUG:program:Return code of ostree: 0
Aug 17 19:00:46 fedora dbus-daemon[3103]: INFO:anaconda.modules.payloads.payload.rpm_ostree.installation:ostree config set sysroot.readonly true
Aug 17 19:00:46 fedora dbus-daemon[3103]: INFO:program:Running... ostree config --repo=/mnt/sysimage/ostree/repo set sysroot.readonly true
Aug 17 19:00:46 fedora dbus-daemon[3103]: DEBUG:program:Return code of ostree: 0
Aug 17 19:00:46 fedora dbus-daemon[3103]: INFO:anaconda.modules.payloads.payload.rpm_ostree.installation:ostree admin deploy complete
Aug 17 19:00:46 fedora dbus-daemon[3103]: INFO:anaconda.core.threads:Thread Done: AnaTaskThread-DeployOSTreeTask-1 (140175518725824)
Aug 17 19:00:46 fedora dbus-daemon[3103]: INFO:anaconda.core.threads:Running Thread: AnaTaskThread-SetSystemRootTask-1 (140175518725824)
Aug 17 19:00:46 fedora dbus-daemon[3103]: INFO:anaconda.modules.common.task.task:Set OSTree system root
Aug 17 19:00:46 fedora dbus-daemon[3103]: INFO:program:Running... findmnt -rn /mnt/sysroot
Aug 17 19:00:46 fedora dbus-daemon[3103]: INFO:program:/var/mnt/sysroot /dev/mapper/luks-04468761-7d67-4b8c-8a76-494a5b455f97 ext4 rw,relatime,seclabel
Aug 17 19:00:46 fedora dbus-daemon[3103]: DEBUG:program:Return code of findmnt: 0
Aug 17 19:00:46 fedora dbus-daemon[3103]: INFO:program:Running... mount --make-rprivate /mnt/sysroot
Aug 17 19:00:46 fedora dbus-daemon[3103]: DEBUG:program:Return code of mount: 0
Aug 17 19:00:46 fedora dbus-daemon[3103]: INFO:program:Running... umount --recursive /mnt/sysroot
Aug 17 19:00:46 fedora systemd[1]: var-mnt-sysroot-tmp.mount: Deactivated successfully.
Aug 17 19:00:46 fedora systemd[1]: var-mnt-sysroot-sys-fs-selinux.mount: Deactivated successfully.
Aug 17 19:00:46 fedora systemd[1]: var-mnt-sysroot-sys-firmware-efi-efivars.mount: Deactivated successfully.
Aug 17 19:00:46 fedora systemd[1]: var-mnt-sysroot-sys.mount: Deactivated successfully.
Aug 17 19:00:46 fedora systemd[1]: var-mnt-sysroot-run.mount: Deactivated successfully.
Aug 17 19:00:46 fedora systemd[1]: var-mnt-sysroot-proc.mount: Deactivated successfully.
Aug 17 19:00:46 fedora systemd[1]: var-mnt-sysroot-dev-shm.mount: Deactivated successfully.
Aug 17 19:00:46 fedora dbus-daemon[3103]: DEBUG:program:Return code of umount: 0
Aug 17 19:00:46 fedora dbus-daemon[3103]: INFO:program:Running... mount --rbind /mnt/sysimage/ostree/deploy/default/deploy/ac2dde39c94263e4b5a264dd045ddb0b62e273d230b4987962df0de3757096a3.0 /mnt/sysroot
Aug 17 19:00:46 fedora audit[4595]: AVC avc:  denied  { mounton } for  pid=4595 comm="mount" path="/var/mnt/sysroot" dev="overlay" ino=1450 scontext=system_u:system_r:kernel_t:s0 tcontext=system_u:object_r:mnt_t:s0 tclass=dir permissive=1
Aug 17 19:00:46 fedora audit[4595]: SYSCALL arch=c000003e syscall=429 success=yes exit=0 a0=3 a1=7ffabd638ebb a2=ffffff9c a3=55679fcb9730 items=0 ppid=3103 pid=4595 auid=4294967295 uid=0 gid=0 euid=0 suid=0 fsuid=0 egid=0 sgid=0 fsgid=0 tty=(none) ses=4294967295 comm="mount" exe="/usr/bin/mount" subj=system_u:system_r:kernel_t:s0 key=(null)
Aug 17 19:00:46 fedora audit: PROCTITLE proctitle=6D6F756E74002D2D7262696E64002F6D6E742F737973696D6167652F6F73747265652F6465706C6F792F64656661756C742F6465706C6F792F616332646465333963393432363365346235613236346464303435646462306236326532373364323330623439383739363264663064653337353730393661332E30002F6D6E74
Aug 17 19:00:46 fedora kernel: audit: type=1400 audit(1786993246.507:454): avc:  denied  { mounton } for  pid=4595 comm="mount" path="/var/mnt/sysroot" dev="overlay" ino=1450 scontext=system_u:system_r:kernel_t:s0 tcontext=system_u:object_r:mnt_t:s0 tclass=dir permissive=1
Aug 17 19:00:46 fedora kernel: audit: type=1300 audit(1786993246.507:454): arch=c000003e syscall=429 success=yes exit=0 a0=3 a1=7ffabd638ebb a2=ffffff9c a3=55679fcb9730 items=0 ppid=3103 pid=4595 auid=4294967295 uid=0 gid=0 euid=0 suid=0 fsuid=0 egid=0 sgid=0 fsgid=0 tty=(none) ses=4294967295 comm="mount" exe="/usr/bin/mount" subj=system_u:system_r:kernel_t:s0 key=(null)
Aug 17 19:00:46 fedora kernel: audit: type=1327 audit(1786993246.507:454): proctitle=6D6F756E74002D2D7262696E64002F6D6E742F737973696D6167652F6F73747265652F6465706C6F792F64656661756C742F6465706C6F792F616332646465333963393432363365346235613236346464303435646462306236326532373364323330623439383739363264663064653337353730393661332E30002F6D6E74
Aug 17 19:00:46 fedora dbus-daemon[3103]: DEBUG:program:Return code of mount: 0
Aug 17 19:00:46 fedora dbus-daemon[3103]: INFO:anaconda.core.threads:Thread Done: AnaTaskThread-SetSystemRootTask-1 (140175518725824)
Aug 17 19:00:46 fedora dbus-daemon[3103]: INFO:anaconda.core.threads:Running Thread: AnaTaskThread-CopyBootloaderDataTask-1 (140175518725824)
Aug 17 19:00:46 fedora dbus-daemon[3103]: INFO:anaconda.modules.common.task.task:Copy OSTree bootloader data
Aug 17 19:00:46 fedora dbus-daemon[3103]: INFO:anaconda.modules.payloads.payload.rpm_ostree.installation:Copying bootloader data: efi
Aug 17 19:00:46 fedora dbus-daemon[3103]: INFO:program:Running... cp -r -p /mnt/sysroot/usr/lib/ostree-boot/efi /mnt/sysimage/boot
Aug 17 19:00:46 fedora dbus-daemon[3103]: DEBUG:program:Return code of cp: 0
Aug 17 19:00:46 fedora dbus-daemon[3103]: INFO:anaconda.core.threads:Thread Done: AnaTaskThread-CopyBootloaderDataTask-1 (140175518725824)
Aug 17 19:00:46 fedora dbus-daemon[3103]: INFO:anaconda.core.threads:Running Thread: AnaTaskThread-PrepareOSTreeMountTargetsTask-1 (140175518725824)
Aug 17 19:00:46 fedora dbus-daemon[3103]: INFO:anaconda.modules.common.task.task:Prepare OSTree mount targets
Aug 17 19:00:46 fedora dbus-daemon[3103]: INFO:program:Running... mount --bind /mnt/sysroot/usr /mnt/sysroot/usr
Aug 17 19:00:46 fedora dbus-daemon[3103]: DEBUG:program:Return code of mount: 0
Aug 17 19:00:46 fedora dbus-daemon[3103]: INFO:program:Running... mount --bind -o remount,ro /mnt/sysroot/usr /mnt/sysroot/usr
Aug 17 19:00:46 fedora audit[4599]: AVC avc:  denied  { mounton } for  pid=4599 comm="mount" path="/var/mnt/sysroot/usr" dev="dm-0" ino=1192851 scontext=system_u:system_r:kernel_t:s0 tcontext=system_u:object_r:usr_t:s0 tclass=dir permissive=1
Aug 17 19:00:46 fedora audit[4599]: SYSCALL arch=c000003e syscall=429 success=yes exit=0 a0=3 a1=7f8836b70ebb a2=ffffff9c a3=557cb0235550 items=0 ppid=3103 pid=4599 auid=4294967295 uid=0 gid=0 euid=0 suid=0 fsuid=0 egid=0 sgid=0 fsgid=0 tty=(none) ses=4294967295 comm="mount" exe="/usr/bin/mount" subj=system_u:system_r:kernel_t:s0 key=(null)
Aug 17 19:00:46 fedora audit: PROCTITLE proctitle=6D6F756E74002D2D62696E64002F6D6E742F737973726F6F742F757372002F6D6E742F737973726F6F742F757372
Aug 17 19:00:46 fedora kernel: audit: type=1400 audit(1786993246.694:455): avc:  denied  { mounton } for  pid=4599 comm="mount" path="/var/mnt/sysroot/usr" dev="dm-0" ino=1192851 scontext=system_u:system_r:kernel_t:s0 tcontext=system_u:object_r:usr_t:s0 tclass=dir permissive=1
Aug 17 19:00:46 fedora dbus-daemon[3103]: DEBUG:program:Return code of mount: 0
Aug 17 19:00:46 fedora dbus-daemon[3103]: INFO:program:Running... mount --rbind /mnt/sysimage/dev /var/mnt/sysroot/dev
Aug 17 19:00:46 fedora dbus-daemon[3103]: DEBUG:program:Return code of mount: 0
Aug 17 19:00:46 fedora dbus-daemon[3103]: INFO:program:Running... mount --rbind /mnt/sysimage/proc /var/mnt/sysroot/proc
Aug 17 19:00:46 fedora dbus-daemon[3103]: DEBUG:program:Return code of mount: 0
Aug 17 19:00:46 fedora dbus-daemon[3103]: INFO:program:Running... mount --rbind /mnt/sysimage/run /var/mnt/sysroot/run
Aug 17 19:00:46 fedora audit[4603]: AVC avc:  denied  { mounton } for  pid=4603 comm="mount" path="/var/mnt/sysroot/run" dev="dm-0" ino=1192842 scontext=system_u:system_r:kernel_t:s0 tcontext=system_u:object_r:var_run_t:s0 tclass=dir permissive=1
Aug 17 19:00:46 fedora audit[4603]: SYSCALL arch=c000003e syscall=429 success=yes exit=0 a0=3 a1=7f5c38f50ebb a2=ffffff9c a3=55a944d8b580 items=0 ppid=3103 pid=4603 auid=4294967295 uid=0 gid=0 euid=0 suid=0 fsuid=0 egid=0 sgid=0 fsgid=0 tty=(none) ses=4294967295 comm="mount" exe="/usr/bin/mount" subj=system_u:system_r:kernel_t:s0 key=(null)
Aug 17 19:00:46 fedora audit: PROCTITLE proctitle=6D6F756E74002D2D7262696E64002F6D6E742F737973696D6167652F72756E002F7661722F6D6E742F737973726F6F742F72756E
Aug 17 19:00:46 fedora dbus-daemon[3103]: DEBUG:program:Return code of mount: 0
Aug 17 19:00:46 fedora dbus-daemon[3103]: INFO:program:Running... mount --rbind /mnt/sysimage/sys /var/mnt/sysroot/sys
Aug 17 19:00:46 fedora audit[4604]: AVC avc:  denied  { mounton } for  pid=4604 comm="mount" path="/var/mnt/sysroot/sys" dev="dm-0" ino=1192844 scontext=system_u:system_r:kernel_t:s0 tcontext=system_u:object_r:sysfs_t:s0 tclass=dir permissive=1
Aug 17 19:00:46 fedora audit[4604]: SYSCALL arch=c000003e syscall=429 success=yes exit=0 a0=3 a1=7f98546d1ebb a2=ffffff9c a3=5584e2d39580 items=0 ppid=3103 pid=4604 auid=4294967295 uid=0 gid=0 euid=0 suid=0 fsuid=0 egid=0 sgid=0 fsgid=0 tty=(none) ses=4294967295 comm="mount" exe="/usr/bin/mount" subj=system_u:system_r:kernel_t:s0 key=(null)
Aug 17 19:00:46 fedora audit: PROCTITLE proctitle=6D6F756E74002D2D7262696E64002F6D6E742F737973696D6167652F737973002F7661722F6D6E742F737973726F6F742F737973
Aug 17 19:00:46 fedora dbus-daemon[3103]: DEBUG:program:Return code of mount: 0
Aug 17 19:00:46 fedora dbus-daemon[3103]: INFO:program:Running... mount --bind /mnt/sysimage/ostree/deploy/default/var /var/mnt/sysroot/var
Aug 17 19:00:46 fedora audit[4605]: AVC avc:  denied  { mounton } for  pid=4605 comm="mount" path="/var/mnt/sysroot/var" dev="dm-0" ino=1207294 scontext=system_u:system_r:kernel_t:s0 tcontext=system_u:object_r:var_t:s0 tclass=dir permissive=1
Aug 17 19:00:46 fedora audit[4605]: SYSCALL arch=c000003e syscall=429 success=yes exit=0 a0=3 a1=7fca6f387ebb a2=ffffff9c a3=560652bd9590 items=0 ppid=3103 pid=4605 auid=4294967295 uid=0 gid=0 euid=0 suid=0 fsuid=0 egid=0 sgid=0 fsgid=0 tty=(none) ses=4294967295 comm="mount" exe="/usr/bin/mount" subj=system_u:system_r:kernel_t:s0 key=(null)
Aug 17 19:00:46 fedora audit: PROCTITLE proctitle=6D6F756E74002D2D62696E64002F6D6E742F737973696D6167652F6F73747265652F6465706C6F792F64656661756C742F766172002F7661722F6D6E742F737973726F6F742F766172
Aug 17 19:00:46 fedora dbus-daemon[3103]: DEBUG:program:Return code of mount: 0
Aug 17 19:00:46 fedora dbus-daemon[3103]: INFO:program:Running... systemd-tmpfiles --create --boot --root=/mnt/sysroot --prefix=/var/home
Aug 17 19:00:46 fedora dbus-daemon[3103]: DEBUG:program:Return code of systemd-tmpfiles: 0
Aug 17 19:00:46 fedora dbus-daemon[3103]: INFO:program:Running... systemd-tmpfiles --create --boot --root=/mnt/sysroot --prefix=/var/roothome
Aug 17 19:00:46 fedora dbus-daemon[3103]: DEBUG:program:Return code of systemd-tmpfiles: 0
Aug 17 19:00:46 fedora dbus-daemon[3103]: INFO:program:Running... systemd-tmpfiles --create --boot --root=/mnt/sysroot --prefix=/var/opt
Aug 17 19:00:46 fedora dbus-daemon[3103]: DEBUG:program:Return code of systemd-tmpfiles: 0
Aug 17 19:00:46 fedora dbus-daemon[3103]: INFO:program:Running... systemd-tmpfiles --create --boot --root=/mnt/sysroot --prefix=/var/srv
Aug 17 19:00:46 fedora dbus-daemon[3103]: DEBUG:program:Return code of systemd-tmpfiles: 0
Aug 17 19:00:46 fedora dbus-daemon[3103]: INFO:program:Running... systemd-tmpfiles --create --boot --root=/mnt/sysroot --prefix=/var/usrlocal
Aug 17 19:00:46 fedora dbus-daemon[3103]: DEBUG:program:Return code of systemd-tmpfiles: 0
Aug 17 19:00:46 fedora dbus-daemon[3103]: INFO:program:Running... systemd-tmpfiles --create --boot --root=/mnt/sysroot --prefix=/var/mnt
Aug 17 19:00:46 fedora dbus-daemon[3103]: DEBUG:program:Return code of systemd-tmpfiles: 0
Aug 17 19:00:46 fedora dbus-daemon[3103]: INFO:program:Running... systemd-tmpfiles --create --boot --root=/mnt/sysroot --prefix=/var/media
Aug 17 19:00:46 fedora dbus-daemon[3103]: DEBUG:program:Return code of systemd-tmpfiles: 0
Aug 17 19:00:46 fedora dbus-daemon[3103]: INFO:program:Running... systemd-tmpfiles --create --boot --root=/mnt/sysroot --prefix=/var/spool
Aug 17 19:00:46 fedora dbus-daemon[3103]: DEBUG:program:Return code of systemd-tmpfiles: 0
Aug 17 19:00:46 fedora dbus-daemon[3103]: INFO:program:Running... systemd-tmpfiles --create --boot --root=/mnt/sysroot --prefix=/var/spool/mail
Aug 17 19:00:46 fedora dbus-daemon[3103]: DEBUG:program:Return code of systemd-tmpfiles: 0
Aug 17 19:00:46 fedora dbus-daemon[3103]: INFO:program:Running... mount --bind /mnt/sysimage/boot /var/mnt/sysroot/boot
Aug 17 19:00:46 fedora audit[4618]: AVC avc:  denied  { mounton } for  pid=4618 comm="mount" path="/var/mnt/sysroot/boot" dev="dm-0" ino=1192825 scontext=system_u:system_r:kernel_t:s0 tcontext=system_u:object_r:boot_t:s0 tclass=dir permissive=1
Aug 17 19:00:46 fedora audit[4618]: SYSCALL arch=c000003e syscall=429 success=yes exit=0 a0=3 a1=7f752146cebb a2=ffffff9c a3=565256451580 items=0 ppid=3103 pid=4618 auid=4294967295 uid=0 gid=0 euid=0 suid=0 fsuid=0 egid=0 sgid=0 fsgid=0 tty=(none) ses=4294967295 comm="mount" exe="/usr/bin/mount" subj=system_u:system_r:kernel_t:s0 key=(null)
Aug 17 19:00:46 fedora audit: PROCTITLE proctitle=6D6F756E74002D2D62696E64002F6D6E742F737973696D6167652F626F6F74002F7661722F6D6E742F737973726F6F742F626F6F74
Aug 17 19:00:46 fedora dbus-daemon[3103]: DEBUG:program:Return code of mount: 0
Aug 17 19:00:46 fedora dbus-daemon[3103]: INFO:program:Running... mount --bind /mnt/sysimage/boot/efi /var/mnt/sysroot/boot/efi
Aug 17 19:00:46 fedora dbus-daemon[3103]: DEBUG:program:Return code of mount: 0
Aug 17 19:00:46 fedora dbus-daemon[3103]: INFO:program:Running... mount --bind /mnt/sysimage/boot /var/mnt/sysroot/boot
Aug 17 19:00:46 fedora dbus-daemon[3103]: DEBUG:program:Return code of mount: 0
Aug 17 19:00:46 fedora dbus-daemon[3103]: INFO:program:Running... mount --bind /mnt/sysimage/ /var/mnt/sysroot/sysroot
Aug 17 19:00:47 fedora audit[4621]: AVC avc:  denied  { mounton } for  pid=4621 comm="mount" path="/var/mnt/sysroot/sysroot" dev="dm-0" ino=1192846 scontext=system_u:system_r:kernel_t:s0 tcontext=system_u:object_r:default_t:s0 tclass=dir permissive=1
Aug 17 19:00:47 fedora audit[4621]: SYSCALL arch=c000003e syscall=429 success=yes exit=0 a0=3 a1=7f1a84fc3ebb a2=ffffff9c a3=56062f626580 items=0 ppid=3103 pid=4621 auid=4294967295 uid=0 gid=0 euid=0 suid=0 fsuid=0 egid=0 sgid=0 fsgid=0 tty=(none) ses=4294967295 comm="mount" exe="/usr/bin/mount" subj=system_u:system_r:kernel_t:s0 key=(null)
Aug 17 19:00:47 fedora audit: PROCTITLE proctitle=6D6F756E74002D2D62696E64002F6D6E742F737973696D6167652F002F7661722F6D6E742F737973726F6F742F737973726F6F74
Aug 17 19:00:47 fedora dbus-daemon[3103]: DEBUG:program:Return code of mount: 0
Aug 17 19:00:47 fedora dbus-daemon[3103]: INFO:anaconda.core.threads:Thread Done: AnaTaskThread-PrepareOSTreeMountTargetsTask-1 (140175518725824)
Aug 17 19:00:47 fedora dbus-daemon[3103]: DEBUG:anaconda.modules.payloads.payload.rpm_ostree.rpm_ostree:Internal mounts are set to: ['/mnt/sysroot/usr', '/var/mnt/sysroot/dev', '/var/mnt/sysroot/proc', '/var/mnt/sysroot/run', '/var/mnt/sysroot/sys', '/var/mnt/sysroot/var', '/var/mnt/sysroot/boot', '/var/mnt/sysroot/boot/efi', '/var/mnt/sysroot/boot', '/var/mnt/sysroot/sysroot']
Aug 17 19:00:47 fedora dbus-daemon[1453]: INFO:anaconda.modules.boss.installation:Queue started: Late storage configuration (7/17)
Aug 17 19:00:47 fedora dbus-daemon[3118]: INFO:anaconda.core.threads:Running Thread: AnaTaskThread-WriteConfigurationTask-1 (140138752816832)
Aug 17 19:00:47 fedora dbus-daemon[3118]: INFO:anaconda.modules.common.task.task:Write the storage configuration
Aug 17 19:00:47 fedora dbus-daemon[3118]: DEBUG:anaconda.modules.storage.installation:adding x-initrd.attach option for LUKS device containing / volume to /etc/crypttab
Aug 17 19:00:47 fedora dbus-daemon[3118]: INFO:anaconda.modules.storage.devicetree.fsset:not writing out mpath configuration
Aug 17 19:00:47 fedora dbus-daemon[3118]: DEBUG:anaconda.modules.storage.iscsi.iscsi:Write iSCSI configuration.
Aug 17 19:00:47 fedora dbus-daemon[3118]: DEBUG:anaconda.modules.storage.fcoe.fcoe:Write FCoE configuration.
Aug 17 19:00:47 fedora dbus-daemon[3118]: DEBUG:anaconda.modules.storage.nvme.nvme:Write NVMe configuration.
Aug 17 19:00:47 fedora dbus-daemon[3118]: INFO:anaconda.core.threads:Thread Done: AnaTaskThread-WriteConfigurationTask-1 (140138752816832)
Aug 17 19:00:47 fedora dbus-daemon[1453]: INFO:anaconda.modules.boss.installation:Queue started: Bootloader installation (8/17)
Aug 17 19:00:47 fedora dbus-daemon[3118]: DEBUG:dasbus.connection:Publishing an object at /org/fedoraproject/Anaconda/Modules/Storage/Task/8.
Aug 17 19:00:47 fedora dbus-daemon[3118]: DEBUG:dasbus.connection:Publishing an object at /org/fedoraproject/Anaconda/Modules/Storage/Task/9.
Aug 17 19:00:47 fedora dbus-daemon[3118]: DEBUG:dasbus.connection:Publishing an object at /org/fedoraproject/Anaconda/Modules/Storage/Task/10.
Aug 17 19:00:47 fedora dbus-daemon[3118]: DEBUG:dasbus.connection:Publishing an object at /org/fedoraproject/Anaconda/Modules/Storage/Task/11.
Aug 17 19:00:47 fedora dbus-daemon[3118]: DEBUG:dasbus.connection:Publishing an object at /org/fedoraproject/Anaconda/Modules/Storage/Task/12.
Aug 17 19:00:47 fedora dbus-daemon[3118]: INFO:anaconda.core.threads:Running Thread: AnaTaskThread-CreateRescueImagesTask-1 (140138752816832)
Aug 17 19:00:47 fedora dbus-daemon[3118]: INFO:anaconda.modules.common.task.task:Create rescue images
Aug 17 19:00:47 fedora dbus-daemon[3118]: DEBUG:anaconda.modules.storage.bootloader.installation:Only live payloads require this fix.
Aug 17 19:00:47 fedora dbus-daemon[3118]: INFO:anaconda.core.threads:Thread Done: AnaTaskThread-CreateRescueImagesTask-1 (140138752816832)
Aug 17 19:00:47 fedora dbus-daemon[3118]: INFO:anaconda.core.threads:Running Thread: AnaTaskThread-ConfigureBootloaderTask-1 (140138752816832)
Aug 17 19:00:47 fedora dbus-daemon[3118]: INFO:anaconda.modules.common.task.task:Configure the bootloader
Aug 17 19:00:47 fedora dbus-daemon[3118]: DEBUG:anaconda.modules.storage.bootloader.installation:Don't configure bootloader on rpm-ostree systems.
Aug 17 19:00:47 fedora dbus-daemon[3118]: INFO:anaconda.core.threads:Thread Done: AnaTaskThread-ConfigureBootloaderTask-1 (140138752816832)
Aug 17 19:00:47 fedora dbus-daemon[3118]: INFO:anaconda.core.threads:Running Thread: AnaTaskThread-CollectKernelArgumentsTask-1 (140138752816832)
Aug 17 19:00:47 fedora dbus-daemon[3118]: INFO:anaconda.modules.common.task.task:Collect kernel arguments
Aug 17 19:00:47 fedora dbus-daemon[3118]: DEBUG:anaconda.modules.storage.bootloader.installation:Collecting the kernel arguments.
Aug 17 19:00:47 fedora dbus-daemon[3118]: INFO:anaconda.modules.storage.bootloader.installation:boot loader stage1 target device is vda1
Aug 17 19:00:47 fedora dbus-daemon[3118]: INFO:anaconda.modules.storage.bootloader.installation:boot loader stage2 target device is vda2
Aug 17 19:00:47 fedora dbus-daemon[3118]: INFO:anaconda.core.threads:Thread Done: AnaTaskThread-CollectKernelArgumentsTask-1 (140138752816832)
Aug 17 19:00:47 fedora dbus-daemon[3118]: INFO:anaconda.core.threads:Running Thread: AnaTaskThread-InstallBootloaderTask-1 (140138752816832)
Aug 17 19:00:47 fedora dbus-daemon[3118]: INFO:anaconda.modules.common.task.task:Install the bootloader
Aug 17 19:00:47 fedora dbus-daemon[3118]: DEBUG:anaconda.modules.storage.bootloader.installation:Will not install regular bootloader for ostree with bootupd
Aug 17 19:00:47 fedora dbus-daemon[3118]: INFO:anaconda.core.threads:Thread Done: AnaTaskThread-InstallBootloaderTask-1 (140138752816832)
Aug 17 19:00:47 fedora dbus-daemon[3118]: INFO:anaconda.core.threads:Running Thread: AnaTaskThread-CreateBLSEntriesTask-1 (140138752816832)
Aug 17 19:00:47 fedora dbus-daemon[3118]: INFO:anaconda.modules.common.task.task:Create the BLS entries
Aug 17 19:00:47 fedora dbus-daemon[3118]: DEBUG:anaconda.modules.storage.bootloader.installation:Only live payloads require this fix.
Aug 17 19:00:47 fedora dbus-daemon[3118]: INFO:anaconda.core.threads:Thread Done: AnaTaskThread-CreateBLSEntriesTask-1 (140138752816832)
Aug 17 19:00:47 fedora dbus-daemon[1453]: INFO:anaconda.modules.boss.installation:Queue started: Post-installation setup tasks (9/17)
Aug 17 19:00:47 fedora dbus-daemon[3103]: INFO:anaconda.core.threads:Running Thread: AnaTaskThread-CopyDriverDisksFilesTask-1 (140175518725824)
Aug 17 19:00:47 fedora dbus-daemon[3103]: INFO:anaconda.modules.common.task.task:Copy driver disks files
Aug 17 19:00:47 fedora dbus-daemon[3103]: INFO:anaconda.modules.payloads.installation:Skipping copying of driver disk files.
Aug 17 19:00:47 fedora dbus-daemon[3103]: INFO:anaconda.core.threads:Thread Done: AnaTaskThread-CopyDriverDisksFilesTask-1 (140175518725824)
Aug 17 19:00:47 fedora dbus-daemon[3103]: INFO:anaconda.core.threads:Running Thread: AnaTaskThread-ChangeOSTreeRemoteTask-2 (140175518725824)
Aug 17 19:00:47 fedora dbus-daemon[3103]: INFO:anaconda.modules.common.task.task:Change OSTree remote
Aug 17 19:00:47 fedora dbus-daemon[3103]: INFO:anaconda.core.threads:Thread Done: AnaTaskThread-ChangeOSTreeRemoteTask-2 (140175518725824)
Aug 17 19:00:47 fedora dbus-daemon[3103]: INFO:anaconda.core.threads:Running Thread: AnaTaskThread-ConfigureBootloader-1 (140175518725824)
Aug 17 19:00:47 fedora dbus-daemon[3103]: INFO:anaconda.modules.common.task.task:Configure OSTree bootloader
Aug 17 19:00:47 fedora dbus-daemon[3118]: DEBUG:blivet:             DeviceTree.get_device_by_device_id: device_id: vda ; incomplete: True ; hidden: True ;
Aug 17 19:00:47 fedora dbus-daemon[3118]: DEBUG:blivet:             DeviceTree.get_device_by_device_id returned existing 80 GiB disk vda (4) with existing gpt disklabel
Aug 17 19:00:47 fedora dbus-daemon[3103]: DEBUG:anaconda.modules.payloads.payload.rpm_ostree.installation:Adding --update-firmware to bootupdctl call
Aug 17 19:00:47 fedora dbus-daemon[3103]: INFO:program:Running in chroot '/mnt/sysroot'... bootupctl backend install --auto --write-uuid --update-firmware --device /dev/vda /
Aug 17 19:00:47 fedora audit[4631]: AVC avc:  denied  { execute_no_trans } for  pid=4631 comm="AnaTaskThread-C" path="/usr/bin/bootupctl" dev="dm-0" ino=1316620 scontext=system_u:system_r:kernel_t:s0 tcontext=system_u:object_r:bootupd_exec_t:s0 tclass=file permissive=1
Aug 17 19:00:47 fedora audit[4631]: SYSCALL arch=c000003e syscall=59 success=yes exit=0 a0=7f7d2d221010 a1=7f7d2c594940 a2=7f7d2d20db30 a3=7f7d27ffd430 items=1 ppid=3103 pid=4631 auid=4294967295 uid=0 gid=0 euid=0 suid=0 fsuid=0 egid=0 sgid=0 fsgid=0 tty=(none) ses=4294967295 comm="bootupctl" exe="/usr/bin/bootupctl" subj=system_u:system_r:kernel_t:s0 key=(null)
Aug 17 19:00:47 fedora audit: EXECVE argc=9 a0="bootupctl" a1="backend" a2="install" a3="--auto" a4="--write-uuid" a5="--update-firmware" a6="--device" a7="/dev/vda" a8="/"
Aug 17 19:00:47 fedora audit: CWD cwd="/"
Aug 17 19:00:47 fedora audit: PATH item=0 name="/lib64/ld-linux-x86-64.so.2" inode=1470182 dev=fc:00 mode=0100755 ouid=0 ogid=0 rdev=00:00 obj=system_u:object_r:ld_so_t:s0 nametype=NORMAL cap_fp=0 cap_fi=0 cap_fe=0 cap_fver=0 cap_frootid=0
Aug 17 19:00:47 fedora audit: PROCTITLE proctitle=626F6F74757063746C006261636B656E6400696E7374616C6C002D2D6175746F002D2D77726974652D75756964002D2D7570646174652D6669726D77617265002D2D646576696365002F6465762F766461002F
Aug 17 19:00:47 fedora audit[4632]: AVC avc:  denied  { write } for  pid=4632 comm="lsblk" path=2F746D702F2331323037363539202864656C6574656429 dev="dm-0" ino=1207659 scontext=system_u:system_r:kernel_generic_helper_t:s0 tcontext=system_u:object_r:tmp_t:s0 tclass=file permissive=1
Aug 17 19:00:47 fedora audit[4632]: SYSCALL arch=c000003e syscall=59 success=yes exit=0 a0=7f7d17eb8dc0 a1=559e6743ba80 a2=7ffd113c5e78 a3=8 items=0 ppid=4631 pid=4632 auid=4294967295 uid=0 gid=0 euid=0 suid=0 fsuid=0 egid=0 sgid=0 fsgid=0 tty=(none) ses=4294967295 comm="lsblk" exe="/usr/bin/lsblk" subj=system_u:system_r:kernel_generic_helper_t:s0 key=(null)
Aug 17 19:00:47 fedora audit: EXECVE argc=5 a0="lsblk" a1="-J" a2="-b" a3="-O" a4="/dev/vda"
Aug 17 19:00:47 fedora audit: PROCTITLE proctitle=6C73626C6B002D4A002D62002D4F002F6465762F766461
Aug 17 19:00:47 fedora audit[4632]: AVC avc:  denied  { getattr } for  pid=4632 comm="lsblk" path="/dev/vda" dev="devtmpfs" ino=135 scontext=system_u:system_r:kernel_generic_helper_t:s0 tcontext=system_u:object_r:fixed_disk_device_t:s0 tclass=blk_file permissive=1
Aug 17 19:00:47 fedora audit[4632]: SYSCALL arch=c000003e syscall=262 success=yes exit=0 a0=ffffff9c a1=7ffc84cc2d9d a2=7ffc84cbfaa0 a3=0 items=0 ppid=4631 pid=4632 auid=4294967295 uid=0 gid=0 euid=0 suid=0 fsuid=0 egid=0 sgid=0 fsgid=0 tty=(none) ses=4294967295 comm="lsblk" exe="/usr/bin/lsblk" subj=system_u:system_r:kernel_generic_helper_t:s0 key=(null)
Aug 17 19:00:47 fedora audit: PROCTITLE proctitle=6C73626C6B002D4A002D62002D4F002F6465762F766461
Aug 17 19:00:47 fedora audit[4632]: AVC avc:  denied  { search } for  pid=4632 comm="lsblk" name="udev" dev="tmpfs" ino=44 scontext=system_u:system_r:kernel_generic_helper_t:s0 tcontext=system_u:object_r:udev_var_run_t:s0 tclass=dir permissive=1
Aug 17 19:00:47 fedora audit[4632]: AVC avc:  denied  { search } for  pid=4632 comm="lsblk" name="data" dev="tmpfs" ino=118 scontext=system_u:system_r:kernel_generic_helper_t:s0 tcontext=system_u:object_r:udev_var_run_t:s0 tclass=dir permissive=1
Aug 17 19:00:47 fedora audit[4632]: AVC avc:  denied  { read } for  pid=4632 comm="lsblk" name="b253:0" dev="tmpfs" ino=3757 scontext=system_u:system_r:kernel_generic_helper_t:s0 tcontext=system_u:object_r:udev_var_run_t:s0 tclass=file permissive=1
Aug 17 19:00:47 fedora audit[4632]: AVC avc:  denied  { open } for  pid=4632 comm="lsblk" path="/run/udev/data/b253:0" dev="tmpfs" ino=3757 scontext=system_u:system_r:kernel_generic_helper_t:s0 tcontext=system_u:object_r:udev_var_run_t:s0 tclass=file permissive=1
Aug 17 19:00:47 fedora audit[4632]: SYSCALL arch=c000003e syscall=257 success=yes exit=4 a0=ffffffffffffff9c a1=56289d3779a0 a2=80000 a3=0 items=1 ppid=4631 pid=4632 auid=4294967295 uid=0 gid=0 euid=0 suid=0 fsuid=0 egid=0 sgid=0 fsgid=0 tty=(none) ses=4294967295 comm="lsblk" exe="/usr/bin/lsblk" subj=system_u:system_r:kernel_generic_helper_t:s0 key=(null)
Aug 17 19:00:47 fedora audit: CWD cwd="/"
Aug 17 19:00:47 fedora audit: PATH item=0 name="/run/udev/data/b253:0" inode=3757 dev=00:1d mode=0100644 ouid=0 ogid=0 rdev=00:00 obj=system_u:object_r:udev_var_run_t:s0 nametype=NORMAL cap_fp=0 cap_fi=0 cap_fe=0 cap_fver=0 cap_frootid=0
Aug 17 19:00:47 fedora audit: PROCTITLE proctitle=6C73626C6B002D4A002D62002D4F002F6465762F766461
Aug 17 19:00:47 fedora audit[4632]: AVC avc:  denied  { getattr } for  pid=4632 comm="lsblk" path="/run/udev/data/b253:0" dev="tmpfs" ino=3757 scontext=system_u:system_r:kernel_generic_helper_t:s0 tcontext=system_u:object_r:udev_var_run_t:s0 tclass=file permissive=1
Aug 17 19:00:47 fedora audit[4632]: SYSCALL arch=c000003e syscall=5 success=yes exit=0 a0=4 a1=7ffc84cc0700 a2=1 a3=0 items=0 ppid=4631 pid=4632 auid=4294967295 uid=0 gid=0 euid=0 suid=0 fsuid=0 egid=0 sgid=0 fsgid=0 tty=(none) ses=4294967295 comm="lsblk" exe="/usr/bin/lsblk" subj=system_u:system_r:kernel_generic_helper_t:s0 key=(null)
Aug 17 19:00:47 fedora audit: PROCTITLE proctitle=6C73626C6B002D4A002D62002D4F002F6465762F766461
Aug 17 19:00:47 fedora audit[4632]: AVC avc:  denied  { search } for  pid=4632 comm="lsblk" name="mount" dev="tmpfs" ino=108 scontext=system_u:system_r:kernel_generic_helper_t:s0 tcontext=system_u:object_r:mount_var_run_t:s0 tclass=dir permissive=1
Aug 17 19:00:47 fedora audit[4632]: SYSCALL arch=c000003e syscall=262 success=no exit=-2 a0=ffffff9c a1=7fb1befbfd5f a2=7ffc84cbf750 a3=0 items=0 ppid=4631 pid=4632 auid=4294967295 uid=0 gid=0 euid=0 suid=0 fsuid=0 egid=0 sgid=0 fsgid=0 tty=(none) ses=4294967295 comm="lsblk" exe="/usr/bin/lsblk" subj=system_u:system_r:kernel_generic_helper_t:s0 key=(null)
Aug 17 19:00:47 fedora audit: PROCTITLE proctitle=6C73626C6B002D4A002D62002D4F002F6465762F766461
Aug 17 19:00:47 fedora audit[4632]: AVC avc:  denied  { read } for  pid=4632 comm="lsblk" name="swaps" dev="proc" ino=4026532070 scontext=system_u:system_r:kernel_generic_helper_t:s0 tcontext=system_u:object_r:proc_t:s0 tclass=file permissive=1
Aug 17 19:00:47 fedora audit[4632]: AVC avc:  denied  { open } for  pid=4632 comm="lsblk" path="/proc/swaps" dev="proc" ino=4026532070 scontext=system_u:system_r:kernel_generic_helper_t:s0 tcontext=system_u:object_r:proc_t:s0 tclass=file permissive=1
Aug 17 19:00:47 fedora audit[4632]: SYSCALL arch=c000003e syscall=257 success=yes exit=4 a0=ffffffffffffff9c a1=7fb1befbf8d1 a2=80000 a3=0 items=0 ppid=4631 pid=4632 auid=4294967295 uid=0 gid=0 euid=0 suid=0 fsuid=0 egid=0 sgid=0 fsgid=0 tty=(none) ses=4294967295 comm="lsblk" exe="/usr/bin/lsblk" subj=system_u:system_r:kernel_generic_helper_t:s0 key=(null)
Aug 17 19:00:47 fedora audit: PROCTITLE proctitle=6C73626C6B002D4A002D62002D4F002F6465762F766461
Aug 17 19:00:47 fedora audit[4632]: AVC avc:  denied  { getattr } for  pid=4632 comm="lsblk" path="/proc/swaps" dev="proc" ino=4026532070 scontext=system_u:system_r:kernel_generic_helper_t:s0 tcontext=system_u:object_r:proc_t:s0 tclass=file permissive=1
Aug 17 19:00:47 fedora audit[4632]: SYSCALL arch=c000003e syscall=5 success=yes exit=0 a0=4 a1=7ffc84cbf590 a2=7fb1beecbec0 a3=7fb1beecdac0 items=0 ppid=4631 pid=4632 auid=4294967295 uid=0 gid=0 euid=0 suid=0 fsuid=0 egid=0 sgid=0 fsgid=0 tty=(none) ses=4294967295 comm="lsblk" exe="/usr/bin/lsblk" subj=system_u:system_r:kernel_generic_helper_t:s0 key=(null)
Aug 17 19:00:47 fedora audit: PROCTITLE proctitle=6C73626C6B002D4A002D62002D4F002F6465762F766461
Aug 17 19:00:47 fedora audit[4632]: AVC avc:  denied  { read } for  pid=4632 comm="lsblk" name="group" dev="dm-0" ino=1207361 scontext=system_u:system_r:kernel_generic_helper_t:s0 tcontext=system_u:object_r:passwd_file_t:s0 tclass=file permissive=1
Aug 17 19:00:47 fedora audit[4632]: AVC avc:  denied  { open } for  pid=4632 comm="lsblk" path="/etc/group" dev="dm-0" ino=1207361 scontext=system_u:system_r:kernel_generic_helper_t:s0 tcontext=system_u:object_r:passwd_file_t:s0 tclass=file permissive=1
Aug 17 19:00:47 fedora audit[4632]: SYSCALL arch=c000003e syscall=257 success=yes exit=4 a0=ffffff9c a1=7fb1bee95e4f a2=80000 a3=0 items=0 ppid=4631 pid=4632 auid=4294967295 uid=0 gid=0 euid=0 suid=0 fsuid=0 egid=0 sgid=0 fsgid=0 tty=(none) ses=4294967295 comm="lsblk" exe="/usr/bin/lsblk" subj=system_u:system_r:kernel_generic_helper_t:s0 key=(null)
Aug 17 19:00:47 fedora audit: PROCTITLE proctitle=6C73626C6B002D4A002D62002D4F002F6465762F766461
Aug 17 19:00:47 fedora audit[4632]: AVC avc:  denied  { getattr } for  pid=4632 comm="lsblk" path="/etc/group" dev="dm-0" ino=1207361 scontext=system_u:system_r:kernel_generic_helper_t:s0 tcontext=system_u:object_r:passwd_file_t:s0 tclass=file permissive=1
Aug 17 19:00:47 fedora audit[4632]: SYSCALL arch=c000003e syscall=5 success=yes exit=0 a0=4 a1=7ffc84cc0520 a2=7fb1beecbec0 a3=0 items=0 ppid=4631 pid=4632 auid=4294967295 uid=0 gid=0 euid=0 suid=0 fsuid=0 egid=0 sgid=0 fsgid=0 tty=(none) ses=4294967295 comm="lsblk" exe="/usr/bin/lsblk" subj=system_u:system_r:kernel_generic_helper_t:s0 key=(null)
Aug 17 19:00:47 fedora audit: PROCTITLE proctitle=6C73626C6B002D4A002D62002D4F002F6465762F766461
Aug 17 19:00:47 fedora audit[4632]: AVC avc:  denied  { search } for  pid=4632 comm="lsblk" name="systemd" dev="tmpfs" ino=2 scontext=system_u:system_r:kernel_generic_helper_t:s0 tcontext=system_u:object_r:init_var_run_t:s0 tclass=dir permissive=1
Aug 17 19:00:47 fedora audit[4632]: AVC avc:  denied  { read } for  pid=4632 comm="lsblk" name="userdb" dev="tmpfs" ino=32 scontext=system_u:system_r:kernel_generic_helper_t:s0 tcontext=system_u:object_r:systemd_userdbd_runtime_t:s0 tclass=dir permissive=1
Aug 17 19:00:47 fedora audit[4632]: AVC avc:  denied  { open } for  pid=4632 comm="lsblk" path="/run/systemd/userdb" dev="tmpfs" ino=32 scontext=system_u:system_r:kernel_generic_helper_t:s0 tcontext=system_u:object_r:systemd_userdbd_runtime_t:s0 tclass=dir permissive=1
Aug 17 19:00:47 fedora audit[4632]: SYSCALL arch=c000003e syscall=257 success=yes exit=4 a0=ffffff9c a1=7fb1beb8d975 a2=90800 a3=0 items=1 ppid=4631 pid=4632 auid=4294967295 uid=0 gid=0 euid=0 suid=0 fsuid=0 egid=0 sgid=0 fsgid=0 tty=(none) ses=4294967295 comm="lsblk" exe="/usr/bin/lsblk" subj=system_u:system_r:kernel_generic_helper_t:s0 key=(null)
Aug 17 19:00:47 fedora audit: CWD cwd="/"
Aug 17 19:00:47 fedora audit: PATH item=0 name="/run/systemd/userdb/" inode=32 dev=00:1d mode=040755 ouid=0 ogid=0 rdev=00:00 obj=system_u:object_r:systemd_userdbd_runtime_t:s0 nametype=NORMAL cap_fp=0 cap_fi=0 cap_fe=0 cap_fver=0 cap_frootid=0
Aug 17 19:00:47 fedora audit: PROCTITLE proctitle=6C73626C6B002D4A002D62002D4F002F6465762F766461
Aug 17 19:00:47 fedora audit[4632]: AVC avc:  denied  { getattr } for  pid=4632 comm="lsblk" path="/run/systemd/userdb" dev="tmpfs" ino=32 scontext=system_u:system_r:kernel_generic_helper_t:s0 tcontext=system_u:object_r:systemd_userdbd_runtime_t:s0 tclass=dir permissive=1
Aug 17 19:00:47 fedora audit[4632]: SYSCALL arch=c000003e syscall=5 success=yes exit=0 a0=4 a1=7ffc84cc04a0 a2=0 a3=0 items=0 ppid=4631 pid=4632 auid=4294967295 uid=0 gid=0 euid=0 suid=0 fsuid=0 egid=0 sgid=0 fsgid=0 tty=(none) ses=4294967295 comm="lsblk" exe="/usr/bin/lsblk" subj=system_u:system_r:kernel_generic_helper_t:s0 key=(null)
Aug 17 19:00:47 fedora audit: PROCTITLE proctitle=6C73626C6B002D4A002D62002D4F002F6465762F766461
Aug 17 19:00:47 fedora audit[4632]: AVC avc:  denied  { search } for  pid=4632 comm="lsblk" name="systemd" dev="tmpfs" ino=2 scontext=system_u:system_r:kernel_generic_helper_t:s0 tcontext=system_u:object_r:init_var_run_t:s0 tclass=dir permissive=1
Aug 17 19:00:47 fedora audit[4632]: AVC avc:  denied  { search } for  pid=4632 comm="lsblk" name="userdb" dev="tmpfs" ino=32 scontext=system_u:system_r:kernel_generic_helper_t:s0 tcontext=system_u:object_r:systemd_userdbd_runtime_t:s0 tclass=dir permissive=1
Aug 17 19:00:47 fedora audit[4632]: AVC avc:  denied  { write } for  pid=4632 comm="lsblk" name="org.gnome.DisplayManager" dev="tmpfs" ino=2193 scontext=system_u:system_r:kernel_generic_helper_t:s0 tcontext=system_u:object_r:systemd_userdbd_runtime_t:s0 tclass=sock_file permissive=1
Aug 17 19:00:47 fedora audit[4632]: AVC avc:  denied  { connectto } for  pid=4632 comm="lsblk" path="/run/systemd/userdb/org.gnome.DisplayManager" scontext=system_u:system_r:kernel_generic_helper_t:s0 tcontext=system_u:system_r:kernel_t:s0 tclass=unix_stream_socket permissive=1
Aug 17 19:00:47 fedora audit[4632]: SYSCALL arch=c000003e syscall=42 success=yes exit=0 a0=5 a1=7ffc84cc0490 a2=2f a3=0 items=1 ppid=4631 pid=4632 auid=4294967295 uid=0 gid=0 euid=0 suid=0 fsuid=0 egid=0 sgid=0 fsgid=0 tty=(none) ses=4294967295 comm="lsblk" exe="/usr/bin/lsblk" subj=system_u:system_r:kernel_generic_helper_t:s0 key=(null)
Aug 17 19:00:47 fedora audit: CWD cwd="/"
Aug 17 19:00:47 fedora audit: PATH item=0 name="/run/systemd/userdb/org.gnome.DisplayManager" inode=2193 dev=00:1d mode=0140666 ouid=0 ogid=0 rdev=00:00 obj=system_u:object_r:systemd_userdbd_runtime_t:s0 nametype=NORMAL cap_fp=0 cap_fi=0 cap_fe=0 cap_fver=0 cap_frootid=0
Aug 17 19:00:47 fedora audit: PROCTITLE proctitle=6C73626C6B002D4A002D62002D4F002F6465762F766461
Aug 17 19:00:47 fedora audit[4632]: AVC avc:  denied  { search } for  pid=4632 comm="lsblk" name="systemd" dev="tmpfs" ino=2 scontext=system_u:system_r:kernel_generic_helper_t:s0 tcontext=system_u:object_r:init_var_run_t:s0 tclass=dir permissive=1
Aug 17 19:00:47 fedora audit[4632]: AVC avc:  denied  { search } for  pid=4632 comm="lsblk" name="userdb" dev="tmpfs" ino=32 scontext=system_u:system_r:kernel_generic_helper_t:s0 tcontext=system_u:object_r:systemd_userdbd_runtime_t:s0 tclass=dir permissive=1
Aug 17 19:00:47 fedora audit[4632]: SYSCALL arch=c000003e syscall=42 success=yes exit=0 a0=8 a1=7ffc84cc0490 a2=26 a3=0 items=1 ppid=4631 pid=4632 auid=4294967295 uid=0 gid=0 euid=0 suid=0 fsuid=0 egid=0 sgid=0 fsgid=0 tty=(none) ses=4294967295 comm="lsblk" exe="/usr/bin/lsblk" subj=system_u:system_r:kernel_generic_helper_t:s0 key=(null)
Aug 17 19:00:47 fedora audit: CWD cwd="/"
Aug 17 19:00:47 fedora audit: PATH item=0 name="/run/systemd/userdb/io.systemd.Home" inode=1977 dev=00:1d mode=0140666 ouid=0 ogid=0 rdev=00:00 obj=system_u:object_r:systemd_userdbd_runtime_t:s0 nametype=NORMAL cap_fp=0 cap_fi=0 cap_fe=0 cap_fver=0 cap_frootid=0
Aug 17 19:00:47 fedora audit: PROCTITLE proctitle=6C73626C6B002D4A002D62002D4F002F6465762F766461
Aug 17 19:00:47 fedora audit[4632]: AVC avc:  denied  { search } for  pid=4632 comm="lsblk" name="systemd" dev="tmpfs" ino=2 scontext=system_u:system_r:kernel_generic_helper_t:s0 tcontext=system_u:object_r:init_var_run_t:s0 tclass=dir permissive=1
Aug 17 19:00:47 fedora audit[4632]: AVC avc:  denied  { search } for  pid=4632 comm="lsblk" name="userdb" dev="tmpfs" ino=32 scontext=system_u:system_r:kernel_generic_helper_t:s0 tcontext=system_u:object_r:systemd_userdbd_runtime_t:s0 tclass=dir permissive=1
Aug 17 19:00:47 fedora audit[4632]: AVC avc:  denied  { read } for  pid=4632 comm="lsblk" name="io.systemd.DropIn" dev="tmpfs" ino=775 scontext=system_u:system_r:kernel_generic_helper_t:s0 tcontext=system_u:object_r:systemd_userdbd_runtime_t:s0 tclass=lnk_file permissive=1
Aug 17 19:00:47 fedora audit[4632]: AVC avc:  denied  { search } for  pid=4632 comm="lsblk" name="systemd" dev="tmpfs" ino=2 scontext=system_u:system_r:kernel_generic_helper_t:s0 tcontext=system_u:object_r:init_var_run_t:s0 tclass=dir permissive=1
Aug 17 19:00:47 fedora audit[4632]: AVC avc:  denied  { search } for  pid=4632 comm="lsblk" name="userdb" dev="tmpfs" ino=32 scontext=system_u:system_r:kernel_generic_helper_t:s0 tcontext=system_u:object_r:systemd_userdbd_runtime_t:s0 tclass=dir permissive=1
Aug 17 19:00:47 fedora audit[4632]: SYSCALL arch=c000003e syscall=42 success=yes exit=0 a0=9 a1=7ffc84cc0490 a2=28 a3=0 items=1 ppid=4631 pid=4632 auid=4294967295 uid=0 gid=0 euid=0 suid=0 fsuid=0 egid=0 sgid=0 fsgid=0 tty=(none) ses=4294967295 comm="lsblk" exe="/usr/bin/lsblk" subj=system_u:system_r:kernel_generic_helper_t:s0 key=(null)
Aug 17 19:00:47 fedora audit: CWD cwd="/"
Aug 17 19:00:47 fedora audit: PATH item=0 name="/run/systemd/userdb/io.systemd.DropIn" inode=773 dev=00:1d mode=0140666 ouid=0 ogid=0 rdev=00:00 obj=system_u:object_r:systemd_userdbd_runtime_t:s0 nametype=NORMAL cap_fp=0 cap_fi=0 cap_fe=0 cap_fver=0 cap_frootid=0
Aug 17 19:00:47 fedora audit: PROCTITLE proctitle=6C73626C6B002D4A002D62002D4F002F6465762F766461
Aug 17 19:00:47 fedora audit[4632]: AVC avc:  denied  { search } for  pid=4632 comm="lsblk" name="systemd" dev="tmpfs" ino=2 scontext=system_u:system_r:kernel_generic_helper_t:s0 tcontext=system_u:object_r:init_var_run_t:s0 tclass=dir permissive=1
Aug 17 19:00:47 fedora audit[4632]: AVC avc:  denied  { search } for  pid=4632 comm="lsblk" name="userdb" dev="tmpfs" ino=32 scontext=system_u:system_r:kernel_generic_helper_t:s0 tcontext=system_u:object_r:systemd_userdbd_runtime_t:s0 tclass=dir permissive=1
Aug 17 19:00:47 fedora audit[4632]: SYSCALL arch=c000003e syscall=42 success=yes exit=0 a0=a a1=7ffc84cc0490 a2=2d a3=0 items=1 ppid=4631 pid=4632 auid=4294967295 uid=0 gid=0 euid=0 suid=0 fsuid=0 egid=0 sgid=0 fsgid=0 tty=(none) ses=4294967295 comm="lsblk" exe="/usr/bin/lsblk" subj=system_u:system_r:kernel_generic_helper_t:s0 key=(null)
Aug 17 19:00:47 fedora audit: CWD cwd="/"
Aug 17 19:00:47 fedora audit: PATH item=0 name="/run/systemd/userdb/io.systemd.DynamicUser" inode=753 dev=00:1d mode=0140666 ouid=0 ogid=0 rdev=00:00 obj=system_u:object_r:systemd_userdbd_runtime_t:s0 nametype=NORMAL cap_fp=0 cap_fi=0 cap_fe=0 cap_fver=0 cap_frootid=0
Aug 17 19:00:47 fedora audit: PROCTITLE proctitle=6C73626C6B002D4A002D62002D4F002F6465762F766461
Aug 17 19:00:47 fedora audit[4632]: AVC avc:  denied  { search } for  pid=4632 comm="lsblk" name="userdb" dev="tmpfs" ino=32 scontext=system_u:system_r:kernel_generic_helper_t:s0 tcontext=system_u:object_r:systemd_userdbd_runtime_t:s0 tclass=dir permissive=1
Aug 17 19:00:47 fedora audit[4632]: SYSCALL arch=c000003e syscall=42 success=yes exit=0 a0=5 a1=7ffc84cc04a0 a2=2f a3=0 items=1 ppid=4631 pid=4632 auid=4294967295 uid=0 gid=0 euid=0 suid=0 fsuid=0 egid=0 sgid=0 fsgid=0 tty=(none) ses=4294967295 comm="lsblk" exe="/usr/bin/lsblk" subj=system_u:system_r:kernel_generic_helper_t:s0 key=(null)
Aug 17 19:00:47 fedora audit: CWD cwd="/"
Aug 17 19:00:47 fedora audit: PATH item=0 name="/run/systemd/userdb/org.gnome.DisplayManager" inode=2193 dev=00:1d mode=0140666 ouid=0 ogid=0 rdev=00:00 obj=system_u:object_r:systemd_userdbd_runtime_t:s0 nametype=NORMAL cap_fp=0 cap_fi=0 cap_fe=0 cap_fver=0 cap_frootid=0
Aug 17 19:00:47 fedora audit: PROCTITLE proctitle=6C73626C6B002D4A002D62002D4F002F6465762F766461
Aug 17 19:00:47 fedora audit[4632]: AVC avc:  denied  { search } for  pid=4632 comm="lsblk" name="userdb" dev="tmpfs" ino=32 scontext=system_u:system_r:kernel_generic_helper_t:s0 tcontext=system_u:object_r:systemd_userdbd_runtime_t:s0 tclass=dir permissive=1
Aug 17 19:00:47 fedora audit[4632]: SYSCALL arch=c000003e syscall=42 success=yes exit=0 a0=8 a1=7ffc84cc04a0 a2=26 a3=0 items=1 ppid=4631 pid=4632 auid=4294967295 uid=0 gid=0 euid=0 suid=0 fsuid=0 egid=0 sgid=0 fsgid=0 tty=(none) ses=4294967295 comm="lsblk" exe="/usr/bin/lsblk" subj=system_u:system_r:kernel_generic_helper_t:s0 key=(null)
Aug 17 19:00:47 fedora audit: CWD cwd="/"
Aug 17 19:00:47 fedora audit: PATH item=0 name="/run/systemd/userdb/io.systemd.Home" inode=1977 dev=00:1d mode=0140666 ouid=0 ogid=0 rdev=00:00 obj=system_u:object_r:systemd_userdbd_runtime_t:s0 nametype=NORMAL cap_fp=0 cap_fi=0 cap_fe=0 cap_fver=0 cap_frootid=0
Aug 17 19:00:47 fedora audit: PROCTITLE proctitle=6C73626C6B002D4A002D62002D4F002F6465762F766461
Aug 17 19:00:47 fedora audit[4632]: AVC avc:  denied  { search } for  pid=4632 comm="lsblk" name="userdb" dev="tmpfs" ino=32 scontext=system_u:system_r:kernel_generic_helper_t:s0 tcontext=system_u:object_r:systemd_userdbd_runtime_t:s0 tclass=dir permissive=1
Aug 17 19:00:47 fedora audit[4632]: AVC avc:  denied  { search } for  pid=4632 comm="lsblk" name="userdb" dev="tmpfs" ino=32 scontext=system_u:system_r:kernel_generic_helper_t:s0 tcontext=system_u:object_r:systemd_userdbd_runtime_t:s0 tclass=dir permissive=1
Aug 17 19:00:47 fedora audit[4632]: SYSCALL arch=c000003e syscall=42 success=yes exit=0 a0=9 a1=7ffc84cc04a0 a2=28 a3=0 items=1 ppid=4631 pid=4632 auid=4294967295 uid=0 gid=0 euid=0 suid=0 fsuid=0 egid=0 sgid=0 fsgid=0 tty=(none) ses=4294967295 comm="lsblk" exe="/usr/bin/lsblk" subj=system_u:system_r:kernel_generic_helper_t:s0 key=(null)
Aug 17 19:00:47 fedora audit: CWD cwd="/"
Aug 17 19:00:47 fedora audit: PATH item=0 name="/run/systemd/userdb/io.systemd.DropIn" inode=773 dev=00:1d mode=0140666 ouid=0 ogid=0 rdev=00:00 obj=system_u:object_r:systemd_userdbd_runtime_t:s0 nametype=NORMAL cap_fp=0 cap_fi=0 cap_fe=0 cap_fver=0 cap_frootid=0
Aug 17 19:00:47 fedora audit: PROCTITLE proctitle=6C73626C6B002D4A002D62002D4F002F6465762F766461
Aug 17 19:00:47 fedora audit[4632]: AVC avc:  denied  { search } for  pid=4632 comm="lsblk" name="userdb" dev="tmpfs" ino=32 scontext=system_u:system_r:kernel_generic_helper_t:s0 tcontext=system_u:object_r:systemd_userdbd_runtime_t:s0 tclass=dir permissive=1
Aug 17 19:00:47 fedora audit[4632]: SYSCALL arch=c000003e syscall=42 success=yes exit=0 a0=a a1=7ffc84cc04a0 a2=2d a3=0 items=1 ppid=4631 pid=4632 auid=4294967295 uid=0 gid=0 euid=0 suid=0 fsuid=0 egid=0 sgid=0 fsgid=0 tty=(none) ses=4294967295 comm="lsblk" exe="/usr/bin/lsblk" subj=system_u:system_r:kernel_generic_helper_t:s0 key=(null)
Aug 17 19:00:47 fedora audit: CWD cwd="/"
Aug 17 19:00:47 fedora audit: PATH item=0 name="/run/systemd/userdb/io.systemd.DynamicUser" inode=753 dev=00:1d mode=0140666 ouid=0 ogid=0 rdev=00:00 obj=system_u:object_r:systemd_userdbd_runtime_t:s0 nametype=NORMAL cap_fp=0 cap_fi=0 cap_fe=0 cap_fver=0 cap_frootid=0
Aug 17 19:00:47 fedora audit: PROCTITLE proctitle=6C73626C6B002D4A002D62002D4F002F6465762F766461
Aug 17 19:00:47 fedora audit[4632]: AVC avc:  denied  { getattr } for  pid=4632 comm="lsblk" name="/" dev="vda2" ino=2 scontext=system_u:system_r:kernel_generic_helper_t:s0 tcontext=system_u:object_r:fs_t:s0 tclass=filesystem permissive=1
Aug 17 19:00:47 fedora audit[4632]: SYSCALL arch=c000003e syscall=137 success=yes exit=0 a0=56289d388750 a1=7ffc84cc0790 a2=56289d388750 a3=56289d376e10 items=0 ppid=4631 pid=4632 auid=4294967295 uid=0 gid=0 euid=0 suid=0 fsuid=0 egid=0 sgid=0 fsgid=0 tty=(none) ses=4294967295 comm="lsblk" exe="/usr/bin/lsblk" subj=system_u:system_r:kernel_generic_helper_t:s0 key=(null)
Aug 17 19:00:47 fedora audit: PROCTITLE proctitle=6C73626C6B002D4A002D62002D4F002F6465762F766461
Aug 17 19:00:47 fedora audit[4632]: AVC avc:  denied  { search } for  pid=4632 comm="lsblk" name="userdb" dev="tmpfs" ino=32 scontext=system_u:system_r:kernel_generic_helper_t:s0 tcontext=system_u:object_r:systemd_userdbd_runtime_t:s0 tclass=dir permissive=1
Aug 17 19:00:47 fedora audit[4632]: SYSCALL arch=c000003e syscall=42 success=yes exit=0 a0=6 a1=7ffc84cc0410 a2=2f a3=0 items=1 ppid=4631 pid=4632 auid=4294967295 uid=0 gid=0 euid=0 suid=0 fsuid=0 egid=0 sgid=0 fsgid=0 tty=(none) ses=4294967295 comm="lsblk" exe="/usr/bin/lsblk" subj=system_u:system_r:kernel_generic_helper_t:s0 key=(null)
Aug 17 19:00:47 fedora audit: CWD cwd="/"
Aug 17 19:00:47 fedora audit: PATH item=0 name="/run/systemd/userdb/org.gnome.DisplayManager" inode=2193 dev=00:1d mode=0140666 ouid=0 ogid=0 rdev=00:00 obj=system_u:object_r:systemd_userdbd_runtime_t:s0 nametype=NORMAL cap_fp=0 cap_fi=0 cap_fe=0 cap_fver=0 cap_frootid=0
Aug 17 19:00:47 fedora audit: PROCTITLE proctitle=6C73626C6B002D4A002D62002D4F002F6465762F766461
Aug 17 19:00:47 fedora audit[4632]: AVC avc:  denied  { search } for  pid=4632 comm="lsblk" name="userdb" dev="tmpfs" ino=32 scontext=system_u:system_r:kernel_generic_helper_t:s0 tcontext=system_u:object_r:systemd_userdbd_runtime_t:s0 tclass=dir permissive=1
Aug 17 19:00:47 fedora audit[4632]: SYSCALL arch=c000003e syscall=42 success=yes exit=0 a0=9 a1=7ffc84cc0410 a2=26 a3=0 items=1 ppid=4631 pid=4632 auid=4294967295 uid=0 gid=0 euid=0 suid=0 fsuid=0 egid=0 sgid=0 fsgid=0 tty=(none) ses=4294967295 comm="lsblk" exe="/usr/bin/lsblk" subj=system_u:system_r:kernel_generic_helper_t:s0 key=(null)
Aug 17 19:00:47 fedora audit: CWD cwd="/"
Aug 17 19:00:47 fedora audit: PATH item=0 name="/run/systemd/userdb/io.systemd.Home" inode=1977 dev=00:1d mode=0140666 ouid=0 ogid=0 rdev=00:00 obj=system_u:object_r:systemd_userdbd_runtime_t:s0 nametype=NORMAL cap_fp=0 cap_fi=0 cap_fe=0 cap_fver=0 cap_frootid=0
Aug 17 19:00:47 fedora audit: PROCTITLE proctitle=6C73626C6B002D4A002D62002D4F002F6465762F766461
Aug 17 19:00:47 fedora audit[4632]: AVC avc:  denied  { search } for  pid=4632 comm="lsblk" name="userdb" dev="tmpfs" ino=32 scontext=system_u:system_r:kernel_generic_helper_t:s0 tcontext=system_u:object_r:systemd_userdbd_runtime_t:s0 tclass=dir permissive=1
Aug 17 19:00:47 fedora audit[4632]: AVC avc:  denied  { search } for  pid=4632 comm="lsblk" name="userdb" dev="tmpfs" ino=32 scontext=system_u:system_r:kernel_generic_helper_t:s0 tcontext=system_u:object_r:systemd_userdbd_runtime_t:s0 tclass=dir permissive=1
Aug 17 19:00:47 fedora audit[4632]: SYSCALL arch=c000003e syscall=42 success=yes exit=0 a0=a a1=7ffc84cc0410 a2=28 a3=0 items=1 ppid=4631 pid=4632 auid=4294967295 uid=0 gid=0 euid=0 suid=0 fsuid=0 egid=0 sgid=0 fsgid=0 tty=(none) ses=4294967295 comm="lsblk" exe="/usr/bin/lsblk" subj=system_u:system_r:kernel_generic_helper_t:s0 key=(null)
Aug 17 19:00:47 fedora audit: CWD cwd="/"
Aug 17 19:00:47 fedora audit: PATH item=0 name="/run/systemd/userdb/io.systemd.DropIn" inode=773 dev=00:1d mode=0140666 ouid=0 ogid=0 rdev=00:00 obj=system_u:object_r:systemd_userdbd_runtime_t:s0 nametype=NORMAL cap_fp=0 cap_fi=0 cap_fe=0 cap_fver=0 cap_frootid=0
Aug 17 19:00:47 fedora audit: PROCTITLE proctitle=6C73626C6B002D4A002D62002D4F002F6465762F766461
Aug 17 19:00:47 fedora audit[4632]: AVC avc:  denied  { search } for  pid=4632 comm="lsblk" name="userdb" dev="tmpfs" ino=32 scontext=system_u:system_r:kernel_generic_helper_t:s0 tcontext=system_u:object_r:systemd_userdbd_runtime_t:s0 tclass=dir permissive=1
Aug 17 19:00:47 fedora audit[4632]: SYSCALL arch=c000003e syscall=42 success=yes exit=0 a0=b a1=7ffc84cc0410 a2=2d a3=0 items=1 ppid=4631 pid=4632 auid=4294967295 uid=0 gid=0 euid=0 suid=0 fsuid=0 egid=0 sgid=0 fsgid=0 tty=(none) ses=4294967295 comm="lsblk" exe="/usr/bin/lsblk" subj=system_u:system_r:kernel_generic_helper_t:s0 key=(null)
Aug 17 19:00:47 fedora audit: CWD cwd="/"
Aug 17 19:00:47 fedora audit: PATH item=0 name="/run/systemd/userdb/io.systemd.DynamicUser" inode=753 dev=00:1d mode=0140666 ouid=0 ogid=0 rdev=00:00 obj=system_u:object_r:systemd_userdbd_runtime_t:s0 nametype=NORMAL cap_fp=0 cap_fi=0 cap_fe=0 cap_fver=0 cap_frootid=0
Aug 17 19:00:47 fedora audit: PROCTITLE proctitle=6C73626C6B002D4A002D62002D4F002F6465762F766461
Aug 17 19:00:47 fedora audit[4632]: AVC avc:  denied  { search } for  pid=4632 comm="lsblk" name="userdb" dev="tmpfs" ino=32 scontext=system_u:system_r:kernel_generic_helper_t:s0 tcontext=system_u:object_r:systemd_userdbd_runtime_t:s0 tclass=dir permissive=1
Aug 17 19:00:47 fedora audit[4632]: SYSCALL arch=c000003e syscall=42 success=yes exit=0 a0=6 a1=7ffc84cc0420 a2=2f a3=0 items=1 ppid=4631 pid=4632 auid=4294967295 uid=0 gid=0 euid=0 suid=0 fsuid=0 egid=0 sgid=0 fsgid=0 tty=(none) ses=4294967295 comm="lsblk" exe="/usr/bin/lsblk" subj=system_u:system_r:kernel_generic_helper_t:s0 key=(null)
Aug 17 19:00:47 fedora audit: CWD cwd="/"
Aug 17 19:00:47 fedora audit: PATH item=0 name="/run/systemd/userdb/org.gnome.DisplayManager" inode=2193 dev=00:1d mode=0140666 ouid=0 ogid=0 rdev=00:00 obj=system_u:object_r:systemd_userdbd_runtime_t:s0 nametype=NORMAL cap_fp=0 cap_fi=0 cap_fe=0 cap_fver=0 cap_frootid=0
Aug 17 19:00:47 fedora audit: PROCTITLE proctitle=6C73626C6B002D4A002D62002D4F002F6465762F766461
Aug 17 19:00:47 fedora audit[4632]: AVC avc:  denied  { search } for  pid=4632 comm="lsblk" name="userdb" dev="tmpfs" ino=32 scontext=system_u:system_r:kernel_generic_helper_t:s0 tcontext=system_u:object_r:systemd_userdbd_runtime_t:s0 tclass=dir permissive=1
Aug 17 19:00:47 fedora audit[4632]: SYSCALL arch=c000003e syscall=42 success=yes exit=0 a0=9 a1=7ffc84cc0420 a2=26 a3=0 items=1 ppid=4631 pid=4632 auid=4294967295 uid=0 gid=0 euid=0 suid=0 fsuid=0 egid=0 sgid=0 fsgid=0 tty=(none) ses=4294967295 comm="lsblk" exe="/usr/bin/lsblk" subj=system_u:system_r:kernel_generic_helper_t:s0 key=(null)
Aug 17 19:00:47 fedora audit: CWD cwd="/"
Aug 17 19:00:47 fedora audit: PATH item=0 name="/run/systemd/userdb/io.systemd.Home" inode=1977 dev=00:1d mode=0140666 ouid=0 ogid=0 rdev=00:00 obj=system_u:object_r:systemd_userdbd_runtime_t:s0 nametype=NORMAL cap_fp=0 cap_fi=0 cap_fe=0 cap_fver=0 cap_frootid=0
Aug 17 19:00:47 fedora audit: PROCTITLE proctitle=6C73626C6B002D4A002D62002D4F002F6465762F766461
Aug 17 19:00:47 fedora audit[4632]: AVC avc:  denied  { search } for  pid=4632 comm="lsblk" name="userdb" dev="tmpfs" ino=32 scontext=system_u:system_r:kernel_generic_helper_t:s0 tcontext=system_u:object_r:systemd_userdbd_runtime_t:s0 tclass=dir permissive=1
Aug 17 19:00:47 fedora audit[4632]: AVC avc:  denied  { search } for  pid=4632 comm="lsblk" name="userdb" dev="tmpfs" ino=32 scontext=system_u:system_r:kernel_generic_helper_t:s0 tcontext=system_u:object_r:systemd_userdbd_runtime_t:s0 tclass=dir permissive=1
Aug 17 19:00:47 fedora audit[4632]: SYSCALL arch=c000003e syscall=42 success=yes exit=0 a0=a a1=7ffc84cc0420 a2=28 a3=0 items=1 ppid=4631 pid=4632 auid=4294967295 uid=0 gid=0 euid=0 suid=0 fsuid=0 egid=0 sgid=0 fsgid=0 tty=(none) ses=4294967295 comm="lsblk" exe="/usr/bin/lsblk" subj=system_u:system_r:kernel_generic_helper_t:s0 key=(null)
Aug 17 19:00:47 fedora audit: CWD cwd="/"
Aug 17 19:00:47 fedora audit: PATH item=0 name="/run/systemd/userdb/io.systemd.DropIn" inode=773 dev=00:1d mode=0140666 ouid=0 ogid=0 rdev=00:00 obj=system_u:object_r:systemd_userdbd_runtime_t:s0 nametype=NORMAL cap_fp=0 cap_fi=0 cap_fe=0 cap_fver=0 cap_frootid=0
Aug 17 19:00:47 fedora audit: PROCTITLE proctitle=6C73626C6B002D4A002D62002D4F002F6465762F766461
Aug 17 19:00:47 fedora audit[4632]: AVC avc:  denied  { search } for  pid=4632 comm="lsblk" name="userdb" dev="tmpfs" ino=32 scontext=system_u:system_r:kernel_generic_helper_t:s0 tcontext=system_u:object_r:systemd_userdbd_runtime_t:s0 tclass=dir permissive=1
Aug 17 19:00:47 fedora audit[4632]: SYSCALL arch=c000003e syscall=42 success=yes exit=0 a0=b a1=7ffc84cc0420 a2=2d a3=0 items=1 ppid=4631 pid=4632 auid=4294967295 uid=0 gid=0 euid=0 suid=0 fsuid=0 egid=0 sgid=0 fsgid=0 tty=(none) ses=4294967295 comm="lsblk" exe="/usr/bin/lsblk" subj=system_u:system_r:kernel_generic_helper_t:s0 key=(null)
Aug 17 19:00:47 fedora audit: CWD cwd="/"
Aug 17 19:00:47 fedora audit: PATH item=0 name="/run/systemd/userdb/io.systemd.DynamicUser" inode=753 dev=00:1d mode=0140666 ouid=0 ogid=0 rdev=00:00 obj=system_u:object_r:systemd_userdbd_runtime_t:s0 nametype=NORMAL cap_fp=0 cap_fi=0 cap_fe=0 cap_fver=0 cap_frootid=0
Aug 17 19:00:47 fedora audit: PROCTITLE proctitle=6C73626C6B002D4A002D62002D4F002F6465762F766461
Aug 17 19:00:47 fedora audit[4632]: AVC avc:  denied  { search } for  pid=4632 comm="lsblk" name="userdb" dev="tmpfs" ino=32 scontext=system_u:system_r:kernel_generic_helper_t:s0 tcontext=system_u:object_r:systemd_userdbd_runtime_t:s0 tclass=dir permissive=1
Aug 17 19:00:47 fedora audit[4632]: SYSCALL arch=c000003e syscall=42 success=yes exit=0 a0=6 a1=7ffc84cc0410 a2=2f a3=0 items=1 ppid=4631 pid=4632 auid=4294967295 uid=0 gid=0 euid=0 suid=0 fsuid=0 egid=0 sgid=0 fsgid=0 tty=(none) ses=4294967295 comm="lsblk" exe="/usr/bin/lsblk" subj=system_u:system_r:kernel_generic_helper_t:s0 key=(null)
Aug 17 19:00:47 fedora audit: CWD cwd="/"
Aug 17 19:00:47 fedora audit: PATH item=0 name="/run/systemd/userdb/org.gnome.DisplayManager" inode=2193 dev=00:1d mode=0140666 ouid=0 ogid=0 rdev=00:00 obj=system_u:object_r:systemd_userdbd_runtime_t:s0 nametype=NORMAL cap_fp=0 cap_fi=0 cap_fe=0 cap_fver=0 cap_frootid=0
Aug 17 19:00:47 fedora audit: PROCTITLE proctitle=6C73626C6B002D4A002D62002D4F002F6465762F766461
Aug 17 19:00:47 fedora audit[4632]: AVC avc:  denied  { search } for  pid=4632 comm="lsblk" name="userdb" dev="tmpfs" ino=32 scontext=system_u:system_r:kernel_generic_helper_t:s0 tcontext=system_u:object_r:systemd_userdbd_runtime_t:s0 tclass=dir permissive=1
Aug 17 19:00:47 fedora audit[4632]: SYSCALL arch=c000003e syscall=42 success=yes exit=0 a0=9 a1=7ffc84cc0410 a2=26 a3=0 items=1 ppid=4631 pid=4632 auid=4294967295 uid=0 gid=0 euid=0 suid=0 fsuid=0 egid=0 sgid=0 fsgid=0 tty=(none) ses=4294967295 comm="lsblk" exe="/usr/bin/lsblk" subj=system_u:system_r:kernel_generic_helper_t:s0 key=(null)
Aug 17 19:00:47 fedora audit: CWD cwd="/"
Aug 17 19:00:47 fedora audit: PATH item=0 name="/run/systemd/userdb/io.systemd.Home" inode=1977 dev=00:1d mode=0140666 ouid=0 ogid=0 rdev=00:00 obj=system_u:object_r:systemd_userdbd_runtime_t:s0 nametype=NORMAL cap_fp=0 cap_fi=0 cap_fe=0 cap_fver=0 cap_frootid=0
Aug 17 19:00:47 fedora audit: PROCTITLE proctitle=6C73626C6B002D4A002D62002D4F002F6465762F766461
Aug 17 19:00:47 fedora audit[4632]: AVC avc:  denied  { search } for  pid=4632 comm="lsblk" name="userdb" dev="tmpfs" ino=32 scontext=system_u:system_r:kernel_generic_helper_t:s0 tcontext=system_u:object_r:systemd_userdbd_runtime_t:s0 tclass=dir permissive=1
Aug 17 19:00:47 fedora audit[4632]: AVC avc:  denied  { search } for  pid=4632 comm="lsblk" name="userdb" dev="tmpfs" ino=32 scontext=system_u:system_r:kernel_generic_helper_t:s0 tcontext=system_u:object_r:systemd_userdbd_runtime_t:s0 tclass=dir permissive=1
Aug 17 19:00:47 fedora audit[4632]: SYSCALL arch=c000003e syscall=42 success=yes exit=0 a0=a a1=7ffc84cc0410 a2=28 a3=0 items=1 ppid=4631 pid=4632 auid=4294967295 uid=0 gid=0 euid=0 suid=0 fsuid=0 egid=0 sgid=0 fsgid=0 tty=(none) ses=4294967295 comm="lsblk" exe="/usr/bin/lsblk" subj=system_u:system_r:kernel_generic_helper_t:s0 key=(null)
Aug 17 19:00:47 fedora audit: CWD cwd="/"
Aug 17 19:00:47 fedora audit: PATH item=0 name="/run/systemd/userdb/io.systemd.DropIn" inode=773 dev=00:1d mode=0140666 ouid=0 ogid=0 rdev=00:00 obj=system_u:object_r:systemd_userdbd_runtime_t:s0 nametype=NORMAL cap_fp=0 cap_fi=0 cap_fe=0 cap_fver=0 cap_frootid=0
Aug 17 19:00:47 fedora audit: PROCTITLE proctitle=6C73626C6B002D4A002D62002D4F002F6465762F766461
Aug 17 19:00:47 fedora audit[4632]: AVC avc:  denied  { search } for  pid=4632 comm="lsblk" name="userdb" dev="tmpfs" ino=32 scontext=system_u:system_r:kernel_generic_helper_t:s0 tcontext=system_u:object_r:systemd_userdbd_runtime_t:s0 tclass=dir permissive=1
Aug 17 19:00:47 fedora audit[4632]: SYSCALL arch=c000003e syscall=42 success=yes exit=0 a0=b a1=7ffc84cc0410 a2=2d a3=0 items=1 ppid=4631 pid=4632 auid=4294967295 uid=0 gid=0 euid=0 suid=0 fsuid=0 egid=0 sgid=0 fsgid=0 tty=(none) ses=4294967295 comm="lsblk" exe="/usr/bin/lsblk" subj=system_u:system_r:kernel_generic_helper_t:s0 key=(null)
Aug 17 19:00:47 fedora audit: CWD cwd="/"
Aug 17 19:00:47 fedora audit: PATH item=0 name="/run/systemd/userdb/io.systemd.DynamicUser" inode=753 dev=00:1d mode=0140666 ouid=0 ogid=0 rdev=00:00 obj=system_u:object_r:systemd_userdbd_runtime_t:s0 nametype=NORMAL cap_fp=0 cap_fi=0 cap_fe=0 cap_fver=0 cap_frootid=0
Aug 17 19:00:47 fedora audit: PROCTITLE proctitle=6C73626C6B002D4A002D62002D4F002F6465762F766461
Aug 17 19:00:47 fedora audit[4632]: AVC avc:  denied  { search } for  pid=4632 comm="lsblk" name="userdb" dev="tmpfs" ino=32 scontext=system_u:system_r:kernel_generic_helper_t:s0 tcontext=system_u:object_r:systemd_userdbd_runtime_t:s0 tclass=dir permissive=1
Aug 17 19:00:47 fedora audit[4632]: SYSCALL arch=c000003e syscall=42 success=yes exit=0 a0=6 a1=7ffc84cc0420 a2=2f a3=0 items=1 ppid=4631 pid=4632 auid=4294967295 uid=0 gid=0 euid=0 suid=0 fsuid=0 egid=0 sgid=0 fsgid=0 tty=(none) ses=4294967295 comm="lsblk" exe="/usr/bin/lsblk" subj=system_u:system_r:kernel_generic_helper_t:s0 key=(null)
Aug 17 19:00:47 fedora audit: CWD cwd="/"
Aug 17 19:00:47 fedora audit: PATH item=0 name="/run/systemd/userdb/org.gnome.DisplayManager" inode=2193 dev=00:1d mode=0140666 ouid=0 ogid=0 rdev=00:00 obj=system_u:object_r:systemd_userdbd_runtime_t:s0 nametype=NORMAL cap_fp=0 cap_fi=0 cap_fe=0 cap_fver=0 cap_frootid=0
Aug 17 19:00:47 fedora audit: PROCTITLE proctitle=6C73626C6B002D4A002D62002D4F002F6465762F766461
Aug 17 19:00:47 fedora audit[4632]: AVC avc:  denied  { search } for  pid=4632 comm="lsblk" name="userdb" dev="tmpfs" ino=32 scontext=system_u:system_r:kernel_generic_helper_t:s0 tcontext=system_u:object_r:systemd_userdbd_runtime_t:s0 tclass=dir permissive=1
Aug 17 19:00:47 fedora audit[4632]: SYSCALL arch=c000003e syscall=42 success=yes exit=0 a0=9 a1=7ffc84cc0420 a2=26 a3=0 items=1 ppid=4631 pid=4632 auid=4294967295 uid=0 gid=0 euid=0 suid=0 fsuid=0 egid=0 sgid=0 fsgid=0 tty=(none) ses=4294967295 comm="lsblk" exe="/usr/bin/lsblk" subj=system_u:system_r:kernel_generic_helper_t:s0 key=(null)
Aug 17 19:00:47 fedora audit: CWD cwd="/"
Aug 17 19:00:47 fedora audit: PATH item=0 name="/run/systemd/userdb/io.systemd.Home" inode=1977 dev=00:1d mode=0140666 ouid=0 ogid=0 rdev=00:00 obj=system_u:object_r:systemd_userdbd_runtime_t:s0 nametype=NORMAL cap_fp=0 cap_fi=0 cap_fe=0 cap_fver=0 cap_frootid=0
Aug 17 19:00:47 fedora audit: PROCTITLE proctitle=6C73626C6B002D4A002D62002D4F002F6465762F766461
Aug 17 19:00:47 fedora audit[4632]: AVC avc:  denied  { search } for  pid=4632 comm="lsblk" name="userdb" dev="tmpfs" ino=32 scontext=system_u:system_r:kernel_generic_helper_t:s0 tcontext=system_u:object_r:systemd_userdbd_runtime_t:s0 tclass=dir permissive=1
Aug 17 19:00:47 fedora audit[4632]: AVC avc:  denied  { search } for  pid=4632 comm="lsblk" name="userdb" dev="tmpfs" ino=32 scontext=system_u:system_r:kernel_generic_helper_t:s0 tcontext=system_u:object_r:systemd_userdbd_runtime_t:s0 tclass=dir permissive=1
Aug 17 19:00:47 fedora audit[4632]: SYSCALL arch=c000003e syscall=42 success=yes exit=0 a0=a a1=7ffc84cc0420 a2=28 a3=0 items=1 ppid=4631 pid=4632 auid=4294967295 uid=0 gid=0 euid=0 suid=0 fsuid=0 egid=0 sgid=0 fsgid=0 tty=(none) ses=4294967295 comm="lsblk" exe="/usr/bin/lsblk" subj=system_u:system_r:kernel_generic_helper_t:s0 key=(null)
Aug 17 19:00:47 fedora audit: CWD cwd="/"
Aug 17 19:00:47 fedora audit: PATH item=0 name="/run/systemd/userdb/io.systemd.DropIn" inode=773 dev=00:1d mode=0140666 ouid=0 ogid=0 rdev=00:00 obj=system_u:object_r:systemd_userdbd_runtime_t:s0 nametype=NORMAL cap_fp=0 cap_fi=0 cap_fe=0 cap_fver=0 cap_frootid=0
Aug 17 19:00:47 fedora audit: PROCTITLE proctitle=6C73626C6B002D4A002D62002D4F002F6465762F766461
Aug 17 19:00:47 fedora audit[4632]: AVC avc:  denied  { search } for  pid=4632 comm="lsblk" name="userdb" dev="tmpfs" ino=32 scontext=system_u:system_r:kernel_generic_helper_t:s0 tcontext=system_u:object_r:systemd_userdbd_runtime_t:s0 tclass=dir permissive=1
Aug 17 19:00:47 fedora audit[4632]: SYSCALL arch=c000003e syscall=42 success=yes exit=0 a0=b a1=7ffc84cc0420 a2=2d a3=0 items=1 ppid=4631 pid=4632 auid=4294967295 uid=0 gid=0 euid=0 suid=0 fsuid=0 egid=0 sgid=0 fsgid=0 tty=(none) ses=4294967295 comm="lsblk" exe="/usr/bin/lsblk" subj=system_u:system_r:kernel_generic_helper_t:s0 key=(null)
Aug 17 19:00:47 fedora audit: CWD cwd="/"
Aug 17 19:00:47 fedora audit: PATH item=0 name="/run/systemd/userdb/io.systemd.DynamicUser" inode=753 dev=00:1d mode=0140666 ouid=0 ogid=0 rdev=00:00 obj=system_u:object_r:systemd_userdbd_runtime_t:s0 nametype=NORMAL cap_fp=0 cap_fi=0 cap_fe=0 cap_fver=0 cap_frootid=0
Aug 17 19:00:47 fedora audit: PROCTITLE proctitle=6C73626C6B002D4A002D62002D4F002F6465762F766461
Aug 17 19:00:47 fedora audit[4632]: AVC avc:  denied  { search } for  pid=4632 comm="lsblk" name="userdb" dev="tmpfs" ino=32 scontext=system_u:system_r:kernel_generic_helper_t:s0 tcontext=system_u:object_r:systemd_userdbd_runtime_t:s0 tclass=dir permissive=1
Aug 17 19:00:47 fedora audit[4632]: SYSCALL arch=c000003e syscall=42 success=yes exit=0 a0=6 a1=7ffc84cc0390 a2=2f a3=0 items=1 ppid=4631 pid=4632 auid=4294967295 uid=0 gid=0 euid=0 suid=0 fsuid=0 egid=0 sgid=0 fsgid=0 tty=(none) ses=4294967295 comm="lsblk" exe="/usr/bin/lsblk" subj=system_u:system_r:kernel_generic_helper_t:s0 key=(null)
Aug 17 19:00:47 fedora audit: CWD cwd="/"
Aug 17 19:00:47 fedora audit: PATH item=0 name="/run/systemd/userdb/org.gnome.DisplayManager" inode=2193 dev=00:1d mode=0140666 ouid=0 ogid=0 rdev=00:00 obj=system_u:object_r:systemd_userdbd_runtime_t:s0 nametype=NORMAL cap_fp=0 cap_fi=0 cap_fe=0 cap_fver=0 cap_frootid=0
Aug 17 19:00:47 fedora audit: PROCTITLE proctitle=6C73626C6B002D4A002D62002D4F002F6465762F766461
Aug 17 19:00:47 fedora audit[4632]: AVC avc:  denied  { search } for  pid=4632 comm="lsblk" name="userdb" dev="tmpfs" ino=32 scontext=system_u:system_r:kernel_generic_helper_t:s0 tcontext=system_u:object_r:systemd_userdbd_runtime_t:s0 tclass=dir permissive=1
Aug 17 19:00:47 fedora audit[4632]: SYSCALL arch=c000003e syscall=42 success=yes exit=0 a0=9 a1=7ffc84cc0390 a2=26 a3=0 items=1 ppid=4631 pid=4632 auid=4294967295 uid=0 gid=0 euid=0 suid=0 fsuid=0 egid=0 sgid=0 fsgid=0 tty=(none) ses=4294967295 comm="lsblk" exe="/usr/bin/lsblk" subj=system_u:system_r:kernel_generic_helper_t:s0 key=(null)
Aug 17 19:00:47 fedora audit: CWD cwd="/"
Aug 17 19:00:47 fedora audit: PATH item=0 name="/run/systemd/userdb/io.systemd.Home" inode=1977 dev=00:1d mode=0140666 ouid=0 ogid=0 rdev=00:00 obj=system_u:object_r:systemd_userdbd_runtime_t:s0 nametype=NORMAL cap_fp=0 cap_fi=0 cap_fe=0 cap_fver=0 cap_frootid=0
Aug 17 19:00:47 fedora audit: PROCTITLE proctitle=6C73626C6B002D4A002D62002D4F002F6465762F766461
Aug 17 19:00:47 fedora audit[4632]: AVC avc:  denied  { search } for  pid=4632 comm="lsblk" name="userdb" dev="tmpfs" ino=32 scontext=system_u:system_r:kernel_generic_helper_t:s0 tcontext=system_u:object_r:systemd_userdbd_runtime_t:s0 tclass=dir permissive=1
Aug 17 19:00:47 fedora audit[4632]: AVC avc:  denied  { search } for  pid=4632 comm="lsblk" name="userdb" dev="tmpfs" ino=32 scontext=system_u:system_r:kernel_generic_helper_t:s0 tcontext=system_u:object_r:systemd_userdbd_runtime_t:s0 tclass=dir permissive=1
Aug 17 19:00:47 fedora audit[4632]: SYSCALL arch=c000003e syscall=42 success=yes exit=0 a0=a a1=7ffc84cc0390 a2=28 a3=0 items=1 ppid=4631 pid=4632 auid=4294967295 uid=0 gid=0 euid=0 suid=0 fsuid=0 egid=0 sgid=0 fsgid=0 tty=(none) ses=4294967295 comm="lsblk" exe="/usr/bin/lsblk" subj=system_u:system_r:kernel_generic_helper_t:s0 key=(null)
Aug 17 19:00:47 fedora audit: CWD cwd="/"
Aug 17 19:00:47 fedora audit: PATH item=0 name="/run/systemd/userdb/io.systemd.DropIn" inode=773 dev=00:1d mode=0140666 ouid=0 ogid=0 rdev=00:00 obj=system_u:object_r:systemd_userdbd_runtime_t:s0 nametype=NORMAL cap_fp=0 cap_fi=0 cap_fe=0 cap_fver=0 cap_frootid=0
Aug 17 19:00:47 fedora audit: PROCTITLE proctitle=6C73626C6B002D4A002D62002D4F002F6465762F766461
Aug 17 19:00:47 fedora audit[4632]: AVC avc:  denied  { search } for  pid=4632 comm="lsblk" name="userdb" dev="tmpfs" ino=32 scontext=system_u:system_r:kernel_generic_helper_t:s0 tcontext=system_u:object_r:systemd_userdbd_runtime_t:s0 tclass=dir permissive=1
Aug 17 19:00:47 fedora audit[4632]: SYSCALL arch=c000003e syscall=42 success=yes exit=0 a0=b a1=7ffc84cc0390 a2=2d a3=0 items=1 ppid=4631 pid=4632 auid=4294967295 uid=0 gid=0 euid=0 suid=0 fsuid=0 egid=0 sgid=0 fsgid=0 tty=(none) ses=4294967295 comm="lsblk" exe="/usr/bin/lsblk" subj=system_u:system_r:kernel_generic_helper_t:s0 key=(null)
Aug 17 19:00:47 fedora audit: CWD cwd="/"
Aug 17 19:00:47 fedora audit: PATH item=0 name="/run/systemd/userdb/io.systemd.DynamicUser" inode=753 dev=00:1d mode=0140666 ouid=0 ogid=0 rdev=00:00 obj=system_u:object_r:systemd_userdbd_runtime_t:s0 nametype=NORMAL cap_fp=0 cap_fi=0 cap_fe=0 cap_fver=0 cap_frootid=0
Aug 17 19:00:47 fedora audit: PROCTITLE proctitle=6C73626C6B002D4A002D62002D4F002F6465762F766461
Aug 17 19:00:47 fedora audit[4632]: AVC avc:  denied  { search } for  pid=4632 comm="lsblk" name="userdb" dev="tmpfs" ino=32 scontext=system_u:system_r:kernel_generic_helper_t:s0 tcontext=system_u:object_r:systemd_userdbd_runtime_t:s0 tclass=dir permissive=1
Aug 17 19:00:47 fedora audit[4632]: SYSCALL arch=c000003e syscall=42 success=yes exit=0 a0=6 a1=7ffc84cc03a0 a2=2f a3=0 items=1 ppid=4631 pid=4632 auid=4294967295 uid=0 gid=0 euid=0 suid=0 fsuid=0 egid=0 sgid=0 fsgid=0 tty=(none) ses=4294967295 comm="lsblk" exe="/usr/bin/lsblk" subj=system_u:system_r:kernel_generic_helper_t:s0 key=(null)
Aug 17 19:00:47 fedora audit: CWD cwd="/"
Aug 17 19:00:47 fedora audit: PATH item=0 name="/run/systemd/userdb/org.gnome.DisplayManager" inode=2193 dev=00:1d mode=0140666 ouid=0 ogid=0 rdev=00:00 obj=system_u:object_r:systemd_userdbd_runtime_t:s0 nametype=NORMAL cap_fp=0 cap_fi=0 cap_fe=0 cap_fver=0 cap_frootid=0
Aug 17 19:00:47 fedora audit: PROCTITLE proctitle=6C73626C6B002D4A002D62002D4F002F6465762F766461
Aug 17 19:00:47 fedora audit[4632]: AVC avc:  denied  { search } for  pid=4632 comm="lsblk" name="userdb" dev="tmpfs" ino=32 scontext=system_u:system_r:kernel_generic_helper_t:s0 tcontext=system_u:object_r:systemd_userdbd_runtime_t:s0 tclass=dir permissive=1
Aug 17 19:00:47 fedora audit[4632]: SYSCALL arch=c000003e syscall=42 success=yes exit=0 a0=9 a1=7ffc84cc03a0 a2=26 a3=0 items=1 ppid=4631 pid=4632 auid=4294967295 uid=0 gid=0 euid=0 suid=0 fsuid=0 egid=0 sgid=0 fsgid=0 tty=(none) ses=4294967295 comm="lsblk" exe="/usr/bin/lsblk" subj=system_u:system_r:kernel_generic_helper_t:s0 key=(null)
Aug 17 19:00:47 fedora audit: CWD cwd="/"
Aug 17 19:00:47 fedora audit: PATH item=0 name="/run/systemd/userdb/io.systemd.Home" inode=1977 dev=00:1d mode=0140666 ouid=0 ogid=0 rdev=00:00 obj=system_u:object_r:systemd_userdbd_runtime_t:s0 nametype=NORMAL cap_fp=0 cap_fi=0 cap_fe=0 cap_fver=0 cap_frootid=0
Aug 17 19:00:47 fedora audit: PROCTITLE proctitle=6C73626C6B002D4A002D62002D4F002F6465762F766461
Aug 17 19:00:47 fedora audit[4632]: AVC avc:  denied  { search } for  pid=4632 comm="lsblk" name="userdb" dev="tmpfs" ino=32 scontext=system_u:system_r:kernel_generic_helper_t:s0 tcontext=system_u:object_r:systemd_userdbd_runtime_t:s0 tclass=dir permissive=1
Aug 17 19:00:47 fedora audit[4632]: AVC avc:  denied  { search } for  pid=4632 comm="lsblk" name="userdb" dev="tmpfs" ino=32 scontext=system_u:system_r:kernel_generic_helper_t:s0 tcontext=system_u:object_r:systemd_userdbd_runtime_t:s0 tclass=dir permissive=1
Aug 17 19:00:47 fedora audit[4632]: SYSCALL arch=c000003e syscall=42 success=yes exit=0 a0=a a1=7ffc84cc03a0 a2=28 a3=0 items=1 ppid=4631 pid=4632 auid=4294967295 uid=0 gid=0 euid=0 suid=0 fsuid=0 egid=0 sgid=0 fsgid=0 tty=(none) ses=4294967295 comm="lsblk" exe="/usr/bin/lsblk" subj=system_u:system_r:kernel_generic_helper_t:s0 key=(null)
Aug 17 19:00:47 fedora audit: CWD cwd="/"
Aug 17 19:00:47 fedora audit: PATH item=0 name="/run/systemd/userdb/io.systemd.DropIn" inode=773 dev=00:1d mode=0140666 ouid=0 ogid=0 rdev=00:00 obj=system_u:object_r:systemd_userdbd_runtime_t:s0 nametype=NORMAL cap_fp=0 cap_fi=0 cap_fe=0 cap_fver=0 cap_frootid=0
Aug 17 19:00:47 fedora audit: PROCTITLE proctitle=6C73626C6B002D4A002D62002D4F002F6465762F766461
Aug 17 19:00:47 fedora audit[4632]: AVC avc:  denied  { search } for  pid=4632 comm="lsblk" name="userdb" dev="tmpfs" ino=32 scontext=system_u:system_r:kernel_generic_helper_t:s0 tcontext=system_u:object_r:systemd_userdbd_runtime_t:s0 tclass=dir permissive=1
Aug 17 19:00:47 fedora audit[4632]: SYSCALL arch=c000003e syscall=42 success=yes exit=0 a0=b a1=7ffc84cc03a0 a2=2d a3=0 items=1 ppid=4631 pid=4632 auid=4294967295 uid=0 gid=0 euid=0 suid=0 fsuid=0 egid=0 sgid=0 fsgid=0 tty=(none) ses=4294967295 comm="lsblk" exe="/usr/bin/lsblk" subj=system_u:system_r:kernel_generic_helper_t:s0 key=(null)
Aug 17 19:00:47 fedora audit: CWD cwd="/"
Aug 17 19:00:47 fedora audit: PATH item=0 name="/run/systemd/userdb/io.systemd.DynamicUser" inode=753 dev=00:1d mode=0140666 ouid=0 ogid=0 rdev=00:00 obj=system_u:object_r:systemd_userdbd_runtime_t:s0 nametype=NORMAL cap_fp=0 cap_fi=0 cap_fe=0 cap_fver=0 cap_frootid=0
Aug 17 19:00:47 fedora audit: PROCTITLE proctitle=6C73626C6B002D4A002D62002D4F002F6465762F766461
Aug 17 19:00:47 fedora audit[4632]: AVC avc:  denied  { search } for  pid=4632 comm="lsblk" name="userdb" dev="tmpfs" ino=32 scontext=system_u:system_r:kernel_generic_helper_t:s0 tcontext=system_u:object_r:systemd_userdbd_runtime_t:s0 tclass=dir permissive=1
Aug 17 19:00:47 fedora audit[4632]: SYSCALL arch=c000003e syscall=42 success=yes exit=0 a0=6 a1=7ffc84cc0410 a2=2f a3=0 items=1 ppid=4631 pid=4632 auid=4294967295 uid=0 gid=0 euid=0 suid=0 fsuid=0 egid=0 sgid=0 fsgid=0 tty=(none) ses=4294967295 comm="lsblk" exe="/usr/bin/lsblk" subj=system_u:system_r:kernel_generic_helper_t:s0 key=(null)
Aug 17 19:00:47 fedora audit: CWD cwd="/"
Aug 17 19:00:47 fedora audit: PATH item=0 name="/run/systemd/userdb/org.gnome.DisplayManager" inode=2193 dev=00:1d mode=0140666 ouid=0 ogid=0 rdev=00:00 obj=system_u:object_r:systemd_userdbd_runtime_t:s0 nametype=NORMAL cap_fp=0 cap_fi=0 cap_fe=0 cap_fver=0 cap_frootid=0
Aug 17 19:00:47 fedora audit: PROCTITLE proctitle=6C73626C6B002D4A002D62002D4F002F6465762F766461
Aug 17 19:00:47 fedora audit[4632]: AVC avc:  denied  { search } for  pid=4632 comm="lsblk" name="userdb" dev="tmpfs" ino=32 scontext=system_u:system_r:kernel_generic_helper_t:s0 tcontext=system_u:object_r:systemd_userdbd_runtime_t:s0 tclass=dir permissive=1
Aug 17 19:00:47 fedora audit[4632]: SYSCALL arch=c000003e syscall=42 success=yes exit=0 a0=9 a1=7ffc84cc0410 a2=26 a3=0 items=1 ppid=4631 pid=4632 auid=4294967295 uid=0 gid=0 euid=0 suid=0 fsuid=0 egid=0 sgid=0 fsgid=0 tty=(none) ses=4294967295 comm="lsblk" exe="/usr/bin/lsblk" subj=system_u:system_r:kernel_generic_helper_t:s0 key=(null)
Aug 17 19:00:47 fedora audit: CWD cwd="/"
Aug 17 19:00:47 fedora audit: PATH item=0 name="/run/systemd/userdb/io.systemd.Home" inode=1977 dev=00:1d mode=0140666 ouid=0 ogid=0 rdev=00:00 obj=system_u:object_r:systemd_userdbd_runtime_t:s0 nametype=NORMAL cap_fp=0 cap_fi=0 cap_fe=0 cap_fver=0 cap_frootid=0
Aug 17 19:00:47 fedora audit: PROCTITLE proctitle=6C73626C6B002D4A002D62002D4F002F6465762F766461
Aug 17 19:00:47 fedora audit[4632]: AVC avc:  denied  { search } for  pid=4632 comm="lsblk" name="userdb" dev="tmpfs" ino=32 scontext=system_u:system_r:kernel_generic_helper_t:s0 tcontext=system_u:object_r:systemd_userdbd_runtime_t:s0 tclass=dir permissive=1
Aug 17 19:00:47 fedora audit[4632]: AVC avc:  denied  { search } for  pid=4632 comm="lsblk" name="userdb" dev="tmpfs" ino=32 scontext=system_u:system_r:kernel_generic_helper_t:s0 tcontext=system_u:object_r:systemd_userdbd_runtime_t:s0 tclass=dir permissive=1
Aug 17 19:00:47 fedora audit[4632]: SYSCALL arch=c000003e syscall=42 success=yes exit=0 a0=a a1=7ffc84cc0410 a2=28 a3=0 items=1 ppid=4631 pid=4632 auid=4294967295 uid=0 gid=0 euid=0 suid=0 fsuid=0 egid=0 sgid=0 fsgid=0 tty=(none) ses=4294967295 comm="lsblk" exe="/usr/bin/lsblk" subj=system_u:system_r:kernel_generic_helper_t:s0 key=(null)
Aug 17 19:00:47 fedora audit: CWD cwd="/"
Aug 17 19:00:47 fedora audit: PATH item=0 name="/run/systemd/userdb/io.systemd.DropIn" inode=773 dev=00:1d mode=0140666 ouid=0 ogid=0 rdev=00:00 obj=system_u:object_r:systemd_userdbd_runtime_t:s0 nametype=NORMAL cap_fp=0 cap_fi=0 cap_fe=0 cap_fver=0 cap_frootid=0
Aug 17 19:00:47 fedora audit: PROCTITLE proctitle=6C73626C6B002D4A002D62002D4F002F6465762F766461
Aug 17 19:00:47 fedora audit[4632]: AVC avc:  denied  { search } for  pid=4632 comm="lsblk" name="userdb" dev="tmpfs" ino=32 scontext=system_u:system_r:kernel_generic_helper_t:s0 tcontext=system_u:object_r:systemd_userdbd_runtime_t:s0 tclass=dir permissive=1
Aug 17 19:00:47 fedora audit[4632]: SYSCALL arch=c000003e syscall=42 success=yes exit=0 a0=b a1=7ffc84cc0410 a2=2d a3=0 items=1 ppid=4631 pid=4632 auid=4294967295 uid=0 gid=0 euid=0 suid=0 fsuid=0 egid=0 sgid=0 fsgid=0 tty=(none) ses=4294967295 comm="lsblk" exe="/usr/bin/lsblk" subj=system_u:system_r:kernel_generic_helper_t:s0 key=(null)
Aug 17 19:00:47 fedora audit: CWD cwd="/"
Aug 17 19:00:47 fedora audit: PATH item=0 name="/run/systemd/userdb/io.systemd.DynamicUser" inode=753 dev=00:1d mode=0140666 ouid=0 ogid=0 rdev=00:00 obj=system_u:object_r:systemd_userdbd_runtime_t:s0 nametype=NORMAL cap_fp=0 cap_fi=0 cap_fe=0 cap_fver=0 cap_frootid=0
Aug 17 19:00:47 fedora audit: PROCTITLE proctitle=6C73626C6B002D4A002D62002D4F002F6465762F766461
Aug 17 19:00:47 fedora audit[4632]: AVC avc:  denied  { search } for  pid=4632 comm="lsblk" name="userdb" dev="tmpfs" ino=32 scontext=system_u:system_r:kernel_generic_helper_t:s0 tcontext=system_u:object_r:systemd_userdbd_runtime_t:s0 tclass=dir permissive=1
Aug 17 19:00:47 fedora audit[4632]: SYSCALL arch=c000003e syscall=42 success=yes exit=0 a0=6 a1=7ffc84cc0420 a2=2f a3=0 items=1 ppid=4631 pid=4632 auid=4294967295 uid=0 gid=0 euid=0 suid=0 fsuid=0 egid=0 sgid=0 fsgid=0 tty=(none) ses=4294967295 comm="lsblk" exe="/usr/bin/lsblk" subj=system_u:system_r:kernel_generic_helper_t:s0 key=(null)
Aug 17 19:00:47 fedora audit: CWD cwd="/"
Aug 17 19:00:47 fedora audit: PATH item=0 name="/run/systemd/userdb/org.gnome.DisplayManager" inode=2193 dev=00:1d mode=0140666 ouid=0 ogid=0 rdev=00:00 obj=system_u:object_r:systemd_userdbd_runtime_t:s0 nametype=NORMAL cap_fp=0 cap_fi=0 cap_fe=0 cap_fver=0 cap_frootid=0
Aug 17 19:00:47 fedora audit: PROCTITLE proctitle=6C73626C6B002D4A002D62002D4F002F6465762F766461
Aug 17 19:00:47 fedora audit[4632]: AVC avc:  denied  { search } for  pid=4632 comm="lsblk" name="userdb" dev="tmpfs" ino=32 scontext=system_u:system_r:kernel_generic_helper_t:s0 tcontext=system_u:object_r:systemd_userdbd_runtime_t:s0 tclass=dir permissive=1
Aug 17 19:00:47 fedora audit[4632]: SYSCALL arch=c000003e syscall=42 success=yes exit=0 a0=9 a1=7ffc84cc0420 a2=26 a3=0 items=1 ppid=4631 pid=4632 auid=4294967295 uid=0 gid=0 euid=0 suid=0 fsuid=0 egid=0 sgid=0 fsgid=0 tty=(none) ses=4294967295 comm="lsblk" exe="/usr/bin/lsblk" subj=system_u:system_r:kernel_generic_helper_t:s0 key=(null)
Aug 17 19:00:47 fedora audit: CWD cwd="/"
Aug 17 19:00:47 fedora audit: PATH item=0 name="/run/systemd/userdb/io.systemd.Home" inode=1977 dev=00:1d mode=0140666 ouid=0 ogid=0 rdev=00:00 obj=system_u:object_r:systemd_userdbd_runtime_t:s0 nametype=NORMAL cap_fp=0 cap_fi=0 cap_fe=0 cap_fver=0 cap_frootid=0
Aug 17 19:00:47 fedora audit: PROCTITLE proctitle=6C73626C6B002D4A002D62002D4F002F6465762F766461
Aug 17 19:00:47 fedora audit[4632]: AVC avc:  denied  { search } for  pid=4632 comm="lsblk" name="userdb" dev="tmpfs" ino=32 scontext=system_u:system_r:kernel_generic_helper_t:s0 tcontext=system_u:object_r:systemd_userdbd_runtime_t:s0 tclass=dir permissive=1
Aug 17 19:00:47 fedora audit[4632]: AVC avc:  denied  { search } for  pid=4632 comm="lsblk" name="userdb" dev="tmpfs" ino=32 scontext=system_u:system_r:kernel_generic_helper_t:s0 tcontext=system_u:object_r:systemd_userdbd_runtime_t:s0 tclass=dir permissive=1
Aug 17 19:00:47 fedora audit[4632]: SYSCALL arch=c000003e syscall=42 success=yes exit=0 a0=a a1=7ffc84cc0420 a2=28 a3=0 items=1 ppid=4631 pid=4632 auid=4294967295 uid=0 gid=0 euid=0 suid=0 fsuid=0 egid=0 sgid=0 fsgid=0 tty=(none) ses=4294967295 comm="lsblk" exe="/usr/bin/lsblk" subj=system_u:system_r:kernel_generic_helper_t:s0 key=(null)
Aug 17 19:00:47 fedora audit: CWD cwd="/"
Aug 17 19:00:47 fedora audit: PATH item=0 name="/run/systemd/userdb/io.systemd.DropIn" inode=773 dev=00:1d mode=0140666 ouid=0 ogid=0 rdev=00:00 obj=system_u:object_r:systemd_userdbd_runtime_t:s0 nametype=NORMAL cap_fp=0 cap_fi=0 cap_fe=0 cap_fver=0 cap_frootid=0
Aug 17 19:00:47 fedora audit: PROCTITLE proctitle=6C73626C6B002D4A002D62002D4F002F6465762F766461
Aug 17 19:00:47 fedora audit[4632]: AVC avc:  denied  { search } for  pid=4632 comm="lsblk" name="userdb" dev="tmpfs" ino=32 scontext=system_u:system_r:kernel_generic_helper_t:s0 tcontext=system_u:object_r:systemd_userdbd_runtime_t:s0 tclass=dir permissive=1
Aug 17 19:00:47 fedora audit[4632]: SYSCALL arch=c000003e syscall=42 success=yes exit=0 a0=b a1=7ffc84cc0420 a2=2d a3=0 items=1 ppid=4631 pid=4632 auid=4294967295 uid=0 gid=0 euid=0 suid=0 fsuid=0 egid=0 sgid=0 fsgid=0 tty=(none) ses=4294967295 comm="lsblk" exe="/usr/bin/lsblk" subj=system_u:system_r:kernel_generic_helper_t:s0 key=(null)
Aug 17 19:00:47 fedora audit: CWD cwd="/"
Aug 17 19:00:47 fedora audit: PATH item=0 name="/run/systemd/userdb/io.systemd.DynamicUser" inode=753 dev=00:1d mode=0140666 ouid=0 ogid=0 rdev=00:00 obj=system_u:object_r:systemd_userdbd_runtime_t:s0 nametype=NORMAL cap_fp=0 cap_fi=0 cap_fe=0 cap_fver=0 cap_frootid=0
Aug 17 19:00:47 fedora audit: PROCTITLE proctitle=6C73626C6B002D4A002D62002D4F002F6465762F766461
Aug 17 19:00:47 fedora audit[4633]: AVC avc:  denied  { execute_no_trans } for  pid=4633 comm="bootupctl" path="/usr/bin/mount" dev="dm-0" ino=1317017 scontext=system_u:system_r:kernel_t:s0 tcontext=system_u:object_r:mount_exec_t:s0 tclass=file permissive=1
Aug 17 19:00:47 fedora audit[4633]: SYSCALL arch=c000003e syscall=59 success=yes exit=0 a0=7f7d17eb8dc0 a1=559e6743ccf0 a2=7ffd113c5e78 a3=8 items=1 ppid=4631 pid=4633 auid=4294967295 uid=0 gid=0 euid=0 suid=0 fsuid=0 egid=0 sgid=0 fsgid=0 tty=(none) ses=4294967295 comm="mount" exe="/usr/bin/mount" subj=system_u:system_r:kernel_t:s0 key=(null)
Aug 17 19:00:47 fedora audit: EXECVE argc=3 a0="mount" a1="/dev/vda1" a2="/boot/efi"
Aug 17 19:00:47 fedora audit: CWD cwd="/"
Aug 17 19:00:47 fedora audit: PATH item=0 name="/lib64/ld-linux-x86-64.so.2" inode=1470182 dev=fc:00 mode=0100755 ouid=0 ogid=0 rdev=00:00 obj=system_u:object_r:ld_so_t:s0 nametype=NORMAL cap_fp=0 cap_fi=0 cap_fe=0 cap_fver=0 cap_frootid=0
Aug 17 19:00:47 fedora audit: PROCTITLE proctitle=6D6F756E74002F6465762F76646131002F626F6F742F656669
Aug 17 19:00:47 fedora audit[4634]: AVC avc:  denied  { write } for  pid=4634 comm="cp" path="pipe:[29847]" dev="pipefs" ino=29847 scontext=system_u:system_r:kernel_generic_helper_t:s0 tcontext=system_u:system_r:kernel_t:s0 tclass=fifo_file permissive=1
Aug 17 19:00:47 fedora audit[4634]: SYSCALL arch=c000003e syscall=59 success=yes exit=0 a0=7ffd113c3b00 a1=559e6743bb60 a2=7ffd113c5e78 a3=8 items=0 ppid=4631 pid=4634 auid=4294967295 uid=0 gid=0 euid=0 suid=0 fsuid=0 egid=0 sgid=0 fsgid=0 tty=(none) ses=4294967295 comm="cp" exe="/usr/bin/cp" subj=system_u:system_r:kernel_generic_helper_t:s0 key=(null)
Aug 17 19:00:47 fedora audit: EXECVE argc=5 a0="cp" a1="-rp" a2="--reflink=auto" a3="usr/lib/efi/grub2/1:2.12-60.fc44/EFI" a4="/boot/efi"
Aug 17 19:00:47 fedora audit: PROCTITLE proctitle=6370002D7270002D2D7265666C696E6B3D6175746F007573722F6C69622F6566692F67727562322F313A322E31322D36302E666334342F454649002F626F6F742F656669
Aug 17 19:00:47 fedora audit[4634]: AVC avc:  denied  { search } for  pid=4634 comm="cp" name="/" dev="vda1" ino=1 scontext=system_u:system_r:kernel_generic_helper_t:s0 tcontext=system_u:object_r:dosfs_t:s0 tclass=dir permissive=1
Aug 17 19:00:47 fedora audit[4634]: SYSCALL arch=c000003e syscall=262 success=no exit=-2 a0=3 a1=5640abe8192a a2=7ffc826538f0 a3=100 items=0 ppid=4631 pid=4634 auid=4294967295 uid=0 gid=0 euid=0 suid=0 fsuid=0 egid=0 sgid=0 fsgid=0 tty=(none) ses=4294967295 comm="cp" exe="/usr/bin/cp" subj=system_u:system_r:kernel_generic_helper_t:s0 key=(null)
Aug 17 19:00:47 fedora audit: PROCTITLE proctitle=6370002D7270002D2D7265666C696E6B3D6175746F007573722F6C69622F6566692F67727562322F313A322E31322D36302E666334342F454649002F626F6F742F656669
Aug 17 19:00:47 fedora audit[4634]: AVC avc:  denied  { search } for  pid=4634 comm="cp" name="/" dev="vda1" ino=1 scontext=system_u:system_r:kernel_generic_helper_t:s0 tcontext=system_u:object_r:dosfs_t:s0 tclass=dir permissive=1
Aug 17 19:00:47 fedora audit[4634]: AVC avc:  denied  { write search } for  pid=4634 comm="cp" name="/" dev="vda1" ino=1 scontext=system_u:system_r:kernel_generic_helper_t:s0 tcontext=system_u:object_r:dosfs_t:s0 tclass=dir permissive=1
Aug 17 19:00:47 fedora audit[4634]: AVC avc:  denied  { add_name } for  pid=4634 comm="cp" name="EFI" scontext=system_u:system_r:kernel_generic_helper_t:s0 tcontext=system_u:object_r:dosfs_t:s0 tclass=dir permissive=1
Aug 17 19:00:47 fedora audit[4634]: AVC avc:  denied  { create } for  pid=4634 comm="cp" name="EFI" scontext=system_u:system_r:kernel_generic_helper_t:s0 tcontext=system_u:object_r:dosfs_t:s0 tclass=dir permissive=1
Aug 17 19:00:47 fedora audit[4634]: SYSCALL arch=c000003e syscall=258 success=yes exit=0 a0=3 a1=5640abe8192a a2=1c0 a3=1 items=2 ppid=4631 pid=4634 auid=4294967295 uid=0 gid=0 euid=0 suid=0 fsuid=0 egid=0 sgid=0 fsgid=0 tty=(none) ses=4294967295 comm="cp" exe="/usr/bin/cp" subj=system_u:system_r:kernel_generic_helper_t:s0 key=(null)
Aug 17 19:00:47 fedora audit: CWD cwd="/"
Aug 17 19:00:47 fedora audit: PATH item=0 name="/" inode=1 dev=fd:01 mode=040700 ouid=0 ogid=0 rdev=00:00 obj=system_u:object_r:dosfs_t:s0 nametype=PARENT cap_fp=0 cap_fi=0 cap_fe=0 cap_fver=0 cap_frootid=0
Aug 17 19:00:47 fedora audit: PATH item=1 name="EFI" inode=113 dev=fd:01 mode=040700 ouid=0 ogid=0 rdev=00:00 obj=system_u:object_r:dosfs_t:s0 nametype=CREATE cap_fp=0 cap_fi=0 cap_fe=0 cap_fver=0 cap_frootid=0
Aug 17 19:00:47 fedora audit: PROCTITLE proctitle=6370002D7270002D2D7265666C696E6B3D6175746F007573722F6C69622F6566692F67727562322F313A322E31322D36302E666334342F454649002F626F6F742F656669
Aug 17 19:00:47 fedora audit[4634]: AVC avc:  denied  { search } for  pid=4634 comm="cp" name="/" dev="vda1" ino=1 scontext=system_u:system_r:kernel_generic_helper_t:s0 tcontext=system_u:object_r:dosfs_t:s0 tclass=dir permissive=1
Aug 17 19:00:47 fedora audit[4634]: AVC avc:  denied  { getattr } for  pid=4634 comm="cp" path="/boot/efi/EFI" dev="vda1" ino=113 scontext=system_u:system_r:kernel_generic_helper_t:s0 tcontext=system_u:object_r:dosfs_t:s0 tclass=dir permissive=1
Aug 17 19:00:47 fedora audit[4634]: SYSCALL arch=c000003e syscall=262 success=yes exit=0 a0=3 a1=5640abe8192a a2=7ffc826538f0 a3=100 items=1 ppid=4631 pid=4634 auid=4294967295 uid=0 gid=0 euid=0 suid=0 fsuid=0 egid=0 sgid=0 fsgid=0 tty=(none) ses=4294967295 comm="cp" exe="/usr/bin/cp" subj=system_u:system_r:kernel_generic_helper_t:s0 key=(null)
Aug 17 19:00:47 fedora audit: CWD cwd="/"
Aug 17 19:00:47 fedora audit: PATH item=0 name="EFI" inode=113 dev=fd:01 mode=040700 ouid=0 ogid=0 rdev=00:00 obj=system_u:object_r:dosfs_t:s0 nametype=NORMAL cap_fp=0 cap_fi=0 cap_fe=0 cap_fver=0 cap_frootid=0
Aug 17 19:00:47 fedora audit: PROCTITLE proctitle=6370002D7270002D2D7265666C696E6B3D6175746F007573722F6C69622F6566692F67727562322F313A322E31322D36302E666334342F454649002F626F6F742F656669
Aug 17 19:00:47 fedora audit[4634]: AVC avc:  denied  { search } for  pid=4634 comm="cp" name="/" dev="vda1" ino=1 scontext=system_u:system_r:kernel_generic_helper_t:s0 tcontext=system_u:object_r:dosfs_t:s0 tclass=dir permissive=1
Aug 17 19:00:47 fedora audit[4634]: AVC avc:  denied  { search } for  pid=4634 comm="cp" name="EFI" dev="vda1" ino=113 scontext=system_u:system_r:kernel_generic_helper_t:s0 tcontext=system_u:object_r:dosfs_t:s0 tclass=dir permissive=1
Aug 17 19:00:47 fedora audit[4634]: AVC avc:  denied  { write search } for  pid=4634 comm="cp" name="EFI" dev="vda1" ino=113 scontext=system_u:system_r:kernel_generic_helper_t:s0 tcontext=system_u:object_r:dosfs_t:s0 tclass=dir permissive=1
Aug 17 19:00:47 fedora audit[4634]: SYSCALL arch=c000003e syscall=258 success=yes exit=0 a0=3 a1=5640abe81a0a a2=1c0 a3=1 items=2 ppid=4631 pid=4634 auid=4294967295 uid=0 gid=0 euid=0 suid=0 fsuid=0 egid=0 sgid=0 fsgid=0 tty=(none) ses=4294967295 comm="cp" exe="/usr/bin/cp" subj=system_u:system_r:kernel_generic_helper_t:s0 key=(null)
Aug 17 19:00:47 fedora audit: CWD cwd="/"
Aug 17 19:00:47 fedora audit: PATH item=0 name="EFI/" inode=113 dev=fd:01 mode=040700 ouid=0 ogid=0 rdev=00:00 obj=system_u:object_r:dosfs_t:s0 nametype=PARENT cap_fp=0 cap_fi=0 cap_fe=0 cap_fver=0 cap_frootid=0
Aug 17 19:00:47 fedora audit: PATH item=1 name="EFI/fedora" inode=114 dev=fd:01 mode=040700 ouid=0 ogid=0 rdev=00:00 obj=system_u:object_r:dosfs_t:s0 nametype=CREATE cap_fp=0 cap_fi=0 cap_fe=0 cap_fver=0 cap_frootid=0
Aug 17 19:00:47 fedora audit: PROCTITLE proctitle=6370002D7270002D2D7265666C696E6B3D6175746F007573722F6C69622F6566692F67727562322F313A322E31322D36302E666334342F454649002F626F6F742F656669
Aug 17 19:00:47 fedora audit[4634]: AVC avc:  denied  { search } for  pid=4634 comm="cp" name="/" dev="vda1" ino=1 scontext=system_u:system_r:kernel_generic_helper_t:s0 tcontext=system_u:object_r:dosfs_t:s0 tclass=dir permissive=1
Aug 17 19:00:47 fedora audit[4634]: AVC avc:  denied  { search } for  pid=4634 comm="cp" name="EFI" dev="vda1" ino=113 scontext=system_u:system_r:kernel_generic_helper_t:s0 tcontext=system_u:object_r:dosfs_t:s0 tclass=dir permissive=1
Aug 17 19:00:47 fedora audit[4634]: SYSCALL arch=c000003e syscall=262 success=yes exit=0 a0=3 a1=5640abe81a0a a2=7ffc826534e0 a3=100 items=1 ppid=4631 pid=4634 auid=4294967295 uid=0 gid=0 euid=0 suid=0 fsuid=0 egid=0 sgid=0 fsgid=0 tty=(none) ses=4294967295 comm="cp" exe="/usr/bin/cp" subj=system_u:system_r:kernel_generic_helper_t:s0 key=(null)
Aug 17 19:00:47 fedora audit: CWD cwd="/"
Aug 17 19:00:47 fedora audit: PATH item=0 name="EFI/fedora" inode=114 dev=fd:01 mode=040700 ouid=0 ogid=0 rdev=00:00 obj=system_u:object_r:dosfs_t:s0 nametype=NORMAL cap_fp=0 cap_fi=0 cap_fe=0 cap_fver=0 cap_frootid=0
Aug 17 19:00:47 fedora audit: PROCTITLE proctitle=6370002D7270002D2D7265666C696E6B3D6175746F007573722F6C69622F6566692F67727562322F313A322E31322D36302E666334342F454649002F626F6F742F656669
Aug 17 19:00:47 fedora audit[4634]: AVC avc:  denied  { search } for  pid=4634 comm="cp" name="/" dev="vda1" ino=1 scontext=system_u:system_r:kernel_generic_helper_t:s0 tcontext=system_u:object_r:dosfs_t:s0 tclass=dir permissive=1
Aug 17 19:00:47 fedora audit[4634]: AVC avc:  denied  { search } for  pid=4634 comm="cp" name="EFI" dev="vda1" ino=113 scontext=system_u:system_r:kernel_generic_helper_t:s0 tcontext=system_u:object_r:dosfs_t:s0 tclass=dir permissive=1
Aug 17 19:00:47 fedora audit[4634]: AVC avc:  denied  { search } for  pid=4634 comm="cp" name="fedora" dev="vda1" ino=114 scontext=system_u:system_r:kernel_generic_helper_t:s0 tcontext=system_u:object_r:dosfs_t:s0 tclass=dir permissive=1
Aug 17 19:00:47 fedora audit[4634]: AVC avc:  denied  { write search } for  pid=4634 comm="cp" name="fedora" dev="vda1" ino=114 scontext=system_u:system_r:kernel_generic_helper_t:s0 tcontext=system_u:object_r:dosfs_t:s0 tclass=dir permissive=1
Aug 17 19:00:47 fedora audit[4634]: AVC avc:  denied  { create } for  pid=4634 comm="cp" name="grubx64.efi" scontext=system_u:system_r:kernel_generic_helper_t:s0 tcontext=system_u:object_r:dosfs_t:s0 tclass=file permissive=1
Aug 17 19:00:47 fedora audit[4634]: AVC avc:  denied  { write open } for  pid=4634 comm="cp" path="/boot/efi/EFI/fedora/grubx64.efi" dev="vda1" ino=115 scontext=system_u:system_r:kernel_generic_helper_t:s0 tcontext=system_u:object_r:dosfs_t:s0 tclass=file permissive=1
Aug 17 19:00:47 fedora audit[4634]: SYSCALL arch=c000003e syscall=257 success=yes exit=5 a0=3 a1=5640abe81a8a a2=c1 a3=1c0 items=2 ppid=4631 pid=4634 auid=4294967295 uid=0 gid=0 euid=0 suid=0 fsuid=0 egid=0 sgid=0 fsgid=0 tty=(none) ses=4294967295 comm="cp" exe="/usr/bin/cp" subj=system_u:system_r:kernel_generic_helper_t:s0 key=(null)
Aug 17 19:00:47 fedora audit: CWD cwd="/"
Aug 17 19:00:47 fedora audit: PATH item=0 name="EFI/fedora/" inode=114 dev=fd:01 mode=040700 ouid=0 ogid=0 rdev=00:00 obj=system_u:object_r:dosfs_t:s0 nametype=PARENT cap_fp=0 cap_fi=0 cap_fe=0 cap_fver=0 cap_frootid=0
Aug 17 19:00:47 fedora audit: PATH item=1 name="EFI/fedora/grubx64.efi" inode=115 dev=fd:01 mode=0100700 ouid=0 ogid=0 rdev=00:00 obj=system_u:object_r:dosfs_t:s0 nametype=CREATE cap_fp=0 cap_fi=0 cap_fe=0 cap_fver=0 cap_frootid=0
Aug 17 19:00:47 fedora audit: PROCTITLE proctitle=6370002D7270002D2D7265666C696E6B3D6175746F007573722F6C69622F6566692F67727562322F313A322E31322D36302E666334342F454649002F626F6F742F656669
Aug 17 19:00:47 fedora audit[4634]: AVC avc:  denied  { ioctl } for  pid=4634 comm="cp" path="/boot/efi/EFI/fedora/grubx64.efi" dev="vda1" ino=115 ioctlcmd=0x9409 scontext=system_u:system_r:kernel_generic_helper_t:s0 tcontext=system_u:object_r:dosfs_t:s0 tclass=file permissive=1
Aug 17 19:00:47 fedora audit[4634]: SYSCALL arch=c000003e syscall=16 success=no exit=-18 a0=5 a1=40049409 a2=4 a3=1c0 items=0 ppid=4631 pid=4634 auid=4294967295 uid=0 gid=0 euid=0 suid=0 fsuid=0 egid=0 sgid=0 fsgid=0 tty=(none) ses=4294967295 comm="cp" exe="/usr/bin/cp" subj=system_u:system_r:kernel_generic_helper_t:s0 key=(null)
Aug 17 19:00:47 fedora audit: PROCTITLE proctitle=6370002D7270002D2D7265666C696E6B3D6175746F007573722F6C69622F6566692F67727562322F313A322E31322D36302E666334342F454649002F626F6F742F656669
Aug 17 19:00:47 fedora audit[4634]: AVC avc:  denied  { getattr } for  pid=4634 comm="cp" path="/boot/efi/EFI/fedora/grubx64.efi" dev="vda1" ino=115 scontext=system_u:system_r:kernel_generic_helper_t:s0 tcontext=system_u:object_r:dosfs_t:s0 tclass=file permissive=1
Aug 17 19:00:47 fedora audit[4634]: SYSCALL arch=c000003e syscall=5 success=yes exit=0 a0=5 a1=7ffc82652ea0 a2=10001020 a3=1c0 items=0 ppid=4631 pid=4634 auid=4294967295 uid=0 gid=0 euid=0 suid=0 fsuid=0 egid=0 sgid=0 fsgid=0 tty=(none) ses=4294967295 comm="cp" exe="/usr/bin/cp" subj=system_u:system_r:kernel_generic_helper_t:s0 key=(null)
Aug 17 19:00:47 fedora audit: PROCTITLE proctitle=6370002D7270002D2D7265666C696E6B3D6175746F007573722F6C69622F6566692F67727562322F313A322E31322D36302E666334342F454649002F626F6F742F656669
Aug 17 19:00:47 fedora audit[4634]: AVC avc:  denied  { setattr } for  pid=4634 comm="cp" name="grubx64.efi" dev="vda1" ino=115 scontext=system_u:system_r:kernel_generic_helper_t:s0 tcontext=system_u:object_r:dosfs_t:s0 tclass=file permissive=1
Aug 17 19:00:47 fedora audit[4634]: SYSCALL arch=c000003e syscall=280 success=yes exit=0 a0=5 a1=0 a2=7ffc82652dd0 a3=0 items=0 ppid=4631 pid=4634 auid=4294967295 uid=0 gid=0 euid=0 suid=0 fsuid=0 egid=0 sgid=0 fsgid=0 tty=(none) ses=4294967295 comm="cp" exe="/usr/bin/cp" subj=system_u:system_r:kernel_generic_helper_t:s0 key=(null)
Aug 17 19:00:47 fedora audit: PROCTITLE proctitle=6370002D7270002D2D7265666C696E6B3D6175746F007573722F6C69622F6566692F67727562322F313A322E31322D36302E666334342F454649002F626F6F742F656669
Aug 17 19:00:47 fedora audit[4634]: AVC avc:  denied  { search } for  pid=4634 comm="cp" name="/" dev="vda1" ino=1 scontext=system_u:system_r:kernel_generic_helper_t:s0 tcontext=system_u:object_r:dosfs_t:s0 tclass=dir permissive=1
Aug 17 19:00:47 fedora audit[4634]: AVC avc:  denied  { search } for  pid=4634 comm="cp" name="EFI" dev="vda1" ino=113 scontext=system_u:system_r:kernel_generic_helper_t:s0 tcontext=system_u:object_r:dosfs_t:s0 tclass=dir permissive=1
Aug 17 19:00:47 fedora audit[4634]: AVC avc:  denied  { setattr } for  pid=4634 comm="cp" name="fedora" dev="vda1" ino=114 scontext=system_u:system_r:kernel_generic_helper_t:s0 tcontext=system_u:object_r:dosfs_t:s0 tclass=dir permissive=1
Aug 17 19:00:47 fedora audit[4634]: SYSCALL arch=c000003e syscall=280 success=yes exit=0 a0=3 a1=5640abe81a0a a2=7ffc82653690 a3=0 items=1 ppid=4631 pid=4634 auid=4294967295 uid=0 gid=0 euid=0 suid=0 fsuid=0 egid=0 sgid=0 fsgid=0 tty=(none) ses=4294967295 comm="cp" exe="/usr/bin/cp" subj=system_u:system_r:kernel_generic_helper_t:s0 key=(null)
Aug 17 19:00:47 fedora audit: CWD cwd="/"
Aug 17 19:00:47 fedora audit: PATH item=0 name="EFI/fedora" inode=114 dev=fd:01 mode=040700 ouid=0 ogid=0 rdev=00:00 obj=system_u:object_r:dosfs_t:s0 nametype=NORMAL cap_fp=0 cap_fi=0 cap_fe=0 cap_fver=0 cap_frootid=0
Aug 17 19:00:47 fedora audit: PROCTITLE proctitle=6370002D7270002D2D7265666C696E6B3D6175746F007573722F6C69622F6566692F67727562322F313A322E31322D36302E666334342F454649002F626F6F742F656669
Aug 17 19:00:47 fedora audit[4634]: AVC avc:  denied  { search } for  pid=4634 comm="cp" name="/" dev="vda1" ino=1 scontext=system_u:system_r:kernel_generic_helper_t:s0 tcontext=system_u:object_r:dosfs_t:s0 tclass=dir permissive=1
Aug 17 19:00:47 fedora audit[4634]: AVC avc:  denied  { search } for  pid=4634 comm="cp" name="EFI" dev="vda1" ino=113 scontext=system_u:system_r:kernel_generic_helper_t:s0 tcontext=system_u:object_r:dosfs_t:s0 tclass=dir permissive=1
Aug 17 19:00:47 fedora audit[4634]: SYSCALL arch=c000003e syscall=260 success=yes exit=0 a0=3 a1=5640abe81a0a a2=0 a3=0 items=1 ppid=4631 pid=4634 auid=4294967295 uid=0 gid=0 euid=0 suid=0 fsuid=0 egid=0 sgid=0 fsgid=0 tty=(none) ses=4294967295 comm="cp" exe="/usr/bin/cp" subj=system_u:system_r:kernel_generic_helper_t:s0 key=(null)
Aug 17 19:00:47 fedora audit: CWD cwd="/"
Aug 17 19:00:47 fedora audit: PATH item=0 name="EFI/fedora" inode=114 dev=fd:01 mode=040700 ouid=0 ogid=0 rdev=00:00 obj=system_u:object_r:dosfs_t:s0 nametype=NORMAL cap_fp=0 cap_fi=0 cap_fe=0 cap_fver=0 cap_frootid=0
Aug 17 19:00:47 fedora audit: PROCTITLE proctitle=6370002D7270002D2D7265666C696E6B3D6175746F007573722F6C69622F6566692F67727562322F313A322E31322D36302E666334342F454649002F626F6F742F656669
Aug 17 19:00:47 fedora audit[4634]: AVC avc:  denied  { search } for  pid=4634 comm="cp" name="/" dev="vda1" ino=1 scontext=system_u:system_r:kernel_generic_helper_t:s0 tcontext=system_u:object_r:dosfs_t:s0 tclass=dir permissive=1
Aug 17 19:00:47 fedora audit[4634]: AVC avc:  denied  { search } for  pid=4634 comm="cp" name="EFI" dev="vda1" ino=113 scontext=system_u:system_r:kernel_generic_helper_t:s0 tcontext=system_u:object_r:dosfs_t:s0 tclass=dir permissive=1
Aug 17 19:00:47 fedora audit[4634]: SYSCALL arch=c000003e syscall=90 success=yes exit=0 a0=5640abe81a00 a1=41c0 a2=5640abe81a00 a3=1 items=1 ppid=4631 pid=4634 auid=4294967295 uid=0 gid=0 euid=0 suid=0 fsuid=0 egid=0 sgid=0 fsgid=0 tty=(none) ses=4294967295 comm="cp" exe="/usr/bin/cp" subj=system_u:system_r:kernel_generic_helper_t:s0 key=(null)
Aug 17 19:00:47 fedora audit: CWD cwd="/"
Aug 17 19:00:47 fedora audit: PATH item=0 name="/boot/efi/EFI/fedora" inode=114 dev=fd:01 mode=040700 ouid=0 ogid=0 rdev=00:00 obj=system_u:object_r:dosfs_t:s0 nametype=NORMAL cap_fp=0 cap_fi=0 cap_fe=0 cap_fver=0 cap_frootid=0
Aug 17 19:00:47 fedora audit: PROCTITLE proctitle=6370002D7270002D2D7265666C696E6B3D6175746F007573722F6C69622F6566692F67727562322F313A322E31322D36302E666334342F454649002F626F6F742F656669
Aug 17 19:00:47 fedora audit[4634]: AVC avc:  denied  { search } for  pid=4634 comm="cp" name="/" dev="vda1" ino=1 scontext=system_u:system_r:kernel_generic_helper_t:s0 tcontext=system_u:object_r:dosfs_t:s0 tclass=dir permissive=1
Aug 17 19:00:47 fedora audit[4634]: SYSCALL arch=c000003e syscall=280 success=yes exit=0 a0=3 a1=5640abe8192a a2=7ffc82653aa0 a3=0 items=1 ppid=4631 pid=4634 auid=4294967295 uid=0 gid=0 euid=0 suid=0 fsuid=0 egid=0 sgid=0 fsgid=0 tty=(none) ses=4294967295 comm="cp" exe="/usr/bin/cp" subj=system_u:system_r:kernel_generic_helper_t:s0 key=(null)
Aug 17 19:00:47 fedora audit: CWD cwd="/"
Aug 17 19:00:47 fedora audit: PATH item=0 name="EFI" inode=113 dev=fd:01 mode=040700 ouid=0 ogid=0 rdev=00:00 obj=system_u:object_r:dosfs_t:s0 nametype=NORMAL cap_fp=0 cap_fi=0 cap_fe=0 cap_fver=0 cap_frootid=0
Aug 17 19:00:47 fedora audit: PROCTITLE proctitle=6370002D7270002D2D7265666C696E6B3D6175746F007573722F6C69622F6566692F67727562322F313A322E31322D36302E666334342F454649002F626F6F742F656669
Aug 17 19:00:47 fedora audit[4634]: AVC avc:  denied  { search } for  pid=4634 comm="cp" name="/" dev="vda1" ino=1 scontext=system_u:system_r:kernel_generic_helper_t:s0 tcontext=system_u:object_r:dosfs_t:s0 tclass=dir permissive=1
Aug 17 19:00:47 fedora audit[4634]: SYSCALL arch=c000003e syscall=260 success=yes exit=0 a0=3 a1=5640abe8192a a2=0 a3=0 items=1 ppid=4631 pid=4634 auid=4294967295 uid=0 gid=0 euid=0 suid=0 fsuid=0 egid=0 sgid=0 fsgid=0 tty=(none) ses=4294967295 comm="cp" exe="/usr/bin/cp" subj=system_u:system_r:kernel_generic_helper_t:s0 key=(null)
Aug 17 19:00:47 fedora audit: CWD cwd="/"
Aug 17 19:00:47 fedora audit: PATH item=0 name="EFI" inode=113 dev=fd:01 mode=040700 ouid=0 ogid=0 rdev=00:00 obj=system_u:object_r:dosfs_t:s0 nametype=NORMAL cap_fp=0 cap_fi=0 cap_fe=0 cap_fver=0 cap_frootid=0
Aug 17 19:00:47 fedora audit: PROCTITLE proctitle=6370002D7270002D2D7265666C696E6B3D6175746F007573722F6C69622F6566692F67727562322F313A322E31322D36302E666334342F454649002F626F6F742F656669
Aug 17 19:00:47 fedora audit[4634]: AVC avc:  denied  { search } for  pid=4634 comm="cp" name="/" dev="vda1" ino=1 scontext=system_u:system_r:kernel_generic_helper_t:s0 tcontext=system_u:object_r:dosfs_t:s0 tclass=dir permissive=1
Aug 17 19:00:47 fedora audit[4634]: SYSCALL arch=c000003e syscall=90 success=yes exit=0 a0=5640abe81920 a1=41ed a2=5640abe81920 a3=1 items=1 ppid=4631 pid=4634 auid=4294967295 uid=0 gid=0 euid=0 suid=0 fsuid=0 egid=0 sgid=0 fsgid=0 tty=(none) ses=4294967295 comm="cp" exe="/usr/bin/cp" subj=system_u:system_r:kernel_generic_helper_t:s0 key=(null)
Aug 17 19:00:47 fedora audit: CWD cwd="/"
Aug 17 19:00:47 fedora audit: PATH item=0 name="/boot/efi/EFI" inode=113 dev=fd:01 mode=040700 ouid=0 ogid=0 rdev=00:00 obj=system_u:object_r:dosfs_t:s0 nametype=NORMAL cap_fp=0 cap_fi=0 cap_fe=0 cap_fver=0 cap_frootid=0
Aug 17 19:00:47 fedora audit: PROCTITLE proctitle=6370002D7270002D2D7265666C696E6B3D6175746F007573722F6C69622F6566692F67727562322F313A322E31322D36302E666334342F454649002F626F6F742F656669
Aug 17 19:00:47 fedora audit[4635]: AVC avc:  denied  { write } for  pid=4635 comm="cp" name="EFI" dev="vda1" ino=113 scontext=system_u:system_r:kernel_generic_helper_t:s0 tcontext=system_u:object_r:dosfs_t:s0 tclass=dir permissive=1
Aug 17 19:00:47 fedora audit[4635]: SYSCALL arch=c000003e syscall=258 success=yes exit=0 a0=3 a1=561a34bb59ba a2=1c0 a3=1 items=2 ppid=4631 pid=4635 auid=4294967295 uid=0 gid=0 euid=0 suid=0 fsuid=0 egid=0 sgid=0 fsgid=0 tty=(none) ses=4294967295 comm="cp" exe="/usr/bin/cp" subj=system_u:system_r:kernel_generic_helper_t:s0 key=(null)
Aug 17 19:00:47 fedora audit: CWD cwd="/"
Aug 17 19:00:47 fedora audit: PATH item=0 name=(null) inode=113 dev=fd:01 mode=040700 ouid=0 ogid=0 rdev=00:00 obj=system_u:object_r:dosfs_t:s0 nametype=PARENT cap_fp=0 cap_fi=0 cap_fe=0 cap_fver=0 cap_frootid=0
Aug 17 19:00:47 fedora audit: PATH item=1 name=(null) inode=116 dev=fd:01 mode=040700 ouid=0 ogid=0 rdev=00:00 obj=system_u:object_r:dosfs_t:s0 nametype=CREATE cap_fp=0 cap_fi=0 cap_fe=0 cap_fver=0 cap_frootid=0
Aug 17 19:00:47 fedora audit: PROCTITLE proctitle=6370002D7270002D2D7265666C696E6B3D6175746F007573722F6C69622F6566692F7368696D2F31362E312D352F454649002F626F6F742F656669
Aug 17 19:00:47 fedora audit[4635]: AVC avc:  denied  { write } for  pid=4635 comm="cp" name="BOOT" dev="vda1" ino=116 scontext=system_u:system_r:kernel_generic_helper_t:s0 tcontext=system_u:object_r:dosfs_t:s0 tclass=dir permissive=1
Aug 17 19:00:47 fedora audit[4635]: SYSCALL arch=c000003e syscall=257 success=yes exit=5 a0=3 a1=561a34bb5a7a a2=c1 a3=1c0 items=4 ppid=4631 pid=4635 auid=4294967295 uid=0 gid=0 euid=0 suid=0 fsuid=0 egid=0 sgid=0 fsgid=0 tty=(none) ses=4294967295 comm="cp" exe="/usr/bin/cp" subj=system_u:system_r:kernel_generic_helper_t:s0 key=(null)
Aug 17 19:00:47 fedora audit: CWD cwd="/"
Aug 17 19:00:47 fedora audit: PATH item=0 name=(null) inode=116 dev=fd:01 mode=040700 ouid=0 ogid=0 rdev=00:00 obj=system_u:object_r:dosfs_t:s0 nametype=PARENT cap_fp=0 cap_fi=0 cap_fe=0 cap_fver=0 cap_frootid=0
Aug 17 19:00:47 fedora audit: PATH item=1 name=(null) nametype=CREATE cap_fp=0 cap_fi=0 cap_fe=0 cap_fver=0 cap_frootid=0
Aug 17 19:00:47 fedora audit: PATH item=2 name=(null) inode=116 dev=fd:01 mode=040700 ouid=0 ogid=0 rdev=00:00 obj=system_u:object_r:dosfs_t:s0 nametype=PARENT cap_fp=0 cap_fi=0 cap_fe=0 cap_fver=0 cap_frootid=0
Aug 17 19:00:47 fedora audit: PATH item=3 name=(null) inode=117 dev=fd:01 mode=0100700 ouid=0 ogid=0 rdev=00:00 obj=system_u:object_r:dosfs_t:s0 nametype=CREATE cap_fp=0 cap_fi=0 cap_fe=0 cap_fver=0 cap_frootid=0
Aug 17 19:00:47 fedora audit: PROCTITLE proctitle=6370002D7270002D2D7265666C696E6B3D6175746F007573722F6C69622F6566692F7368696D2F31362E312D352F454649002F626F6F742F656669
Aug 17 19:00:47 fedora audit[4635]: AVC avc:  denied  { write } for  pid=4635 comm="cp" name="BOOT" dev="vda1" ino=116 scontext=system_u:system_r:kernel_generic_helper_t:s0 tcontext=system_u:object_r:dosfs_t:s0 tclass=dir permissive=1
Aug 17 19:00:47 fedora audit[4635]: SYSCALL arch=c000003e syscall=257 success=yes exit=5 a0=3 a1=561a34bb5a7a a2=c1 a3=1c0 items=4 ppid=4631 pid=4635 auid=4294967295 uid=0 gid=0 euid=0 suid=0 fsuid=0 egid=0 sgid=0 fsgid=0 tty=(none) ses=4294967295 comm="cp" exe="/usr/bin/cp" subj=system_u:system_r:kernel_generic_helper_t:s0 key=(null)
Aug 17 19:00:47 fedora audit: CWD cwd="/"
Aug 17 19:00:47 fedora audit: PATH item=0 name=(null) inode=116 dev=fd:01 mode=040700 ouid=0 ogid=0 rdev=00:00 obj=system_u:object_r:dosfs_t:s0 nametype=PARENT cap_fp=0 cap_fi=0 cap_fe=0 cap_fver=0 cap_frootid=0
Aug 17 19:00:47 fedora audit: PATH item=1 name=(null) nametype=CREATE cap_fp=0 cap_fi=0 cap_fe=0 cap_fver=0 cap_frootid=0
Aug 17 19:00:47 fedora audit: PATH item=2 name=(null) inode=116 dev=fd:01 mode=040700 ouid=0 ogid=0 rdev=00:00 obj=system_u:object_r:dosfs_t:s0 nametype=PARENT cap_fp=0 cap_fi=0 cap_fe=0 cap_fver=0 cap_frootid=0
Aug 17 19:00:47 fedora audit: PATH item=3 name=(null) inode=118 dev=fd:01 mode=0100700 ouid=0 ogid=0 rdev=00:00 obj=system_u:object_r:dosfs_t:s0 nametype=CREATE cap_fp=0 cap_fi=0 cap_fe=0 cap_fver=0 cap_frootid=0
Aug 17 19:00:47 fedora audit: PROCTITLE proctitle=6370002D7270002D2D7265666C696E6B3D6175746F007573722F6C69622F6566692F7368696D2F31362E312D352F454649002F626F6F742F656669
Aug 17 19:00:47 fedora audit[4635]: AVC avc:  denied  { write } for  pid=4635 comm="cp" name="fedora" dev="vda1" ino=114 scontext=system_u:system_r:kernel_generic_helper_t:s0 tcontext=system_u:object_r:dosfs_t:s0 tclass=dir permissive=1
Aug 17 19:00:47 fedora audit[4635]: SYSCALL arch=c000003e syscall=257 success=yes exit=5 a0=3 a1=561a34bb5a7a a2=c1 a3=1c0 items=4 ppid=4631 pid=4635 auid=4294967295 uid=0 gid=0 euid=0 suid=0 fsuid=0 egid=0 sgid=0 fsgid=0 tty=(none) ses=4294967295 comm="cp" exe="/usr/bin/cp" subj=system_u:system_r:kernel_generic_helper_t:s0 key=(null)
Aug 17 19:00:47 fedora audit: CWD cwd="/"
Aug 17 19:00:47 fedora audit: PATH item=0 name=(null) inode=114 dev=fd:01 mode=040700 ouid=0 ogid=0 rdev=00:00 obj=system_u:object_r:dosfs_t:s0 nametype=PARENT cap_fp=0 cap_fi=0 cap_fe=0 cap_fver=0 cap_frootid=0
Aug 17 19:00:47 fedora audit: PATH item=1 name=(null) nametype=CREATE cap_fp=0 cap_fi=0 cap_fe=0 cap_fver=0 cap_frootid=0
Aug 17 19:00:47 fedora audit: PATH item=2 name=(null) inode=114 dev=fd:01 mode=040700 ouid=0 ogid=0 rdev=00:00 obj=system_u:object_r:dosfs_t:s0 nametype=PARENT cap_fp=0 cap_fi=0 cap_fe=0 cap_fver=0 cap_frootid=0
Aug 17 19:00:47 fedora audit: PATH item=3 name=(null) inode=119 dev=fd:01 mode=0100700 ouid=0 ogid=0 rdev=00:00 obj=system_u:object_r:dosfs_t:s0 nametype=CREATE cap_fp=0 cap_fi=0 cap_fe=0 cap_fver=0 cap_frootid=0
Aug 17 19:00:47 fedora audit: PROCTITLE proctitle=6370002D7270002D2D7265666C696E6B3D6175746F007573722F6C69622F6566692F7368696D2F31362E312D352F454649002F626F6F742F656669
Aug 17 19:00:47 fedora audit[4635]: AVC avc:  denied  { write } for  pid=4635 comm="cp" name="fedora" dev="vda1" ino=114 scontext=system_u:system_r:kernel_generic_helper_t:s0 tcontext=system_u:object_r:dosfs_t:s0 tclass=dir permissive=1
Aug 17 19:00:47 fedora audit[4635]: SYSCALL arch=c000003e syscall=257 success=yes exit=5 a0=3 a1=561a34bb5a7a a2=c1 a3=1c0 items=4 ppid=4631 pid=4635 auid=4294967295 uid=0 gid=0 euid=0 suid=0 fsuid=0 egid=0 sgid=0 fsgid=0 tty=(none) ses=4294967295 comm="cp" exe="/usr/bin/cp" subj=system_u:system_r:kernel_generic_helper_t:s0 key=(null)
Aug 17 19:00:47 fedora audit: CWD cwd="/"
Aug 17 19:00:47 fedora audit: PATH item=0 name=(null) inode=114 dev=fd:01 mode=040700 ouid=0 ogid=0 rdev=00:00 obj=system_u:object_r:dosfs_t:s0 nametype=PARENT cap_fp=0 cap_fi=0 cap_fe=0 cap_fver=0 cap_frootid=0
Aug 17 19:00:47 fedora audit: PATH item=1 name=(null) nametype=CREATE cap_fp=0 cap_fi=0 cap_fe=0 cap_fver=0 cap_frootid=0
Aug 17 19:00:47 fedora audit: PATH item=2 name=(null) inode=114 dev=fd:01 mode=040700 ouid=0 ogid=0 rdev=00:00 obj=system_u:object_r:dosfs_t:s0 nametype=PARENT cap_fp=0 cap_fi=0 cap_fe=0 cap_fver=0 cap_frootid=0
Aug 17 19:00:47 fedora audit: PATH item=3 name=(null) inode=120 dev=fd:01 mode=0100700 ouid=0 ogid=0 rdev=00:00 obj=system_u:object_r:dosfs_t:s0 nametype=CREATE cap_fp=0 cap_fi=0 cap_fe=0 cap_fver=0 cap_frootid=0
Aug 17 19:00:47 fedora audit: PROCTITLE proctitle=6370002D7270002D2D7265666C696E6B3D6175746F007573722F6C69622F6566692F7368696D2F31362E312D352F454649002F626F6F742F656669
Aug 17 19:00:47 fedora audit[4635]: AVC avc:  denied  { write } for  pid=4635 comm="cp" name="fedora" dev="vda1" ino=114 scontext=system_u:system_r:kernel_generic_helper_t:s0 tcontext=system_u:object_r:dosfs_t:s0 tclass=dir permissive=1
Aug 17 19:00:47 fedora audit[4635]: SYSCALL arch=c000003e syscall=257 success=yes exit=5 a0=3 a1=561a34bb5a7a a2=c1 a3=180 items=4 ppid=4631 pid=4635 auid=4294967295 uid=0 gid=0 euid=0 suid=0 fsuid=0 egid=0 sgid=0 fsgid=0 tty=(none) ses=4294967295 comm="cp" exe="/usr/bin/cp" subj=system_u:system_r:kernel_generic_helper_t:s0 key=(null)
Aug 17 19:00:47 fedora audit: CWD cwd="/"
Aug 17 19:00:47 fedora audit: PATH item=0 name=(null) inode=114 dev=fd:01 mode=040700 ouid=0 ogid=0 rdev=00:00 obj=system_u:object_r:dosfs_t:s0 nametype=PARENT cap_fp=0 cap_fi=0 cap_fe=0 cap_fver=0 cap_frootid=0
Aug 17 19:00:47 fedora audit: PATH item=1 name=(null) nametype=CREATE cap_fp=0 cap_fi=0 cap_fe=0 cap_fver=0 cap_frootid=0
Aug 17 19:00:47 fedora audit: PATH item=2 name=(null) inode=114 dev=fd:01 mode=040700 ouid=0 ogid=0 rdev=00:00 obj=system_u:object_r:dosfs_t:s0 nametype=PARENT cap_fp=0 cap_fi=0 cap_fe=0 cap_fver=0 cap_frootid=0
Aug 17 19:00:47 fedora audit: PATH item=3 name=(null) inode=121 dev=fd:01 mode=0100700 ouid=0 ogid=0 rdev=00:00 obj=system_u:object_r:dosfs_t:s0 nametype=CREATE cap_fp=0 cap_fi=0 cap_fe=0 cap_fver=0 cap_frootid=0
Aug 17 19:00:47 fedora audit: PROCTITLE proctitle=6370002D7270002D2D7265666C696E6B3D6175746F007573722F6C69622F6566692F7368696D2F31362E312D352F454649002F626F6F742F656669
Aug 17 19:00:47 fedora audit[4635]: AVC avc:  denied  { write } for  pid=4635 comm="cp" name="fedora" dev="vda1" ino=114 scontext=system_u:system_r:kernel_generic_helper_t:s0 tcontext=system_u:object_r:dosfs_t:s0 tclass=dir permissive=1
Aug 17 19:00:47 fedora audit[4635]: SYSCALL arch=c000003e syscall=257 success=yes exit=5 a0=3 a1=561a34bb5a7a a2=c1 a3=1c0 items=4 ppid=4631 pid=4635 auid=4294967295 uid=0 gid=0 euid=0 suid=0 fsuid=0 egid=0 sgid=0 fsgid=0 tty=(none) ses=4294967295 comm="cp" exe="/usr/bin/cp" subj=system_u:system_r:kernel_generic_helper_t:s0 key=(null)
Aug 17 19:00:47 fedora audit: CWD cwd="/"
Aug 17 19:00:47 fedora audit: PATH item=0 name=(null) inode=114 dev=fd:01 mode=040700 ouid=0 ogid=0 rdev=00:00 obj=system_u:object_r:dosfs_t:s0 nametype=PARENT cap_fp=0 cap_fi=0 cap_fe=0 cap_fver=0 cap_frootid=0
Aug 17 19:00:47 fedora audit: PATH item=1 name=(null) nametype=CREATE cap_fp=0 cap_fi=0 cap_fe=0 cap_fver=0 cap_frootid=0
Aug 17 19:00:47 fedora audit: PATH item=2 name=(null) inode=114 dev=fd:01 mode=040700 ouid=0 ogid=0 rdev=00:00 obj=system_u:object_r:dosfs_t:s0 nametype=PARENT cap_fp=0 cap_fi=0 cap_fe=0 cap_fver=0 cap_frootid=0
Aug 17 19:00:47 fedora audit: PATH item=3 name=(null) inode=122 dev=fd:01 mode=0100700 ouid=0 ogid=0 rdev=00:00 obj=system_u:object_r:dosfs_t:s0 nametype=CREATE cap_fp=0 cap_fi=0 cap_fe=0 cap_fver=0 cap_frootid=0
Aug 17 19:00:47 fedora audit: PROCTITLE proctitle=6370002D7270002D2D7265666C696E6B3D6175746F007573722F6C69622F6566692F7368696D2F31362E312D352F454649002F626F6F742F656669
Aug 17 19:00:47 fedora audit[4636]: AVC avc:  denied  { getattr } for  pid=4636 comm="efibootmgr" name="/" dev="efivarfs" ino=8623 scontext=system_u:system_r:kernel_generic_helper_t:s0 tcontext=system_u:object_r:efivarfs_t:s0 tclass=filesystem permissive=1
Aug 17 19:00:47 fedora audit[4636]: SYSCALL arch=c000003e syscall=137 success=yes exit=0 a0=55d3f8c69010 a1=7ffe57b09690 a2=d a3=4 items=0 ppid=4631 pid=4636 auid=4294967295 uid=0 gid=0 euid=0 suid=0 fsuid=0 egid=0 sgid=0 fsgid=0 tty=(none) ses=4294967295 comm="efibootmgr" exe="/usr/bin/efibootmgr" subj=system_u:system_r:kernel_generic_helper_t:s0 key=(null)
Aug 17 19:00:47 fedora audit: PROCTITLE proctitle="efibootmgr"
Aug 17 19:00:47 fedora audit[4636]: AVC avc:  denied  { read } for  pid=4636 comm="efibootmgr" name="/" dev="efivarfs" ino=8623 scontext=system_u:system_r:kernel_generic_helper_t:s0 tcontext=system_u:object_r:efivarfs_t:s0 tclass=dir permissive=1
Aug 17 19:00:47 fedora audit[4636]: AVC avc:  denied  { open } for  pid=4636 comm="efibootmgr" path="/sys/firmware/efi/efivars" dev="efivarfs" ino=8623 scontext=system_u:system_r:kernel_generic_helper_t:s0 tcontext=system_u:object_r:efivarfs_t:s0 tclass=dir permissive=1
Aug 17 19:00:47 fedora audit[4636]: SYSCALL arch=c000003e syscall=257 success=yes exit=4 a0=ffffff9c a1=55d3f8c69010 a2=90800 a3=0 items=0 ppid=4631 pid=4636 auid=4294967295 uid=0 gid=0 euid=0 suid=0 fsuid=0 egid=0 sgid=0 fsgid=0 tty=(none) ses=4294967295 comm="efibootmgr" exe="/usr/bin/efibootmgr" subj=system_u:system_r:kernel_generic_helper_t:s0 key=(null)
Aug 17 19:00:47 fedora audit: PROCTITLE proctitle="efibootmgr"
Aug 17 19:00:47 fedora audit[4636]: AVC avc:  denied  { getattr } for  pid=4636 comm="efibootmgr" path="/sys/firmware/efi/efivars" dev="efivarfs" ino=8623 scontext=system_u:system_r:kernel_generic_helper_t:s0 tcontext=system_u:object_r:efivarfs_t:s0 tclass=dir permissive=1
Aug 17 19:00:47 fedora audit[4636]: SYSCALL arch=c000003e syscall=5 success=yes exit=0 a0=4 a1=7ffe57b09450 a2=0 a3=0 items=0 ppid=4631 pid=4636 auid=4294967295 uid=0 gid=0 euid=0 suid=0 fsuid=0 egid=0 sgid=0 fsgid=0 tty=(none) ses=4294967295 comm="efibootmgr" exe="/usr/bin/efibootmgr" subj=system_u:system_r:kernel_generic_helper_t:s0 key=(null)
Aug 17 19:00:47 fedora audit: PROCTITLE proctitle="efibootmgr"
Aug 17 19:00:47 fedora audit[4636]: AVC avc:  denied  { search } for  pid=4636 comm="efibootmgr" name="/" dev="efivarfs" ino=8623 scontext=system_u:system_r:kernel_generic_helper_t:s0 tcontext=system_u:object_r:efivarfs_t:s0 tclass=dir permissive=1
Aug 17 19:00:47 fedora audit[4636]: AVC avc:  denied  { read } for  pid=4636 comm="efibootmgr" name="Boot0000-8be4df61-93ca-11d2-aa0d-00e098032b8c" dev="efivarfs" ino=8639 scontext=system_u:system_r:kernel_generic_helper_t:s0 tcontext=system_u:object_r:efivarfs_t:s0 tclass=file permissive=1
Aug 17 19:00:47 fedora audit[4636]: AVC avc:  denied  { open } for  pid=4636 comm="efibootmgr" path="/sys/firmware/efi/efivars/Boot0000-8be4df61-93ca-11d2-aa0d-00e098032b8c" dev="efivarfs" ino=8639 scontext=system_u:system_r:kernel_generic_helper_t:s0 tcontext=system_u:object_r:efivarfs_t:s0 tclass=file permissive=1
Aug 17 19:00:47 fedora audit[4636]: SYSCALL arch=c000003e syscall=257 success=yes exit=4 a0=ffffffffffffff9c a1=55d3f8c691b0 a2=0 a3=0 items=1 ppid=4631 pid=4636 auid=4294967295 uid=0 gid=0 euid=0 suid=0 fsuid=0 egid=0 sgid=0 fsgid=0 tty=(none) ses=4294967295 comm="efibootmgr" exe="/usr/bin/efibootmgr" subj=system_u:system_r:kernel_generic_helper_t:s0 key=(null)
Aug 17 19:00:47 fedora audit: CWD cwd="/"
Aug 17 19:00:47 fedora audit: PATH item=0 name="/sys/firmware/efi/efivars/Boot0000-8be4df61-93ca-11d2-aa0d-00e098032b8c" inode=8639 dev=00:20 mode=0100644 ouid=0 ogid=0 rdev=00:00 obj=system_u:object_r:efivarfs_t:s0 nametype=NORMAL cap_fp=0 cap_fi=0 cap_fe=0 cap_fver=0 cap_frootid=0
Aug 17 19:00:47 fedora audit: PROCTITLE proctitle="efibootmgr"
Aug 17 19:00:47 fedora audit[4636]: AVC avc:  denied  { search } for  pid=4636 comm="efibootmgr" name="/" dev="efivarfs" ino=8623 scontext=system_u:system_r:kernel_generic_helper_t:s0 tcontext=system_u:object_r:efivarfs_t:s0 tclass=dir permissive=1
Aug 17 19:00:47 fedora audit[4636]: SYSCALL arch=c000003e syscall=257 success=yes exit=4 a0=ffffffffffffff9c a1=55d3f8c69290 a2=0 a3=0 items=1 ppid=4631 pid=4636 auid=4294967295 uid=0 gid=0 euid=0 suid=0 fsuid=0 egid=0 sgid=0 fsgid=0 tty=(none) ses=4294967295 comm="efibootmgr" exe="/usr/bin/efibootmgr" subj=system_u:system_r:kernel_generic_helper_t:s0 key=(null)
Aug 17 19:00:47 fedora audit: CWD cwd="/"
Aug 17 19:00:47 fedora audit: PATH item=0 name="/sys/firmware/efi/efivars/Boot0001-8be4df61-93ca-11d2-aa0d-00e098032b8c" inode=8644 dev=00:20 mode=0100644 ouid=0 ogid=0 rdev=00:00 obj=system_u:object_r:efivarfs_t:s0 nametype=NORMAL cap_fp=0 cap_fi=0 cap_fe=0 cap_fver=0 cap_frootid=0
Aug 17 19:00:47 fedora audit: PROCTITLE proctitle="efibootmgr"
Aug 17 19:00:47 fedora audit[4636]: AVC avc:  denied  { search } for  pid=4636 comm="efibootmgr" name="/" dev="efivarfs" ino=8623 scontext=system_u:system_r:kernel_generic_helper_t:s0 tcontext=system_u:object_r:efivarfs_t:s0 tclass=dir permissive=1
Aug 17 19:00:47 fedora audit[4636]: SYSCALL arch=c000003e syscall=257 success=yes exit=4 a0=ffffffffffffff9c a1=55d3f8c69370 a2=0 a3=0 items=1 ppid=4631 pid=4636 auid=4294967295 uid=0 gid=0 euid=0 suid=0 fsuid=0 egid=0 sgid=0 fsgid=0 tty=(none) ses=4294967295 comm="efibootmgr" exe="/usr/bin/efibootmgr" subj=system_u:system_r:kernel_generic_helper_t:s0 key=(null)
Aug 17 19:00:47 fedora audit: CWD cwd="/"
Aug 17 19:00:47 fedora audit: PATH item=0 name="/sys/firmware/efi/efivars/Boot0002-8be4df61-93ca-11d2-aa0d-00e098032b8c" inode=8650 dev=00:20 mode=0100644 ouid=0 ogid=0 rdev=00:00 obj=system_u:object_r:efivarfs_t:s0 nametype=NORMAL cap_fp=0 cap_fi=0 cap_fe=0 cap_fver=0 cap_frootid=0
Aug 17 19:00:47 fedora audit: PROCTITLE proctitle="efibootmgr"
Aug 17 19:00:47 fedora audit[4636]: AVC avc:  denied  { search } for  pid=4636 comm="efibootmgr" name="/" dev="efivarfs" ino=8623 scontext=system_u:system_r:kernel_generic_helper_t:s0 tcontext=system_u:object_r:efivarfs_t:s0 tclass=dir permissive=1
Aug 17 19:00:47 fedora audit[4636]: SYSCALL arch=c000003e syscall=257 success=yes exit=4 a0=ffffffffffffff9c a1=55d3f8c69460 a2=0 a3=0 items=1 ppid=4631 pid=4636 auid=4294967295 uid=0 gid=0 euid=0 suid=0 fsuid=0 egid=0 sgid=0 fsgid=0 tty=(none) ses=4294967295 comm="efibootmgr" exe="/usr/bin/efibootmgr" subj=system_u:system_r:kernel_generic_helper_t:s0 key=(null)
Aug 17 19:00:47 fedora audit: CWD cwd="/"
Aug 17 19:00:47 fedora audit: PATH item=0 name="/sys/firmware/efi/efivars/Boot0003-8be4df61-93ca-11d2-aa0d-00e098032b8c" inode=8651 dev=00:20 mode=0100644 ouid=0 ogid=0 rdev=00:00 obj=system_u:object_r:efivarfs_t:s0 nametype=NORMAL cap_fp=0 cap_fi=0 cap_fe=0 cap_fver=0 cap_frootid=0
Aug 17 19:00:47 fedora audit: PROCTITLE proctitle="efibootmgr"
Aug 17 19:00:47 fedora audit[4636]: AVC avc:  denied  { search } for  pid=4636 comm="efibootmgr" name="/" dev="efivarfs" ino=8623 scontext=system_u:system_r:kernel_generic_helper_t:s0 tcontext=system_u:object_r:efivarfs_t:s0 tclass=dir permissive=1
Aug 17 19:00:47 fedora audit[4636]: SYSCALL arch=c000003e syscall=257 success=yes exit=4 a0=ffffffffffffff9c a1=55d3f8c69530 a2=0 a3=0 items=1 ppid=4631 pid=4636 auid=4294967295 uid=0 gid=0 euid=0 suid=0 fsuid=0 egid=0 sgid=0 fsgid=0 tty=(none) ses=4294967295 comm="efibootmgr" exe="/usr/bin/efibootmgr" subj=system_u:system_r:kernel_generic_helper_t:s0 key=(null)
Aug 17 19:00:47 fedora audit: CWD cwd="/"
Aug 17 19:00:47 fedora audit: PATH item=0 name="/sys/firmware/efi/efivars/Boot0004-8be4df61-93ca-11d2-aa0d-00e098032b8c" inode=8652 dev=00:20 mode=0100644 ouid=0 ogid=0 rdev=00:00 obj=system_u:object_r:efivarfs_t:s0 nametype=NORMAL cap_fp=0 cap_fi=0 cap_fe=0 cap_fver=0 cap_frootid=0
Aug 17 19:00:47 fedora audit: PROCTITLE proctitle="efibootmgr"
Aug 17 19:00:47 fedora audit[4636]: AVC avc:  denied  { search } for  pid=4636 comm="efibootmgr" name="/" dev="efivarfs" ino=8623 scontext=system_u:system_r:kernel_generic_helper_t:s0 tcontext=system_u:object_r:efivarfs_t:s0 tclass=dir permissive=1
Aug 17 19:00:47 fedora audit[4636]: SYSCALL arch=c000003e syscall=257 success=yes exit=4 a0=ffffffffffffff9c a1=55d3f8c69660 a2=0 a3=0 items=1 ppid=4631 pid=4636 auid=4294967295 uid=0 gid=0 euid=0 suid=0 fsuid=0 egid=0 sgid=0 fsgid=0 tty=(none) ses=4294967295 comm="efibootmgr" exe="/usr/bin/efibootmgr" subj=system_u:system_r:kernel_generic_helper_t:s0 key=(null)
Aug 17 19:00:47 fedora audit: CWD cwd="/"
Aug 17 19:00:47 fedora audit: PATH item=0 name="/sys/firmware/efi/efivars/Boot0005-8be4df61-93ca-11d2-aa0d-00e098032b8c" inode=8653 dev=00:20 mode=0100644 ouid=0 ogid=0 rdev=00:00 obj=system_u:object_r:efivarfs_t:s0 nametype=NORMAL cap_fp=0 cap_fi=0 cap_fe=0 cap_fver=0 cap_frootid=0
Aug 17 19:00:47 fedora audit: PROCTITLE proctitle="efibootmgr"
Aug 17 19:00:47 fedora audit[4636]: AVC avc:  denied  { search } for  pid=4636 comm="efibootmgr" name="/" dev="efivarfs" ino=8623 scontext=system_u:system_r:kernel_generic_helper_t:s0 tcontext=system_u:object_r:efivarfs_t:s0 tclass=dir permissive=1
Aug 17 19:00:47 fedora audit[4636]: SYSCALL arch=c000003e syscall=257 success=yes exit=4 a0=ffffffffffffff9c a1=55d3f8c697b0 a2=0 a3=0 items=1 ppid=4631 pid=4636 auid=4294967295 uid=0 gid=0 euid=0 suid=0 fsuid=0 egid=0 sgid=0 fsgid=0 tty=(none) ses=4294967295 comm="efibootmgr" exe="/usr/bin/efibootmgr" subj=system_u:system_r:kernel_generic_helper_t:s0 key=(null)
Aug 17 19:00:47 fedora audit: CWD cwd="/"
Aug 17 19:00:47 fedora audit: PATH item=0 name="/sys/firmware/efi/efivars/Boot0006-8be4df61-93ca-11d2-aa0d-00e098032b8c" inode=8654 dev=00:20 mode=0100644 ouid=0 ogid=0 rdev=00:00 obj=system_u:object_r:efivarfs_t:s0 nametype=NORMAL cap_fp=0 cap_fi=0 cap_fe=0 cap_fver=0 cap_frootid=0
Aug 17 19:00:47 fedora audit: PROCTITLE proctitle="efibootmgr"
Aug 17 19:00:47 fedora audit[4636]: AVC avc:  denied  { search } for  pid=4636 comm="efibootmgr" name="/" dev="efivarfs" ino=8623 scontext=system_u:system_r:kernel_generic_helper_t:s0 tcontext=system_u:object_r:efivarfs_t:s0 tclass=dir permissive=1
Aug 17 19:00:47 fedora audit[4636]: SYSCALL arch=c000003e syscall=257 success=yes exit=4 a0=ffffffffffffff9c a1=55d3f8c698e0 a2=0 a3=0 items=1 ppid=4631 pid=4636 auid=4294967295 uid=0 gid=0 euid=0 suid=0 fsuid=0 egid=0 sgid=0 fsgid=0 tty=(none) ses=4294967295 comm="efibootmgr" exe="/usr/bin/efibootmgr" subj=system_u:system_r:kernel_generic_helper_t:s0 key=(null)
Aug 17 19:00:47 fedora audit: CWD cwd="/"
Aug 17 19:00:47 fedora audit: PATH item=0 name="/sys/firmware/efi/efivars/Boot0007-8be4df61-93ca-11d2-aa0d-00e098032b8c" inode=8655 dev=00:20 mode=0100644 ouid=0 ogid=0 rdev=00:00 obj=system_u:object_r:efivarfs_t:s0 nametype=NORMAL cap_fp=0 cap_fi=0 cap_fe=0 cap_fver=0 cap_frootid=0
Aug 17 19:00:47 fedora audit: PROCTITLE proctitle="efibootmgr"
Aug 17 19:00:47 fedora audit[4636]: AVC avc:  denied  { search } for  pid=4636 comm="efibootmgr" name="/" dev="efivarfs" ino=8623 scontext=system_u:system_r:kernel_generic_helper_t:s0 tcontext=system_u:object_r:efivarfs_t:s0 tclass=dir permissive=1
Aug 17 19:00:47 fedora audit[4636]: SYSCALL arch=c000003e syscall=257 success=yes exit=4 a0=ffffffffffffff9c a1=55d3f8c69a30 a2=0 a3=0 items=1 ppid=4631 pid=4636 auid=4294967295 uid=0 gid=0 euid=0 suid=0 fsuid=0 egid=0 sgid=0 fsgid=0 tty=(none) ses=4294967295 comm="efibootmgr" exe="/usr/bin/efibootmgr" subj=system_u:system_r:kernel_generic_helper_t:s0 key=(null)
Aug 17 19:00:47 fedora audit: CWD cwd="/"
Aug 17 19:00:47 fedora audit: PATH item=0 name="/sys/firmware/efi/efivars/Boot0008-8be4df61-93ca-11d2-aa0d-00e098032b8c" inode=8657 dev=00:20 mode=0100644 ouid=0 ogid=0 rdev=00:00 obj=system_u:object_r:efivarfs_t:s0 nametype=NORMAL cap_fp=0 cap_fi=0 cap_fe=0 cap_fver=0 cap_frootid=0
Aug 17 19:00:47 fedora audit: PROCTITLE proctitle="efibootmgr"
Aug 17 19:00:47 fedora audit[4636]: AVC avc:  denied  { search } for  pid=4636 comm="efibootmgr" name="/" dev="efivarfs" ino=8623 scontext=system_u:system_r:kernel_generic_helper_t:s0 tcontext=system_u:object_r:efivarfs_t:s0 tclass=dir permissive=1
Aug 17 19:00:47 fedora audit[4636]: SYSCALL arch=c000003e syscall=257 success=no exit=-2 a0=ffffffffffffff9c a1=55d3f8c69a30 a2=0 a3=0 items=0 ppid=4631 pid=4636 auid=4294967295 uid=0 gid=0 euid=0 suid=0 fsuid=0 egid=0 sgid=0 fsgid=0 tty=(none) ses=4294967295 comm="efibootmgr" exe="/usr/bin/efibootmgr" subj=system_u:system_r:kernel_generic_helper_t:s0 key=(null)
Aug 17 19:00:47 fedora audit: PROCTITLE proctitle="efibootmgr"
Aug 17 19:00:47 fedora audit[4636]: AVC avc:  denied  { search } for  pid=4636 comm="efibootmgr" name="/" dev="efivarfs" ino=8623 scontext=system_u:system_r:kernel_generic_helper_t:s0 tcontext=system_u:object_r:efivarfs_t:s0 tclass=dir permissive=1
Aug 17 19:00:47 fedora audit[4636]: SYSCALL arch=c000003e syscall=257 success=yes exit=4 a0=ffffffffffffff9c a1=55d3f8c69c80 a2=0 a3=0 items=1 ppid=4631 pid=4636 auid=4294967295 uid=0 gid=0 euid=0 suid=0 fsuid=0 egid=0 sgid=0 fsgid=0 tty=(none) ses=4294967295 comm="efibootmgr" exe="/usr/bin/efibootmgr" subj=system_u:system_r:kernel_generic_helper_t:s0 key=(null)
Aug 17 19:00:47 fedora audit: CWD cwd="/"
Aug 17 19:00:47 fedora audit: PATH item=0 name="/sys/firmware/efi/efivars/BootCurrent-8be4df61-93ca-11d2-aa0d-00e098032b8c" inode=8632 dev=00:20 mode=0100644 ouid=0 ogid=0 rdev=00:00 obj=system_u:object_r:efivarfs_t:s0 nametype=NORMAL cap_fp=0 cap_fi=0 cap_fe=0 cap_fver=0 cap_frootid=0
Aug 17 19:00:47 fedora audit: PROCTITLE proctitle="efibootmgr"
Aug 17 19:00:47 fedora audit[4636]: AVC avc:  denied  { search } for  pid=4636 comm="efibootmgr" name="/" dev="efivarfs" ino=8623 scontext=system_u:system_r:kernel_generic_helper_t:s0 tcontext=system_u:object_r:efivarfs_t:s0 tclass=dir permissive=1
Aug 17 19:00:47 fedora audit[4636]: SYSCALL arch=c000003e syscall=257 success=yes exit=4 a0=ffffffffffffff9c a1=55d3f8c69a30 a2=0 a3=0 items=1 ppid=4631 pid=4636 auid=4294967295 uid=0 gid=0 euid=0 suid=0 fsuid=0 egid=0 sgid=0 fsgid=0 tty=(none) ses=4294967295 comm="efibootmgr" exe="/usr/bin/efibootmgr" subj=system_u:system_r:kernel_generic_helper_t:s0 key=(null)
Aug 17 19:00:47 fedora audit: CWD cwd="/"
Aug 17 19:00:47 fedora audit: PATH item=0 name="/sys/firmware/efi/efivars/Timeout-8be4df61-93ca-11d2-aa0d-00e098032b8c" inode=8640 dev=00:20 mode=0100644 ouid=0 ogid=0 rdev=00:00 obj=system_u:object_r:efivarfs_t:s0 nametype=NORMAL cap_fp=0 cap_fi=0 cap_fe=0 cap_fver=0 cap_frootid=0
Aug 17 19:00:47 fedora audit: PROCTITLE proctitle="efibootmgr"
Aug 17 19:00:47 fedora audit[4636]: AVC avc:  denied  { search } for  pid=4636 comm="efibootmgr" name="/" dev="efivarfs" ino=8623 scontext=system_u:system_r:kernel_generic_helper_t:s0 tcontext=system_u:object_r:efivarfs_t:s0 tclass=dir permissive=1
Aug 17 19:00:47 fedora audit[4636]: SYSCALL arch=c000003e syscall=257 success=yes exit=4 a0=ffffffffffffff9c a1=55d3f8c69be0 a2=0 a3=0 items=1 ppid=4631 pid=4636 auid=4294967295 uid=0 gid=0 euid=0 suid=0 fsuid=0 egid=0 sgid=0 fsgid=0 tty=(none) ses=4294967295 comm="efibootmgr" exe="/usr/bin/efibootmgr" subj=system_u:system_r:kernel_generic_helper_t:s0 key=(null)
Aug 17 19:00:47 fedora audit: CWD cwd="/"
Aug 17 19:00:47 fedora audit: PATH item=0 name="/sys/firmware/efi/efivars/BootOrder-8be4df61-93ca-11d2-aa0d-00e098032b8c" inode=8656 dev=00:20 mode=0100644 ouid=0 ogid=0 rdev=00:00 obj=system_u:object_r:efivarfs_t:s0 nametype=NORMAL cap_fp=0 cap_fi=0 cap_fe=0 cap_fver=0 cap_frootid=0
Aug 17 19:00:47 fedora audit: PROCTITLE proctitle="efibootmgr"
Aug 17 19:00:47 fedora audit[4636]: AVC avc:  denied  { search } for  pid=4636 comm="efibootmgr" name="/" dev="efivarfs" ino=8623 scontext=system_u:system_r:kernel_generic_helper_t:s0 tcontext=system_u:object_r:efivarfs_t:s0 tclass=dir permissive=1
Aug 17 19:00:47 fedora audit[4636]: SYSCALL arch=c000003e syscall=257 success=no exit=-2 a0=ffffffffffffff9c a1=55d3f8c69be0 a2=0 a3=0 items=0 ppid=4631 pid=4636 auid=4294967295 uid=0 gid=0 euid=0 suid=0 fsuid=0 egid=0 sgid=0 fsgid=0 tty=(none) ses=4294967295 comm="efibootmgr" exe="/usr/bin/efibootmgr" subj=system_u:system_r:kernel_generic_helper_t:s0 key=(null)
Aug 17 19:00:47 fedora audit: PROCTITLE proctitle="efibootmgr"
Aug 17 19:00:47 fedora audit[4636]: AVC avc:  denied  { search } for  pid=4636 comm="efibootmgr" name="/" dev="efivarfs" ino=8623 scontext=system_u:system_r:kernel_generic_helper_t:s0 tcontext=system_u:object_r:efivarfs_t:s0 tclass=dir permissive=1
Aug 17 19:00:47 fedora audit[4636]: SYSCALL arch=c000003e syscall=257 success=no exit=-2 a0=ffffffffffffff9c a1=55d3f8c69be0 a2=0 a3=0 items=0 ppid=4631 pid=4636 auid=4294967295 uid=0 gid=0 euid=0 suid=0 fsuid=0 egid=0 sgid=0 fsgid=0 tty=(none) ses=4294967295 comm="efibootmgr" exe="/usr/bin/efibootmgr" subj=system_u:system_r:kernel_generic_helper_t:s0 key=(null)
Aug 17 19:00:47 fedora audit: PROCTITLE proctitle="efibootmgr"
Aug 17 19:00:47 fedora audit[4637]: AVC avc:  denied  { search } for  pid=4637 comm="efibootmgr" name="/" dev="efivarfs" ino=8623 scontext=system_u:system_r:kernel_generic_helper_t:s0 tcontext=system_u:object_r:efivarfs_t:s0 tclass=dir permissive=1
Aug 17 19:00:47 fedora audit[4637]: SYSCALL arch=c000003e syscall=257 success=yes exit=4 a0=ffffffffffffff9c a1=5579611771b0 a2=0 a3=0 items=1 ppid=4631 pid=4637 auid=4294967295 uid=0 gid=0 euid=0 suid=0 fsuid=0 egid=0 sgid=0 fsgid=0 tty=(none) ses=4294967295 comm="efibootmgr" exe="/usr/bin/efibootmgr" subj=system_u:system_r:kernel_generic_helper_t:s0 key=(null)
Aug 17 19:00:47 fedora audit: CWD cwd="/"
Aug 17 19:00:47 fedora audit: PATH item=0 name="/sys/firmware/efi/efivars/Boot0000-8be4df61-93ca-11d2-aa0d-00e098032b8c" inode=8639 dev=00:20 mode=0100644 ouid=0 ogid=0 rdev=00:00 obj=system_u:object_r:efivarfs_t:s0 nametype=NORMAL cap_fp=0 cap_fi=0 cap_fe=0 cap_fver=0 cap_frootid=0
Aug 17 19:00:47 fedora audit: PROCTITLE proctitle=656669626F6F746D6772002D2D637265617465002D2D6469736B002F6465762F766461002D2D706172740031002D2D6C6F61646572005C4546495C6665646F72615C7368696D7836342E656669002D2D6C6162656C004665646F7261
Aug 17 19:00:47 fedora audit[4637]: AVC avc:  denied  { search } for  pid=4637 comm="efibootmgr" name="/" dev="efivarfs" ino=8623 scontext=system_u:system_r:kernel_generic_helper_t:s0 tcontext=system_u:object_r:efivarfs_t:s0 tclass=dir permissive=1
Aug 17 19:00:47 fedora audit[4637]: SYSCALL arch=c000003e syscall=257 success=yes exit=4 a0=ffffffffffffff9c a1=557961177290 a2=0 a3=0 items=1 ppid=4631 pid=4637 auid=4294967295 uid=0 gid=0 euid=0 suid=0 fsuid=0 egid=0 sgid=0 fsgid=0 tty=(none) ses=4294967295 comm="efibootmgr" exe="/usr/bin/efibootmgr" subj=system_u:system_r:kernel_generic_helper_t:s0 key=(null)
Aug 17 19:00:47 fedora audit: CWD cwd="/"
Aug 17 19:00:47 fedora audit: PATH item=0 name="/sys/firmware/efi/efivars/Boot0001-8be4df61-93ca-11d2-aa0d-00e098032b8c" inode=8644 dev=00:20 mode=0100644 ouid=0 ogid=0 rdev=00:00 obj=system_u:object_r:efivarfs_t:s0 nametype=NORMAL cap_fp=0 cap_fi=0 cap_fe=0 cap_fver=0 cap_frootid=0
Aug 17 19:00:47 fedora audit: PROCTITLE proctitle=656669626F6F746D6772002D2D637265617465002D2D6469736B002F6465762F766461002D2D706172740031002D2D6C6F61646572005C4546495C6665646F72615C7368696D7836342E656669002D2D6C6162656C004665646F7261
Aug 17 19:00:47 fedora audit[4637]: AVC avc:  denied  { search } for  pid=4637 comm="efibootmgr" name="/" dev="efivarfs" ino=8623 scontext=system_u:system_r:kernel_generic_helper_t:s0 tcontext=system_u:object_r:efivarfs_t:s0 tclass=dir permissive=1
Aug 17 19:00:47 fedora audit[4637]: SYSCALL arch=c000003e syscall=257 success=yes exit=4 a0=ffffffffffffff9c a1=557961177370 a2=0 a3=0 items=1 ppid=4631 pid=4637 auid=4294967295 uid=0 gid=0 euid=0 suid=0 fsuid=0 egid=0 sgid=0 fsgid=0 tty=(none) ses=4294967295 comm="efibootmgr" exe="/usr/bin/efibootmgr" subj=system_u:system_r:kernel_generic_helper_t:s0 key=(null)
Aug 17 19:00:47 fedora audit: CWD cwd="/"
Aug 17 19:00:47 fedora audit: PATH item=0 name="/sys/firmware/efi/efivars/Boot0002-8be4df61-93ca-11d2-aa0d-00e098032b8c" inode=8650 dev=00:20 mode=0100644 ouid=0 ogid=0 rdev=00:00 obj=system_u:object_r:efivarfs_t:s0 nametype=NORMAL cap_fp=0 cap_fi=0 cap_fe=0 cap_fver=0 cap_frootid=0
Aug 17 19:00:47 fedora audit: PROCTITLE proctitle=656669626F6F746D6772002D2D637265617465002D2D6469736B002F6465762F766461002D2D706172740031002D2D6C6F61646572005C4546495C6665646F72615C7368696D7836342E656669002D2D6C6162656C004665646F7261
Aug 17 19:00:47 fedora audit[4637]: AVC avc:  denied  { search } for  pid=4637 comm="efibootmgr" name="/" dev="efivarfs" ino=8623 scontext=system_u:system_r:kernel_generic_helper_t:s0 tcontext=system_u:object_r:efivarfs_t:s0 tclass=dir permissive=1
Aug 17 19:00:47 fedora audit[4637]: SYSCALL arch=c000003e syscall=257 success=yes exit=4 a0=ffffffffffffff9c a1=557961177460 a2=0 a3=0 items=1 ppid=4631 pid=4637 auid=4294967295 uid=0 gid=0 euid=0 suid=0 fsuid=0 egid=0 sgid=0 fsgid=0 tty=(none) ses=4294967295 comm="efibootmgr" exe="/usr/bin/efibootmgr" subj=system_u:system_r:kernel_generic_helper_t:s0 key=(null)
Aug 17 19:00:47 fedora audit: CWD cwd="/"
Aug 17 19:00:47 fedora audit: PATH item=0 name="/sys/firmware/efi/efivars/Boot0003-8be4df61-93ca-11d2-aa0d-00e098032b8c" inode=8651 dev=00:20 mode=0100644 ouid=0 ogid=0 rdev=00:00 obj=system_u:object_r:efivarfs_t:s0 nametype=NORMAL cap_fp=0 cap_fi=0 cap_fe=0 cap_fver=0 cap_frootid=0
Aug 17 19:00:47 fedora audit: PROCTITLE proctitle=656669626F6F746D6772002D2D637265617465002D2D6469736B002F6465762F766461002D2D706172740031002D2D6C6F61646572005C4546495C6665646F72615C7368696D7836342E656669002D2D6C6162656C004665646F7261
Aug 17 19:00:47 fedora audit[4637]: AVC avc:  denied  { search } for  pid=4637 comm="efibootmgr" name="/" dev="efivarfs" ino=8623 scontext=system_u:system_r:kernel_generic_helper_t:s0 tcontext=system_u:object_r:efivarfs_t:s0 tclass=dir permissive=1
Aug 17 19:00:47 fedora audit[4637]: SYSCALL arch=c000003e syscall=257 success=yes exit=4 a0=ffffffffffffff9c a1=557961177530 a2=0 a3=0 items=1 ppid=4631 pid=4637 auid=4294967295 uid=0 gid=0 euid=0 suid=0 fsuid=0 egid=0 sgid=0 fsgid=0 tty=(none) ses=4294967295 comm="efibootmgr" exe="/usr/bin/efibootmgr" subj=system_u:system_r:kernel_generic_helper_t:s0 key=(null)
Aug 17 19:00:47 fedora audit: CWD cwd="/"
Aug 17 19:00:47 fedora audit: PATH item=0 name="/sys/firmware/efi/efivars/Boot0004-8be4df61-93ca-11d2-aa0d-00e098032b8c" inode=8652 dev=00:20 mode=0100644 ouid=0 ogid=0 rdev=00:00 obj=system_u:object_r:efivarfs_t:s0 nametype=NORMAL cap_fp=0 cap_fi=0 cap_fe=0 cap_fver=0 cap_frootid=0
Aug 17 19:00:47 fedora audit: PROCTITLE proctitle=656669626F6F746D6772002D2D637265617465002D2D6469736B002F6465762F766461002D2D706172740031002D2D6C6F61646572005C4546495C6665646F72615C7368696D7836342E656669002D2D6C6162656C004665646F7261
Aug 17 19:00:47 fedora audit[4637]: AVC avc:  denied  { search } for  pid=4637 comm="efibootmgr" name="/" dev="efivarfs" ino=8623 scontext=system_u:system_r:kernel_generic_helper_t:s0 tcontext=system_u:object_r:efivarfs_t:s0 tclass=dir permissive=1
Aug 17 19:00:47 fedora audit[4637]: SYSCALL arch=c000003e syscall=257 success=yes exit=4 a0=ffffffffffffff9c a1=557961177660 a2=0 a3=0 items=1 ppid=4631 pid=4637 auid=4294967295 uid=0 gid=0 euid=0 suid=0 fsuid=0 egid=0 sgid=0 fsgid=0 tty=(none) ses=4294967295 comm="efibootmgr" exe="/usr/bin/efibootmgr" subj=system_u:system_r:kernel_generic_helper_t:s0 key=(null)
Aug 17 19:00:47 fedora audit: CWD cwd="/"
Aug 17 19:00:47 fedora audit: PATH item=0 name="/sys/firmware/efi/efivars/Boot0005-8be4df61-93ca-11d2-aa0d-00e098032b8c" inode=8653 dev=00:20 mode=0100644 ouid=0 ogid=0 rdev=00:00 obj=system_u:object_r:efivarfs_t:s0 nametype=NORMAL cap_fp=0 cap_fi=0 cap_fe=0 cap_fver=0 cap_frootid=0
Aug 17 19:00:47 fedora audit: PROCTITLE proctitle=656669626F6F746D6772002D2D637265617465002D2D6469736B002F6465762F766461002D2D706172740031002D2D6C6F61646572005C4546495C6665646F72615C7368696D7836342E656669002D2D6C6162656C004665646F7261
Aug 17 19:00:47 fedora audit[4637]: AVC avc:  denied  { search } for  pid=4637 comm="efibootmgr" name="/" dev="efivarfs" ino=8623 scontext=system_u:system_r:kernel_generic_helper_t:s0 tcontext=system_u:object_r:efivarfs_t:s0 tclass=dir permissive=1
Aug 17 19:00:47 fedora audit[4637]: SYSCALL arch=c000003e syscall=257 success=yes exit=4 a0=ffffffffffffff9c a1=5579611777b0 a2=0 a3=0 items=1 ppid=4631 pid=4637 auid=4294967295 uid=0 gid=0 euid=0 suid=0 fsuid=0 egid=0 sgid=0 fsgid=0 tty=(none) ses=4294967295 comm="efibootmgr" exe="/usr/bin/efibootmgr" subj=system_u:system_r:kernel_generic_helper_t:s0 key=(null)
Aug 17 19:00:47 fedora audit: CWD cwd="/"
Aug 17 19:00:47 fedora audit: PATH item=0 name="/sys/firmware/efi/efivars/Boot0006-8be4df61-93ca-11d2-aa0d-00e098032b8c" inode=8654 dev=00:20 mode=0100644 ouid=0 ogid=0 rdev=00:00 obj=system_u:object_r:efivarfs_t:s0 nametype=NORMAL cap_fp=0 cap_fi=0 cap_fe=0 cap_fver=0 cap_frootid=0
Aug 17 19:00:47 fedora audit: PROCTITLE proctitle=656669626F6F746D6772002D2D637265617465002D2D6469736B002F6465762F766461002D2D706172740031002D2D6C6F61646572005C4546495C6665646F72615C7368696D7836342E656669002D2D6C6162656C004665646F7261
Aug 17 19:00:47 fedora audit[4637]: AVC avc:  denied  { search } for  pid=4637 comm="efibootmgr" name="/" dev="efivarfs" ino=8623 scontext=system_u:system_r:kernel_generic_helper_t:s0 tcontext=system_u:object_r:efivarfs_t:s0 tclass=dir permissive=1
Aug 17 19:00:47 fedora audit[4637]: SYSCALL arch=c000003e syscall=257 success=yes exit=4 a0=ffffffffffffff9c a1=5579611778e0 a2=0 a3=0 items=1 ppid=4631 pid=4637 auid=4294967295 uid=0 gid=0 euid=0 suid=0 fsuid=0 egid=0 sgid=0 fsgid=0 tty=(none) ses=4294967295 comm="efibootmgr" exe="/usr/bin/efibootmgr" subj=system_u:system_r:kernel_generic_helper_t:s0 key=(null)
Aug 17 19:00:47 fedora audit: CWD cwd="/"
Aug 17 19:00:47 fedora audit: PATH item=0 name="/sys/firmware/efi/efivars/Boot0007-8be4df61-93ca-11d2-aa0d-00e098032b8c" inode=8655 dev=00:20 mode=0100644 ouid=0 ogid=0 rdev=00:00 obj=system_u:object_r:efivarfs_t:s0 nametype=NORMAL cap_fp=0 cap_fi=0 cap_fe=0 cap_fver=0 cap_frootid=0
Aug 17 19:00:47 fedora audit: PROCTITLE proctitle=656669626F6F746D6772002D2D637265617465002D2D6469736B002F6465762F766461002D2D706172740031002D2D6C6F61646572005C4546495C6665646F72615C7368696D7836342E656669002D2D6C6162656C004665646F7261
Aug 17 19:00:47 fedora audit[4637]: AVC avc:  denied  { search } for  pid=4637 comm="efibootmgr" name="/" dev="efivarfs" ino=8623 scontext=system_u:system_r:kernel_generic_helper_t:s0 tcontext=system_u:object_r:efivarfs_t:s0 tclass=dir permissive=1
Aug 17 19:00:47 fedora audit[4637]: SYSCALL arch=c000003e syscall=257 success=yes exit=4 a0=ffffffffffffff9c a1=557961177a30 a2=0 a3=0 items=1 ppid=4631 pid=4637 auid=4294967295 uid=0 gid=0 euid=0 suid=0 fsuid=0 egid=0 sgid=0 fsgid=0 tty=(none) ses=4294967295 comm="efibootmgr" exe="/usr/bin/efibootmgr" subj=system_u:system_r:kernel_generic_helper_t:s0 key=(null)
Aug 17 19:00:47 fedora audit: CWD cwd="/"
Aug 17 19:00:47 fedora audit: PATH item=0 name="/sys/firmware/efi/efivars/Boot0008-8be4df61-93ca-11d2-aa0d-00e098032b8c" inode=8657 dev=00:20 mode=0100644 ouid=0 ogid=0 rdev=00:00 obj=system_u:object_r:efivarfs_t:s0 nametype=NORMAL cap_fp=0 cap_fi=0 cap_fe=0 cap_fver=0 cap_frootid=0
Aug 17 19:00:47 fedora audit: PROCTITLE proctitle=656669626F6F746D6772002D2D637265617465002D2D6469736B002F6465762F766461002D2D706172740031002D2D6C6F61646572005C4546495C6665646F72615C7368696D7836342E656669002D2D6C6162656C004665646F7261
Aug 17 19:00:47 fedora audit[4637]: AVC avc:  denied  { read } for  pid=4637 comm="efibootmgr" name="vda" dev="devtmpfs" ino=135 scontext=system_u:system_r:kernel_generic_helper_t:s0 tcontext=system_u:object_r:fixed_disk_device_t:s0 tclass=blk_file permissive=1
Aug 17 19:00:47 fedora audit[4637]: AVC avc:  denied  { open } for  pid=4637 comm="efibootmgr" path="/dev/vda" dev="devtmpfs" ino=135 scontext=system_u:system_r:kernel_generic_helper_t:s0 tcontext=system_u:object_r:fixed_disk_device_t:s0 tclass=blk_file permissive=1
Aug 17 19:00:47 fedora audit[4637]: SYSCALL arch=c000003e syscall=257 success=yes exit=4 a0=ffffffffffffff9c a1=7fff4e8c2d5f a2=0 a3=0 items=0 ppid=4631 pid=4637 auid=4294967295 uid=0 gid=0 euid=0 suid=0 fsuid=0 egid=0 sgid=0 fsgid=0 tty=(none) ses=4294967295 comm="efibootmgr" exe="/usr/bin/efibootmgr" subj=system_u:system_r:kernel_generic_helper_t:s0 key=(null)
Aug 17 19:00:47 fedora audit: PROCTITLE proctitle=656669626F6F746D6772002D2D637265617465002D2D6469736B002F6465762F766461002D2D706172740031002D2D6C6F61646572005C4546495C6665646F72615C7368696D7836342E656669002D2D6C6162656C004665646F7261
Aug 17 19:00:47 fedora audit[4637]: AVC avc:  denied  { ioctl } for  pid=4637 comm="efibootmgr" path="/dev/vda" dev="devtmpfs" ino=135 ioctlcmd=0x1268 scontext=system_u:system_r:kernel_generic_helper_t:s0 tcontext=system_u:object_r:fixed_disk_device_t:s0 tclass=blk_file permissive=1
Aug 17 19:00:47 fedora audit[4637]: SYSCALL arch=c000003e syscall=16 success=yes exit=0 a0=5 a1=1268 a2=7fff4e8c2354 a3=0 items=0 ppid=4631 pid=4637 auid=4294967295 uid=0 gid=0 euid=0 suid=0 fsuid=0 egid=0 sgid=0 fsgid=0 tty=(none) ses=4294967295 comm="efibootmgr" exe="/usr/bin/efibootmgr" subj=system_u:system_r:kernel_generic_helper_t:s0 key=(null)
Aug 17 19:00:47 fedora audit: PROCTITLE proctitle=656669626F6F746D6772002D2D637265617465002D2D6469736B002F6465762F766461002D2D706172740031002D2D6C6F61646572005C4546495C6665646F72615C7368696D7836342E656669002D2D6C6162656C004665646F7261
Aug 17 19:00:47 fedora audit[4637]: AVC avc:  denied  { search } for  pid=4637 comm="efibootmgr" name="/" dev="efivarfs" ino=8623 scontext=system_u:system_r:kernel_generic_helper_t:s0 tcontext=system_u:object_r:efivarfs_t:s0 tclass=dir permissive=1
Aug 17 19:00:47 fedora audit[4637]: SYSCALL arch=c000003e syscall=257 success=no exit=-2 a0=ffffffffffffff9c a1=55796117a620 a2=0 a3=0 items=0 ppid=4631 pid=4637 auid=4294967295 uid=0 gid=0 euid=0 suid=0 fsuid=0 egid=0 sgid=0 fsgid=0 tty=(none) ses=4294967295 comm="efibootmgr" exe="/usr/bin/efibootmgr" subj=system_u:system_r:kernel_generic_helper_t:s0 key=(null)
Aug 17 19:00:47 fedora audit: PROCTITLE proctitle=656669626F6F746D6772002D2D637265617465002D2D6469736B002F6465762F766461002D2D706172740031002D2D6C6F61646572005C4546495C6665646F72615C7368696D7836342E656669002D2D6C6162656C004665646F7261
Aug 17 19:00:47 fedora audit[4637]: AVC avc:  denied  { search } for  pid=4637 comm="efibootmgr" name="/" dev="efivarfs" ino=8623 scontext=system_u:system_r:kernel_generic_helper_t:s0 tcontext=system_u:object_r:efivarfs_t:s0 tclass=dir permissive=1
Aug 17 19:00:47 fedora audit[4637]: AVC avc:  denied  { write search } for  pid=4637 comm="efibootmgr" name="/" dev="efivarfs" ino=8623 scontext=system_u:system_r:kernel_generic_helper_t:s0 tcontext=system_u:object_r:efivarfs_t:s0 tclass=dir permissive=1
Aug 17 19:00:47 fedora audit[4637]: AVC avc:  denied  { add_name search } for  pid=4637 comm="efibootmgr" name="Boot0009-8be4df61-93ca-11d2-aa0d-00e098032b8c" scontext=system_u:system_r:kernel_generic_helper_t:s0 tcontext=system_u:object_r:efivarfs_t:s0 tclass=dir permissive=1
Aug 17 19:00:47 fedora audit[4637]: AVC avc:  denied  { create } for  pid=4637 comm="efibootmgr" name="Boot0009-8be4df61-93ca-11d2-aa0d-00e098032b8c" scontext=system_u:system_r:kernel_generic_helper_t:s0 tcontext=system_u:object_r:efivarfs_t:s0 tclass=file permissive=1
Aug 17 19:00:47 fedora audit[4637]: AVC avc:  denied  { write } for  pid=4637 comm="efibootmgr" path="/sys/firmware/efi/efivars/Boot0009-8be4df61-93ca-11d2-aa0d-00e098032b8c" dev="efivarfs" ino=29904 scontext=system_u:system_r:kernel_generic_helper_t:s0 tcontext=system_u:object_r:efivarfs_t:s0 tclass=file permissive=1
Aug 17 19:00:47 fedora audit[4637]: SYSCALL arch=c000003e syscall=257 success=yes exit=4 a0=ffffffffffffff9c a1=55796117a620 a2=c1 a3=1a4 items=2 ppid=4631 pid=4637 auid=4294967295 uid=0 gid=0 euid=0 suid=0 fsuid=0 egid=0 sgid=0 fsgid=0 tty=(none) ses=4294967295 comm="efibootmgr" exe="/usr/bin/efibootmgr" subj=system_u:system_r:kernel_generic_helper_t:s0 key=(null)
Aug 17 19:00:47 fedora audit: CWD cwd="/"
Aug 17 19:00:47 fedora audit: PATH item=0 name="/sys/firmware/efi/efivars/" inode=8623 dev=00:20 mode=040755 ouid=0 ogid=0 rdev=00:00 obj=system_u:object_r:efivarfs_t:s0 nametype=PARENT cap_fp=0 cap_fi=0 cap_fe=0 cap_fver=0 cap_frootid=0
Aug 17 19:00:47 fedora audit: PATH item=1 name="/sys/firmware/efi/efivars/Boot0009-8be4df61-93ca-11d2-aa0d-00e098032b8c" inode=29904 dev=00:20 mode=0100644 ouid=0 ogid=0 rdev=00:00 obj=system_u:object_r:efivarfs_t:s0 nametype=CREATE cap_fp=0 cap_fi=0 cap_fe=0 cap_fver=0 cap_frootid=0
Aug 17 19:00:47 fedora audit: PROCTITLE proctitle=656669626F6F746D6772002D2D637265617465002D2D6469736B002F6465762F766461002D2D706172740031002D2D6C6F61646572005C4546495C6665646F72615C7368696D7836342E656669002D2D6C6162656C004665646F7261
Aug 17 19:00:47 fedora audit[4637]: AVC avc:  denied  { getattr } for  pid=4637 comm="efibootmgr" path="/sys/firmware/efi/efivars/Boot0009-8be4df61-93ca-11d2-aa0d-00e098032b8c" dev="efivarfs" ino=29904 scontext=system_u:system_r:kernel_generic_helper_t:s0 tcontext=system_u:object_r:efivarfs_t:s0 tclass=file permissive=1
Aug 17 19:00:47 fedora audit[4637]: SYSCALL arch=c000003e syscall=16 success=yes exit=0 a0=4 a1=80086601 a2=7fff4e8c2568 a3=1a4 items=0 ppid=4631 pid=4637 auid=4294967295 uid=0 gid=0 euid=0 suid=0 fsuid=0 egid=0 sgid=0 fsgid=0 tty=(none) ses=4294967295 comm="efibootmgr" exe="/usr/bin/efibootmgr" subj=system_u:system_r:kernel_generic_helper_t:s0 key=(null)
Aug 17 19:00:47 fedora audit: PROCTITLE proctitle=656669626F6F746D6772002D2D637265617465002D2D6469736B002F6465762F766461002D2D706172740031002D2D6C6F61646572005C4546495C6665646F72615C7368696D7836342E656669002D2D6C6162656C004665646F7261
Aug 17 19:00:47 fedora audit[4637]: AVC avc:  denied  { search } for  pid=4637 comm="efibootmgr" name="/" dev="efivarfs" ino=8623 scontext=system_u:system_r:kernel_generic_helper_t:s0 tcontext=system_u:object_r:efivarfs_t:s0 tclass=dir permissive=1
Aug 17 19:00:47 fedora audit[4637]: SYSCALL arch=c000003e syscall=257 success=no exit=-2 a0=ffffffffffffff9c a1=55796117a670 a2=0 a3=0 items=0 ppid=4631 pid=4637 auid=4294967295 uid=0 gid=0 euid=0 suid=0 fsuid=0 egid=0 sgid=0 fsgid=0 tty=(none) ses=4294967295 comm="efibootmgr" exe="/usr/bin/efibootmgr" subj=system_u:system_r:kernel_generic_helper_t:s0 key=(null)
Aug 17 19:00:47 fedora audit: PROCTITLE proctitle=656669626F6F746D6772002D2D637265617465002D2D6469736B002F6465762F766461002D2D706172740031002D2D6C6F61646572005C4546495C6665646F72615C7368696D7836342E656669002D2D6C6162656C004665646F7261
Aug 17 19:00:47 fedora audit[4637]: AVC avc:  denied  { search } for  pid=4637 comm="efibootmgr" name="/" dev="efivarfs" ino=8623 scontext=system_u:system_r:kernel_generic_helper_t:s0 tcontext=system_u:object_r:efivarfs_t:s0 tclass=dir permissive=1
Aug 17 19:00:47 fedora audit[4637]: SYSCALL arch=c000003e syscall=257 success=yes exit=4 a0=ffffffffffffff9c a1=55796117ef30 a2=0 a3=0 items=1 ppid=4631 pid=4637 auid=4294967295 uid=0 gid=0 euid=0 suid=0 fsuid=0 egid=0 sgid=0 fsgid=0 tty=(none) ses=4294967295 comm="efibootmgr" exe="/usr/bin/efibootmgr" subj=system_u:system_r:kernel_generic_helper_t:s0 key=(null)
Aug 17 19:00:47 fedora audit: CWD cwd="/"
Aug 17 19:00:47 fedora audit: PATH item=0 name="/sys/firmware/efi/efivars/BootOrder-8be4df61-93ca-11d2-aa0d-00e098032b8c" inode=8656 dev=00:20 mode=0100644 ouid=0 ogid=0 rdev=00:00 obj=system_u:object_r:efivarfs_t:s0 nametype=NORMAL cap_fp=0 cap_fi=0 cap_fe=0 cap_fver=0 cap_frootid=0
Aug 17 19:00:47 fedora audit: PROCTITLE proctitle=656669626F6F746D6772002D2D637265617465002D2D6469736B002F6465762F766461002D2D706172740031002D2D6C6F61646572005C4546495C6665646F72615C7368696D7836342E656669002D2D6C6162656C004665646F7261
Aug 17 19:00:47 fedora audit[4637]: AVC avc:  denied  { search } for  pid=4637 comm="efibootmgr" name="/" dev="efivarfs" ino=8623 scontext=system_u:system_r:kernel_generic_helper_t:s0 tcontext=system_u:object_r:efivarfs_t:s0 tclass=dir permissive=1
Aug 17 19:00:47 fedora audit[4637]: SYSCALL arch=c000003e syscall=257 success=yes exit=4 a0=ffffffffffffff9c a1=55796117ef30 a2=0 a3=0 items=1 ppid=4631 pid=4637 auid=4294967295 uid=0 gid=0 euid=0 suid=0 fsuid=0 egid=0 sgid=0 fsgid=0 tty=(none) ses=4294967295 comm="efibootmgr" exe="/usr/bin/efibootmgr" subj=system_u:system_r:kernel_generic_helper_t:s0 key=(null)
Aug 17 19:00:47 fedora audit: CWD cwd="/"
Aug 17 19:00:47 fedora audit: PATH item=0 name="/sys/firmware/efi/efivars/BootOrder-8be4df61-93ca-11d2-aa0d-00e098032b8c" inode=8656 dev=00:20 mode=0100644 ouid=0 ogid=0 rdev=00:00 obj=system_u:object_r:efivarfs_t:s0 nametype=NORMAL cap_fp=0 cap_fi=0 cap_fe=0 cap_fver=0 cap_frootid=0
Aug 17 19:00:47 fedora audit: PROCTITLE proctitle=656669626F6F746D6772002D2D637265617465002D2D6469736B002F6465762F766461002D2D706172740031002D2D6C6F61646572005C4546495C6665646F72615C7368696D7836342E656669002D2D6C6162656C004665646F7261
Aug 17 19:00:47 fedora audit[4637]: AVC avc:  denied  { search } for  pid=4637 comm="efibootmgr" name="/" dev="efivarfs" ino=8623 scontext=system_u:system_r:kernel_generic_helper_t:s0 tcontext=system_u:object_r:efivarfs_t:s0 tclass=dir permissive=1
Aug 17 19:00:47 fedora audit[4637]: SYSCALL arch=c000003e syscall=257 success=yes exit=5 a0=ffffffffffffff9c a1=55796117ef30 a2=1 a3=0 items=1 ppid=4631 pid=4637 auid=4294967295 uid=0 gid=0 euid=0 suid=0 fsuid=0 egid=0 sgid=0 fsgid=0 tty=(none) ses=4294967295 comm="efibootmgr" exe="/usr/bin/efibootmgr" subj=system_u:system_r:kernel_generic_helper_t:s0 key=(null)
Aug 17 19:00:47 fedora audit: CWD cwd="/"
Aug 17 19:00:47 fedora audit: PATH item=0 name="/sys/firmware/efi/efivars/BootOrder-8be4df61-93ca-11d2-aa0d-00e098032b8c" inode=8656 dev=00:20 mode=0100644 ouid=0 ogid=0 rdev=00:00 obj=system_u:object_r:efivarfs_t:s0 nametype=NORMAL cap_fp=0 cap_fi=0 cap_fe=0 cap_fver=0 cap_frootid=0
Aug 17 19:00:47 fedora audit: PROCTITLE proctitle=656669626F6F746D6772002D2D637265617465002D2D6469736B002F6465762F766461002D2D706172740031002D2D6C6F61646572005C4546495C6665646F72615C7368696D7836342E656669002D2D6C6162656C004665646F7261
Aug 17 19:00:47 fedora audit[4637]: AVC avc:  denied  { search } for  pid=4637 comm="efibootmgr" name="/" dev="efivarfs" ino=8623 scontext=system_u:system_r:kernel_generic_helper_t:s0 tcontext=system_u:object_r:efivarfs_t:s0 tclass=dir permissive=1
Aug 17 19:00:47 fedora audit[4637]: SYSCALL arch=c000003e syscall=257 success=no exit=-2 a0=ffffffffffffff9c a1=55796117a670 a2=0 a3=0 items=0 ppid=4631 pid=4637 auid=4294967295 uid=0 gid=0 euid=0 suid=0 fsuid=0 egid=0 sgid=0 fsgid=0 tty=(none) ses=4294967295 comm="efibootmgr" exe="/usr/bin/efibootmgr" subj=system_u:system_r:kernel_generic_helper_t:s0 key=(null)
Aug 17 19:00:47 fedora audit: PROCTITLE proctitle=656669626F6F746D6772002D2D637265617465002D2D6469736B002F6465762F766461002D2D706172740031002D2D6C6F61646572005C4546495C6665646F72615C7368696D7836342E656669002D2D6C6162656C004665646F7261
Aug 17 19:00:47 fedora audit[4637]: AVC avc:  denied  { search } for  pid=4637 comm="efibootmgr" name="/" dev="efivarfs" ino=8623 scontext=system_u:system_r:kernel_generic_helper_t:s0 tcontext=system_u:object_r:efivarfs_t:s0 tclass=dir permissive=1
Aug 17 19:00:47 fedora audit[4637]: SYSCALL arch=c000003e syscall=257 success=no exit=-2 a0=ffffffffffffff9c a1=55796117a6d0 a2=0 a3=0 items=0 ppid=4631 pid=4637 auid=4294967295 uid=0 gid=0 euid=0 suid=0 fsuid=0 egid=0 sgid=0 fsgid=0 tty=(none) ses=4294967295 comm="efibootmgr" exe="/usr/bin/efibootmgr" subj=system_u:system_r:kernel_generic_helper_t:s0 key=(null)
Aug 17 19:00:47 fedora audit: PROCTITLE proctitle=656669626F6F746D6772002D2D637265617465002D2D6469736B002F6465762F766461002D2D706172740031002D2D6C6F61646572005C4546495C6665646F72615C7368696D7836342E656669002D2D6C6162656C004665646F7261
Aug 17 19:00:47 fedora audit[4637]: AVC avc:  denied  { search } for  pid=4637 comm="efibootmgr" name="/" dev="efivarfs" ino=8623 scontext=system_u:system_r:kernel_generic_helper_t:s0 tcontext=system_u:object_r:efivarfs_t:s0 tclass=dir permissive=1
Aug 17 19:00:47 fedora audit[4637]: SYSCALL arch=c000003e syscall=257 success=yes exit=4 a0=ffffffffffffff9c a1=55796117f0e0 a2=0 a3=0 items=1 ppid=4631 pid=4637 auid=4294967295 uid=0 gid=0 euid=0 suid=0 fsuid=0 egid=0 sgid=0 fsgid=0 tty=(none) ses=4294967295 comm="efibootmgr" exe="/usr/bin/efibootmgr" subj=system_u:system_r:kernel_generic_helper_t:s0 key=(null)
Aug 17 19:00:47 fedora audit: CWD cwd="/"
Aug 17 19:00:47 fedora audit: PATH item=0 name="/sys/firmware/efi/efivars/BootCurrent-8be4df61-93ca-11d2-aa0d-00e098032b8c" inode=8632 dev=00:20 mode=0100644 ouid=0 ogid=0 rdev=00:00 obj=system_u:object_r:efivarfs_t:s0 nametype=NORMAL cap_fp=0 cap_fi=0 cap_fe=0 cap_fver=0 cap_frootid=0
Aug 17 19:00:47 fedora audit: PROCTITLE proctitle=656669626F6F746D6772002D2D637265617465002D2D6469736B002F6465762F766461002D2D706172740031002D2D6C6F61646572005C4546495C6665646F72615C7368696D7836342E656669002D2D6C6162656C004665646F7261
Aug 17 19:00:47 fedora audit[4637]: AVC avc:  denied  { search } for  pid=4637 comm="efibootmgr" name="/" dev="efivarfs" ino=8623 scontext=system_u:system_r:kernel_generic_helper_t:s0 tcontext=system_u:object_r:efivarfs_t:s0 tclass=dir permissive=1
Aug 17 19:00:47 fedora audit[4637]: SYSCALL arch=c000003e syscall=257 success=yes exit=4 a0=ffffffffffffff9c a1=55796117a6d0 a2=0 a3=0 items=1 ppid=4631 pid=4637 auid=4294967295 uid=0 gid=0 euid=0 suid=0 fsuid=0 egid=0 sgid=0 fsgid=0 tty=(none) ses=4294967295 comm="efibootmgr" exe="/usr/bin/efibootmgr" subj=system_u:system_r:kernel_generic_helper_t:s0 key=(null)
Aug 17 19:00:47 fedora audit: CWD cwd="/"
Aug 17 19:00:47 fedora audit: PATH item=0 name="/sys/firmware/efi/efivars/Timeout-8be4df61-93ca-11d2-aa0d-00e098032b8c" inode=8640 dev=00:20 mode=0100644 ouid=0 ogid=0 rdev=00:00 obj=system_u:object_r:efivarfs_t:s0 nametype=NORMAL cap_fp=0 cap_fi=0 cap_fe=0 cap_fver=0 cap_frootid=0
Aug 17 19:00:47 fedora audit: PROCTITLE proctitle=656669626F6F746D6772002D2D637265617465002D2D6469736B002F6465762F766461002D2D706172740031002D2D6C6F61646572005C4546495C6665646F72615C7368696D7836342E656669002D2D6C6162656C004665646F7261
Aug 17 19:00:47 fedora audit[4637]: AVC avc:  denied  { search } for  pid=4637 comm="efibootmgr" name="/" dev="efivarfs" ino=8623 scontext=system_u:system_r:kernel_generic_helper_t:s0 tcontext=system_u:object_r:efivarfs_t:s0 tclass=dir permissive=1
Aug 17 19:00:47 fedora audit[4637]: SYSCALL arch=c000003e syscall=257 success=yes exit=4 a0=ffffffffffffff9c a1=557961177c00 a2=0 a3=0 items=1 ppid=4631 pid=4637 auid=4294967295 uid=0 gid=0 euid=0 suid=0 fsuid=0 egid=0 sgid=0 fsgid=0 tty=(none) ses=4294967295 comm="efibootmgr" exe="/usr/bin/efibootmgr" subj=system_u:system_r:kernel_generic_helper_t:s0 key=(null)
Aug 17 19:00:47 fedora audit: CWD cwd="/"
Aug 17 19:00:47 fedora audit: PATH item=0 name="/sys/firmware/efi/efivars/BootOrder-8be4df61-93ca-11d2-aa0d-00e098032b8c" inode=8656 dev=00:20 mode=0100644 ouid=0 ogid=0 rdev=00:00 obj=system_u:object_r:efivarfs_t:s0 nametype=NORMAL cap_fp=0 cap_fi=0 cap_fe=0 cap_fver=0 cap_frootid=0
Aug 17 19:00:47 fedora audit: PROCTITLE proctitle=656669626F6F746D6772002D2D637265617465002D2D6469736B002F6465762F766461002D2D706172740031002D2D6C6F61646572005C4546495C6665646F72615C7368696D7836342E656669002D2D6C6162656C004665646F7261
Aug 17 19:00:47 fedora audit[4637]: AVC avc:  denied  { search } for  pid=4637 comm="efibootmgr" name="/" dev="efivarfs" ino=8623 scontext=system_u:system_r:kernel_generic_helper_t:s0 tcontext=system_u:object_r:efivarfs_t:s0 tclass=dir permissive=1
Aug 17 19:00:47 fedora audit[4637]: SYSCALL arch=c000003e syscall=257 success=no exit=-2 a0=ffffffffffffff9c a1=557961177c00 a2=0 a3=0 items=0 ppid=4631 pid=4637 auid=4294967295 uid=0 gid=0 euid=0 suid=0 fsuid=0 egid=0 sgid=0 fsgid=0 tty=(none) ses=4294967295 comm="efibootmgr" exe="/usr/bin/efibootmgr" subj=system_u:system_r:kernel_generic_helper_t:s0 key=(null)
Aug 17 19:00:47 fedora audit: PROCTITLE proctitle=656669626F6F746D6772002D2D637265617465002D2D6469736B002F6465762F766461002D2D706172740031002D2D6C6F61646572005C4546495C6665646F72615C7368696D7836342E656669002D2D6C6162656C004665646F7261
Aug 17 19:00:47 fedora audit[4637]: AVC avc:  denied  { search } for  pid=4637 comm="efibootmgr" name="/" dev="efivarfs" ino=8623 scontext=system_u:system_r:kernel_generic_helper_t:s0 tcontext=system_u:object_r:efivarfs_t:s0 tclass=dir permissive=1
Aug 17 19:00:47 fedora audit[4637]: SYSCALL arch=c000003e syscall=257 success=no exit=-2 a0=ffffffffffffff9c a1=557961177c00 a2=0 a3=0 items=0 ppid=4631 pid=4637 auid=4294967295 uid=0 gid=0 euid=0 suid=0 fsuid=0 egid=0 sgid=0 fsgid=0 tty=(none) ses=4294967295 comm="efibootmgr" exe="/usr/bin/efibootmgr" subj=system_u:system_r:kernel_generic_helper_t:s0 key=(null)
Aug 17 19:00:47 fedora audit: PROCTITLE proctitle=656669626F6F746D6772002D2D637265617465002D2D6469736B002F6465762F766461002D2D706172740031002D2D6C6F61646572005C4546495C6665646F72615C7368696D7836342E656669002D2D6C6162656C004665646F7261
Aug 17 19:00:47 fedora audit[4638]: AVC avc:  denied  { execute_no_trans } for  pid=4638 comm="bootupctl" path="/usr/bin/grub2-editenv" dev="dm-0" ino=1320076 scontext=system_u:system_r:kernel_t:s0 tcontext=system_u:object_r:bootloader_exec_t:s0 tclass=file permissive=1
Aug 17 19:00:47 fedora audit[4638]: SYSCALL arch=c000003e syscall=59 success=yes exit=0 a0=559e67460d00 a1=559e67466540 a2=7ffd113c5e78 a3=8 items=1 ppid=4631 pid=4638 auid=4294967295 uid=0 gid=0 euid=0 suid=0 fsuid=0 egid=0 sgid=0 fsgid=0 tty=(none) ses=4294967295 comm="grub2-editenv" exe="/usr/bin/grub2-editenv" subj=system_u:system_r:kernel_t:s0 key=(null)
Aug 17 19:00:47 fedora audit: EXECVE argc=3 a0="/usr/bin/grub2-editenv" a1="grubenv" a2="create"
Aug 17 19:00:47 fedora audit: CWD cwd="/boot/grub2"
Aug 17 19:00:47 fedora audit: PATH item=0 name="/lib64/ld-linux-x86-64.so.2" inode=1470182 dev=fc:00 mode=0100755 ouid=0 ogid=0 rdev=00:00 obj=system_u:object_r:ld_so_t:s0 nametype=NORMAL cap_fp=0 cap_fi=0 cap_fe=0 cap_fver=0 cap_frootid=0
Aug 17 19:00:47 fedora audit: PROCTITLE proctitle=2F7573722F62696E2F67727562322D65646974656E760067727562656E7600637265617465
Aug 17 19:00:47 fedora audit[4639]: AVC avc:  denied  { search } for  pid=4639 comm="findmnt" name="udev" dev="tmpfs" ino=44 scontext=system_u:system_r:kernel_generic_helper_t:s0 tcontext=system_u:object_r:udev_var_run_t:s0 tclass=dir permissive=1
Aug 17 19:00:47 fedora audit[4639]: AVC avc:  denied  { search } for  pid=4639 comm="findmnt" name="data" dev="tmpfs" ino=118 scontext=system_u:system_r:kernel_generic_helper_t:s0 tcontext=system_u:object_r:udev_var_run_t:s0 tclass=dir permissive=1
Aug 17 19:00:47 fedora audit[4639]: SYSCALL arch=c000003e syscall=257 success=yes exit=3 a0=ffffffffffffff9c a1=5588cff68c30 a2=80000 a3=0 items=1 ppid=4631 pid=4639 auid=4294967295 uid=0 gid=0 euid=0 suid=0 fsuid=0 egid=0 sgid=0 fsgid=0 tty=(none) ses=4294967295 comm="findmnt" exe="/usr/bin/findmnt" subj=system_u:system_r:kernel_generic_helper_t:s0 key=(null)
Aug 17 19:00:47 fedora audit: CWD cwd="/boot"
Aug 17 19:00:47 fedora audit: PATH item=0 name="/run/udev/data/b253:2" inode=3789 dev=00:1d mode=0100644 ouid=0 ogid=0 rdev=00:00 obj=system_u:object_r:udev_var_run_t:s0 nametype=NORMAL cap_fp=0 cap_fi=0 cap_fe=0 cap_fver=0 cap_frootid=0
Aug 17 19:00:47 fedora audit: PROCTITLE proctitle=66696E646D6E74002D4A002D76002D2D6F75747075743D534F555243452C4653545950452C4F5054494F4E532C55554944002E
Aug 17 19:00:48 fedora dbus-daemon[3103]: INFO:program:Executing: "efibootmgr" "--create" "--disk" "/dev/vda" "--part" "1" "--loader" "\\EFI\\fedora\\shimx64.efi" "--label" "Fedora"
Aug 17 19:00:48 fedora dbus-daemon[3103]: INFO:program:BootCurrent: 0002
Aug 17 19:00:48 fedora dbus-daemon[3103]: INFO:program:Timeout: 0 seconds
Aug 17 19:00:48 fedora dbus-daemon[3103]: INFO:program:BootOrder: 0009,0000,0001,0002,0003,0004,0005,0006,0007,0008
Aug 17 19:00:48 fedora dbus-daemon[3103]: INFO:program:Boot0000* BootManagerMenuApp        FvVol(7cb8bdc9-f8eb-4f34-aaea-3ee4af6516a1)/FvFile(eec25bdc-67f2-4d95-b1d5-f81b2039d11d)
Aug 17 19:00:48 fedora dbus-daemon[3103]: INFO:program:Boot0001* EFI Firmware Setup        FvVol(7cb8bdc9-f8eb-4f34-aaea-3ee4af6516a1)/FvFile(462caa21-7614-4503-836e-8ab6f4662331)
Aug 17 19:00:48 fedora dbus-daemon[3103]: INFO:program:Boot0002* UEFI QEMU DVD-ROM QM00005         PciRoot(0x0)/Pci(0x1f,0x2)/Sata(2,65535,0){auto_created_boot_option}
Aug 17 19:00:48 fedora dbus-daemon[3103]: INFO:program:Boot0003* UEFI Misc Device        PciRoot(0x0)/Pci(0x4,0x0){auto_created_boot_option}
Aug 17 19:00:48 fedora dbus-daemon[3103]: INFO:program:Boot0004* UEFI PXEv4 (MAC:525400123456)        PciRoot(0x0)/Pci(0x3,0x0)/MAC(525400123456,1)/IPv4(0.0.0.0,0,DHCP,0.0.0.0,0.0.0.0,0.0.0.0){auto_created_boot_option}
Aug 17 19:00:48 fedora dbus-daemon[3103]: INFO:program:Boot0005* UEFI PXEv6 (MAC:525400123456)        PciRoot(0x0)/Pci(0x3,0x0)/MAC(525400123456,1)/IPv6([::],0,Static,[::],[::],64){auto_created_boot_option}
Aug 17 19:00:48 fedora dbus-daemon[3103]: INFO:program:Boot0006* UEFI HTTPv4 (MAC:525400123456)        PciRoot(0x0)/Pci(0x3,0x0)/MAC(525400123456,1)/IPv4(0.0.0.0,0,DHCP,0.0.0.0,0.0.0.0,0.0.0.0)/Uri(){auto_created_boot_option}
Aug 17 19:00:48 fedora dbus-daemon[3103]: INFO:program:Boot0007* UEFI HTTPv6 (MAC:525400123456)        PciRoot(0x0)/Pci(0x3,0x0)/MAC(525400123456,1)/IPv6([::],0,Static,[::],[::],64)/Uri(){auto_created_boot_option}
Aug 17 19:00:48 fedora dbus-daemon[3103]: INFO:program:Boot0008* EFI Internal Shell        FvVol(7cb8bdc9-f8eb-4f34-aaea-3ee4af6516a1)/FvFile(7c04a583-9e3e-4f1c-ad65-e05268d0b4d1)
Aug 17 19:00:48 fedora dbus-daemon[3103]: INFO:program:Boot0009* Fedora        HD(1,GPT,2addb7ae-bbeb-4e75-b3c3-bbee44c0b6a4,0x800,0x200000)/\EFI\fedora\shimx64.efi
Aug 17 19:00:48 fedora dbus-daemon[3103]: INFO:program:Added 01_users.cfg
Aug 17 19:00:48 fedora dbus-daemon[3103]: INFO:program:Added 08_greenboot.cfg
Aug 17 19:00:48 fedora dbus-daemon[3103]: INFO:program:Added 10_blscfg.cfg
Aug 17 19:00:48 fedora dbus-daemon[3103]: INFO:program:Added 14_menu_show_once.cfg
Aug 17 19:00:48 fedora dbus-daemon[3103]: INFO:program:Added 30_uefi-firmware.cfg
Aug 17 19:00:48 fedora dbus-daemon[3103]: INFO:program:Added 41_custom.cfg
Aug 17 19:00:48 fedora dbus-daemon[3103]: INFO:program:Installed: grub.cfg
Aug 17 19:00:48 fedora dbus-daemon[3103]: INFO:program:Installed: bootuuid.cfg
Aug 17 19:00:48 fedora dbus-daemon[3103]: INFO:program:Installed: "fedora/grub.cfg"
Aug 17 19:00:48 fedora dbus-daemon[3103]: INFO:program:Installed: "fedora/bootuuid.cfg"
Aug 17 19:00:48 fedora dbus-daemon[3103]: DEBUG:program:Return code of bootupctl: 0
Aug 17 19:00:48 fedora dbus-daemon[3118]: DEBUG:blivet:             DeviceTree.get_device_by_device_id: device_id: LUKS-luks-04468761-7d67-4b8c-8a76-494a5b455f97 ; incomplete: True ; hidden: True ;
Aug 17 19:00:48 fedora dbus-daemon[3118]: DEBUG:blivet:             DeviceTree.get_device_by_device_id returned existing 76.98 GiB luks/dm-crypt luks-04468761-7d67-4b8c-8a76-494a5b455f97 (71) with existing ext4 filesystem mounted at /
Aug 17 19:00:48 fedora dbus-daemon[3118]: DEBUG:blivet:             DeviceTree.get_device_by_device_id: device_id: LUKS-luks-04468761-7d67-4b8c-8a76-494a5b455f97 ; incomplete: True ; hidden: True ;
Aug 17 19:00:48 fedora dbus-daemon[3118]: DEBUG:blivet:             DeviceTree.get_device_by_device_id returned existing 76.98 GiB luks/dm-crypt luks-04468761-7d67-4b8c-8a76-494a5b455f97 (71) with existing ext4 filesystem mounted at /
Aug 17 19:00:48 fedora dbus-daemon[3103]: INFO:program:Running in chroot '/mnt/sysroot'... ostree admin instutil set-kargs --merge rd.luks.uuid=luks-04468761-7d67-4b8c-8a76-494a5b455f97 console=tty0 root=UUID=63a78e40-e07b-46da-901f-1ddba2dc39ae vconsole.keymap=gb rw
Aug 17 19:00:48 fedora audit[4641]: AVC avc:  denied  { execute_no_trans } for  pid=4641 comm="AnaTaskThread-C" path="/usr/bin/ostree" dev="dm-0" ino=1314192 scontext=system_u:system_r:kernel_t:s0 tcontext=system_u:object_r:install_exec_t:s0 tclass=file permissive=1
Aug 17 19:00:48 fedora audit[4641]: SYSCALL arch=c000003e syscall=59 success=yes exit=0 a0=7f7d336bf990 a1=7f7d2c5ba910 a2=7f7d2d20db30 a3=7f7d27ffd430 items=1 ppid=3103 pid=4641 auid=4294967295 uid=0 gid=0 euid=0 suid=0 fsuid=0 egid=0 sgid=0 fsgid=0 tty=(none) ses=4294967295 comm="ostree" exe="/usr/bin/ostree" subj=system_u:system_r:kernel_t:s0 key=(null)
Aug 17 19:00:48 fedora audit: EXECVE argc=10 a0="ostree" a1="admin" a2="instutil" a3="set-kargs" a4="--merge" a5="rd.luks.uuid=luks-04468761-7d67-4b8c-8a76-494a5b455f97" a6="console=tty0" a7="root=UUID=63a78e40-e07b-46da-901f-1ddba2dc39ae" a8="vconsole.keymap=gb" a9="rw"
Aug 17 19:00:48 fedora audit: CWD cwd="/"
Aug 17 19:00:48 fedora audit: PATH item=0 name="/lib64/ld-linux-x86-64.so.2" inode=1470182 dev=fc:00 mode=0100755 ouid=0 ogid=0 rdev=00:00 obj=system_u:object_r:ld_so_t:s0 nametype=NORMAL cap_fp=0 cap_fi=0 cap_fe=0 cap_fver=0 cap_frootid=0
Aug 17 19:00:48 fedora audit: PROCTITLE proctitle=6F73747265650061646D696E00696E73747574696C007365742D6B61726773002D2D6D657267650072642E6C756B732E757569643D6C756B732D30343436383736312D376436372D346238632D386137362D34393461356234353566393700636F6E736F6C653D7474793000726F6F743D555549443D36336137386534302D65
Aug 17 19:00:48 fedora ostree[4641]: Starting syncfs for system repo
Aug 17 19:00:48 fedora ostree[4641]: Completed syncfs() for system repo in 28 ms
Aug 17 19:00:48 fedora ostree[4641]: Starting freeze/thaw cycle for boot
Aug 17 19:00:48 fedora ostree[4641]: Completed freeze/thaw cycle for boot in 155 ms
Aug 17 19:00:48 fedora ostree[4641]: Starting freeze/thaw cycle for boot
Aug 17 19:00:48 fedora ostree[4641]: Completed freeze/thaw cycle for boot in 39 ms
Aug 17 19:00:48 fedora ostree[4641]: Bootloader updated; bootconfig swap: yes; bootversion: boot.0.1, deployment count change: 0
Aug 17 19:00:48 fedora ostree[4641]: Starting syncfs for system repo
Aug 17 19:00:48 fedora ostree[4641]: Completed syncfs() for system repo in 10 ms
Aug 17 19:00:49 fedora dbus-daemon[3103]: INFO:program:Bootloader updated; bootconfig swap: yes; bootversion: boot.0.1, deployment count change: 0
Aug 17 19:00:49 fedora dbus-daemon[3103]: DEBUG:program:Return code of ostree: 0
Aug 17 19:00:49 fedora dbus-daemon[3103]: INFO:anaconda.core.threads:Thread Done: AnaTaskThread-ConfigureBootloader-1 (140175518725824)
Aug 17 19:00:49 fedora dbus-daemon[1453]: DEBUG:anaconda.modules.boss.installation:Task completed: Installation queue (1/46) (139.8 s)
Aug 17 19:00:49 fedora dbus-daemon[1453]: INFO:anaconda.modules.boss.installation:Task started: Configuration queue (2/46)
Aug 17 19:00:49 fedora dbus-daemon[1453]: INFO:anaconda.modules.boss.installation:Queue started: Configuration queue (10/17)
Aug 17 19:00:49 fedora dbus-daemon[1453]: INFO:anaconda.modules.boss.installation:Queue started: Certificates import (11/17)
Aug 17 19:00:49 fedora dbus-daemon[3096]: INFO:anaconda.core.threads:Running Thread: AnaTaskThread-ImportCertificatesTask-2 (139777105979072)
Aug 17 19:00:49 fedora dbus-daemon[3096]: INFO:anaconda.modules.common.task.task:Import CA certificates
Aug 17 19:00:49 fedora dbus-daemon[3096]: INFO:anaconda.core.threads:Thread Done: AnaTaskThread-ImportCertificatesTask-2 (139777105979072)
Aug 17 19:00:49 fedora dbus-daemon[1453]: INFO:anaconda.modules.boss.installation:Queue started: Installed system configuration (12/17)
Aug 17 19:00:49 fedora dbus-daemon[3096]: INFO:anaconda.core.threads:Running Thread: AnaTaskThread-ConfigureSELinuxTask-1 (139777105979072)
Aug 17 19:00:49 fedora dbus-daemon[3096]: INFO:anaconda.modules.common.task.task:Configure SELinux
Aug 17 19:00:49 fedora dbus-daemon[3096]: DEBUG:anaconda.modules.security.installation:Modifying the configuration at /mnt/sysroot/etc/selinux/config.
Aug 17 19:00:49 fedora dbus-daemon[3096]: DEBUG:anaconda.modules.security.installation:Found 'SELINUX=enforcing'.
Aug 17 19:00:49 fedora dbus-daemon[3096]: DEBUG:anaconda.modules.security.installation:Setting 'SELINUX=enforcing'.
Aug 17 19:00:49 fedora dbus-daemon[3096]: INFO:anaconda.core.threads:Thread Done: AnaTaskThread-ConfigureSELinuxTask-1 (139777105979072)
Aug 17 19:00:49 fedora dbus-daemon[3112]: INFO:anaconda.core.threads:Running Thread: AnaTaskThread-ConfigureHardwareClockTask-1 (139858134693568)
Aug 17 19:00:49 fedora dbus-daemon[3112]: INFO:anaconda.modules.common.task.task:Set the Hardware Clock from the System Clock
Aug 17 19:00:49 fedora dbus-daemon[3112]: INFO:anaconda.core.threads:Thread Done: AnaTaskThread-ConfigureHardwareClockTask-1 (139858134693568)
Aug 17 19:00:49 fedora dbus-daemon[3112]: INFO:anaconda.core.threads:Running Thread: AnaTaskThread-ConfigureTimezoneTask-1 (139858134693568)
Aug 17 19:00:49 fedora dbus-daemon[3112]: INFO:anaconda.modules.common.task.task:Configure time zone
Aug 17 19:00:50 fedora dbus-daemon[3112]: INFO:anaconda.core.threads:Thread Done: AnaTaskThread-ConfigureTimezoneTask-1 (139858134693568)
Aug 17 19:00:50 fedora dbus-daemon[3112]: INFO:anaconda.core.threads:Running Thread: AnaTaskThread-ConfigureNTPTask-1 (139858134693568)
Aug 17 19:00:50 fedora dbus-daemon[3112]: INFO:anaconda.modules.common.task.task:Configure NTP
Aug 17 19:00:50 fedora dbus-daemon[3112]: INFO:program:Running... systemctl list-unit-files chronyd.service --no-legend --root /mnt/sysroot
Aug 17 19:00:50 fedora dbus-daemon[3112]: INFO:program:chronyd.service bad enabled
Aug 17 19:00:50 fedora dbus-daemon[3112]: DEBUG:program:Return code of systemctl: 0
Aug 17 19:00:50 fedora dbus-daemon[3112]: WARNING:anaconda.core.service:systemctl enable chronyd --root=/mnt/sysroot exited 1, but the unit is already wanted on the target's own filesystem; the enable is a no-op and the installation continues. systemctl said: Failed to enable unit chronyd.service: Channel number out of range
Aug 17 19:00:50 fedora dbus-daemon[3112]: DEBUG:anaconda.modules.timezone.installation:The NTP service is not enabled or configured.
Aug 17 19:00:50 fedora dbus-daemon[3112]: INFO:anaconda.core.threads:Thread Done: AnaTaskThread-ConfigureNTPTask-1 (139858134693568)
Aug 17 19:00:50 fedora dbus-daemon[3089]: INFO:anaconda.core.threads:Running Thread: AnaTaskThread-ConfigureInitialSetupTask-1 (139908376561344)
Aug 17 19:00:50 fedora dbus-daemon[3089]: INFO:anaconda.modules.common.task.task:Configure Initial Setup
Aug 17 19:00:50 fedora dbus-daemon[3089]: INFO:program:Running... systemctl list-unit-files initial-setup.service --no-legend --root /mnt/sysroot
Aug 17 19:00:50 fedora dbus-daemon[3089]: DEBUG:program:Return code of systemctl: 1
Aug 17 19:00:50 fedora dbus-daemon[3089]: INFO:anaconda.core.threads:Thread Done: AnaTaskThread-ConfigureInitialSetupTask-1 (139908376561344)
Aug 17 19:00:50 fedora dbus-daemon[3089]: INFO:anaconda.core.threads:Running Thread: AnaTaskThread-ConfigurePostInstallationToolsTask-1 (139908376561344)
Aug 17 19:00:50 fedora dbus-daemon[3089]: INFO:anaconda.modules.common.task.task:Configure post-installation tools
Aug 17 19:00:50 fedora dbus-daemon[3089]: INFO:anaconda.modules.services.installation:Writing out user interaction config at /mnt/sysroot/etc/sysconfig/anaconda
Aug 17 19:00:50 fedora dbus-daemon[3089]: INFO:anaconda.core.threads:Thread Done: AnaTaskThread-ConfigurePostInstallationToolsTask-1 (139908376561344)
Aug 17 19:00:50 fedora dbus-daemon[3089]: INFO:anaconda.core.threads:Running Thread: AnaTaskThread-ConfigureServicesTask-1 (139908376561344)
Aug 17 19:00:50 fedora dbus-daemon[3089]: INFO:anaconda.modules.common.task.task:Configure services
Aug 17 19:00:50 fedora dbus-daemon[3089]: INFO:anaconda.core.threads:Thread Done: AnaTaskThread-ConfigureServicesTask-1 (139908376561344)
Aug 17 19:00:50 fedora dbus-daemon[3089]: INFO:anaconda.core.threads:Running Thread: AnaTaskThread-ConfigureSystemdDefaultTargetTask-1 (139908376561344)
Aug 17 19:00:50 fedora dbus-daemon[3089]: INFO:anaconda.modules.common.task.task:Configure systemd default target
Aug 17 19:00:50 fedora dbus-daemon[3089]: DEBUG:anaconda.modules.services.installation:Checking if a package with provides == service(graphical-login) is installed.
Aug 17 19:00:50 fedora dbus-daemon[3089]: DEBUG:anaconda.modules.services.installation:A package with provides == service(graphical-login) is installed, using graphical.target.
Aug 17 19:00:50 fedora dbus-daemon[3089]: DEBUG:anaconda.modules.services.installation:Setting systemd default target to: graphical.target
Aug 17 19:00:50 fedora dbus-daemon[3089]: DEBUG:anaconda.modules.services.installation:Linking /usr/lib/systemd/system/graphical.target as systemd default target.
Aug 17 19:00:50 fedora dbus-daemon[3089]: INFO:anaconda.core.threads:Thread Done: AnaTaskThread-ConfigureSystemdDefaultTargetTask-1 (139908376561344)
Aug 17 19:00:50 fedora dbus-daemon[3089]: INFO:anaconda.core.threads:Running Thread: AnaTaskThread-ConfigureDefaultDesktopTask-1 (139908376561344)
Aug 17 19:00:50 fedora dbus-daemon[3089]: INFO:anaconda.modules.common.task.task:Configure default desktop
Aug 17 19:00:50 fedora dbus-daemon[3089]: INFO:anaconda.core.threads:Thread Done: AnaTaskThread-ConfigureDefaultDesktopTask-1 (139908376561344)
Aug 17 19:00:50 fedora dbus-daemon[3106]: INFO:anaconda.core.threads:Running Thread: AnaTaskThread-LanguageInstallationTask-1 (140603988346560)
Aug 17 19:00:50 fedora dbus-daemon[3106]: INFO:anaconda.modules.common.task.task:Configure language
Aug 17 19:00:50 fedora dbus-daemon[3106]: INFO:program:Running in chroot '/mnt/sysroot'... locale -a
Aug 17 19:00:50 fedora dbus-daemon[3106]: INFO:program:C
Aug 17 19:00:50 fedora dbus-daemon[3106]: INFO:program:C.utf8
Aug 17 19:00:50 fedora dbus-daemon[3106]: INFO:program:POSIX
Aug 17 19:00:50 fedora dbus-daemon[3106]: INFO:program:en_AG
Aug 17 19:00:50 fedora dbus-daemon[3106]: INFO:program:en_AU
Aug 17 19:00:50 fedora dbus-daemon[3106]: INFO:program:en_AU.utf8
Aug 17 19:00:50 fedora dbus-daemon[3106]: INFO:program:en_BW
Aug 17 19:00:50 fedora dbus-daemon[3106]: INFO:program:en_BW.utf8
Aug 17 19:00:50 fedora dbus-daemon[3106]: INFO:program:en_CA
Aug 17 19:00:50 fedora dbus-daemon[3106]: INFO:program:en_CA.utf8
Aug 17 19:00:50 fedora dbus-daemon[3106]: INFO:program:en_DK
Aug 17 19:00:50 fedora dbus-daemon[3106]: INFO:program:en_DK.utf8
Aug 17 19:00:50 fedora dbus-daemon[3106]: INFO:program:en_GB
Aug 17 19:00:50 fedora dbus-daemon[3106]: INFO:program:en_GB.iso885915
Aug 17 19:00:50 fedora dbus-daemon[3106]: INFO:program:en_GB.utf8
Aug 17 19:00:50 fedora dbus-daemon[3106]: INFO:program:en_HK
Aug 17 19:00:50 fedora dbus-daemon[3106]: INFO:program:en_HK.utf8
Aug 17 19:00:50 fedora dbus-daemon[3106]: INFO:program:en_IE
Aug 17 19:00:50 fedora dbus-daemon[3106]: INFO:program:en_IE.utf8
Aug 17 19:00:50 fedora dbus-daemon[3106]: INFO:program:en_IE@euro
Aug 17 19:00:50 fedora dbus-daemon[3106]: INFO:program:en_IL
Aug 17 19:00:50 fedora dbus-daemon[3106]: INFO:program:en_IN
Aug 17 19:00:50 fedora dbus-daemon[3106]: INFO:program:en_NG
Aug 17 19:00:50 fedora dbus-daemon[3106]: INFO:program:en_NZ
Aug 17 19:00:50 fedora dbus-daemon[3106]: INFO:program:en_NZ.utf8
Aug 17 19:00:50 fedora dbus-daemon[3106]: INFO:program:en_PH
Aug 17 19:00:50 fedora dbus-daemon[3106]: INFO:program:en_PH.utf8
Aug 17 19:00:50 fedora dbus-daemon[3106]: INFO:program:en_SC.utf8
Aug 17 19:00:50 fedora dbus-daemon[3106]: INFO:program:en_SE.utf8
Aug 17 19:00:50 fedora dbus-daemon[3106]: INFO:program:en_SG
Aug 17 19:00:50 fedora dbus-daemon[3106]: INFO:program:en_SG.utf8
Aug 17 19:00:50 fedora dbus-daemon[3106]: INFO:program:en_US
Aug 17 19:00:50 fedora dbus-daemon[3106]: INFO:program:en_US.iso885915
Aug 17 19:00:50 fedora dbus-daemon[3106]: INFO:program:en_US.utf8
Aug 17 19:00:50 fedora dbus-daemon[3106]: INFO:program:en_ZA
Aug 17 19:00:50 fedora dbus-daemon[3106]: INFO:program:en_ZA.utf8
Aug 17 19:00:50 fedora dbus-daemon[3106]: INFO:program:en_ZM
Aug 17 19:00:50 fedora dbus-daemon[3106]: INFO:program:en_ZW
Aug 17 19:00:50 fedora dbus-daemon[3106]: INFO:program:en_ZW.utf8
Aug 17 19:00:50 fedora dbus-daemon[3106]: DEBUG:program:Return code of locale: 0
Aug 17 19:00:50 fedora dbus-daemon[3106]: DEBUG:anaconda.modules.localization.installation:The 'en_GB.UTF-8' locale matched 'en_GB'.
Aug 17 19:00:50 fedora dbus-daemon[3106]: DEBUG:anaconda.modules.localization.installation:Writing the 'en_GB.UTF-8' locale to /mnt/sysroot/etc/locale.conf.
Aug 17 19:00:50 fedora dbus-daemon[3106]: INFO:anaconda.core.threads:Thread Done: AnaTaskThread-LanguageInstallationTask-1 (140603988346560)
Aug 17 19:00:50 fedora dbus-daemon[3106]: INFO:anaconda.core.threads:Running Thread: AnaTaskThread-KeyboardInstallationTask-1 (140603988346560)
Aug 17 19:00:50 fedora dbus-daemon[3106]: INFO:anaconda.modules.common.task.task:Configure keyboard
Aug 17 19:00:50 fedora dbus-daemon[3106]: ERROR:anaconda.modules.localization.installation:Cannot copy X layouts configuration file /etc/X11/xorg.conf.d/00-keyboard.conf to target system: No such file or directory.
Aug 17 19:00:50 fedora dbus-daemon[3106]: INFO:anaconda.core.threads:Thread Done: AnaTaskThread-KeyboardInstallationTask-1 (140603988346560)
Aug 17 19:00:50 fedora dbus-daemon[3116]: INFO:anaconda.core.threads:Running Thread: AnaTaskThread-ConfigureFirewallTask-1 (139714023081664)
Aug 17 19:00:50 fedora dbus-daemon[3116]: INFO:anaconda.modules.common.task.task:Configure firewall
Aug 17 19:00:50 fedora dbus-daemon[3116]: INFO:program:Running in chroot '/mnt/sysroot'... /usr/bin/firewall-offline-cmd --enabled --service=ssh
Aug 17 19:00:50 fedora audit[4663]: AVC avc:  denied  { read } for  pid=4663 comm="firewall-offlin" name="passwd" dev="dm-0" ino=1207398 scontext=system_u:system_r:kernel_generic_helper_t:s0 tcontext=system_u:object_r:passwd_file_t:s0 tclass=file permissive=1
Aug 17 19:00:50 fedora audit[4663]: AVC avc:  denied  { open } for  pid=4663 comm="firewall-offlin" path="/etc/passwd" dev="dm-0" ino=1207398 scontext=system_u:system_r:kernel_generic_helper_t:s0 tcontext=system_u:object_r:passwd_file_t:s0 tclass=file permissive=1
Aug 17 19:00:50 fedora audit[4663]: SYSCALL arch=c000003e syscall=257 success=yes exit=3 a0=ffffff9c a1=7fd56b5bef1e a2=80000 a3=0 items=0 ppid=3116 pid=4663 auid=4294967295 uid=0 gid=0 euid=0 suid=0 fsuid=0 egid=0 sgid=0 fsgid=0 tty=(none) ses=4294967295 comm="firewall-offlin" exe="/usr/bin/python3.14" subj=system_u:system_r:kernel_generic_helper_t:s0 key=(null)
Aug 17 19:00:50 fedora audit: PROCTITLE proctitle=2F7573722F62696E2F707974686F6E33002D7350002F7573722F62696E2F6669726577616C6C2D6F66666C696E652D636D64002D2D656E61626C6564002D2D736572766963653D737368
Aug 17 19:00:50 fedora audit[4663]: AVC avc:  denied  { getattr } for  pid=4663 comm="firewall-offlin" path="/etc/passwd" dev="dm-0" ino=1207398 scontext=system_u:system_r:kernel_generic_helper_t:s0 tcontext=system_u:object_r:passwd_file_t:s0 tclass=file permissive=1
Aug 17 19:00:50 fedora audit[4663]: SYSCALL arch=c000003e syscall=5 success=yes exit=0 a0=3 a1=7ffd4bcd1bc0 a2=7fd56b5f4ec0 a3=0 items=0 ppid=3116 pid=4663 auid=4294967295 uid=0 gid=0 euid=0 suid=0 fsuid=0 egid=0 sgid=0 fsgid=0 tty=(none) ses=4294967295 comm="firewall-offlin" exe="/usr/bin/python3.14" subj=system_u:system_r:kernel_generic_helper_t:s0 key=(null)
Aug 17 19:00:50 fedora audit: PROCTITLE proctitle=2F7573722F62696E2F707974686F6E33002D7350002F7573722F62696E2F6669726577616C6C2D6F66666C696E652D636D64002D2D656E61626C6564002D2D736572766963653D737368
Aug 17 19:00:50 fedora kernel: kauditd_printk_skb: 651 callbacks suppressed
Aug 17 19:00:50 fedora kernel: audit: type=1400 audit(1786993250.924:584): avc:  denied  { read } for  pid=4663 comm="firewall-offlin" name="passwd" dev="dm-0" ino=1207398 scontext=system_u:system_r:kernel_generic_helper_t:s0 tcontext=system_u:object_r:passwd_file_t:s0 tclass=file permissive=1
Aug 17 19:00:50 fedora kernel: audit: type=1400 audit(1786993250.924:584): avc:  denied  { open } for  pid=4663 comm="firewall-offlin" path="/etc/passwd" dev="dm-0" ino=1207398 scontext=system_u:system_r:kernel_generic_helper_t:s0 tcontext=system_u:object_r:passwd_file_t:s0 tclass=file permissive=1
Aug 17 19:00:50 fedora kernel: audit: type=1300 audit(1786993250.924:584): arch=c000003e syscall=257 success=yes exit=3 a0=ffffff9c a1=7fd56b5bef1e a2=80000 a3=0 items=0 ppid=3116 pid=4663 auid=4294967295 uid=0 gid=0 euid=0 suid=0 fsuid=0 egid=0 sgid=0 fsgid=0 tty=(none) ses=4294967295 comm="firewall-offlin" exe="/usr/bin/python3.14" subj=system_u:system_r:kernel_generic_helper_t:s0 key=(null)
Aug 17 19:00:50 fedora kernel: audit: type=1327 audit(1786993250.924:584): proctitle=2F7573722F62696E2F707974686F6E33002D7350002F7573722F62696E2F6669726577616C6C2D6F66666C696E652D636D64002D2D656E61626C6564002D2D736572766963653D737368
Aug 17 19:00:50 fedora kernel: audit: type=1400 audit(1786993250.924:585): avc:  denied  { getattr } for  pid=4663 comm="firewall-offlin" path="/etc/passwd" dev="dm-0" ino=1207398 scontext=system_u:system_r:kernel_generic_helper_t:s0 tcontext=system_u:object_r:passwd_file_t:s0 tclass=file permissive=1
Aug 17 19:00:50 fedora kernel: audit: type=1300 audit(1786993250.924:585): arch=c000003e syscall=5 success=yes exit=0 a0=3 a1=7ffd4bcd1bc0 a2=7fd56b5f4ec0 a3=0 items=0 ppid=3116 pid=4663 auid=4294967295 uid=0 gid=0 euid=0 suid=0 fsuid=0 egid=0 sgid=0 fsgid=0 tty=(none) ses=4294967295 comm="firewall-offlin" exe="/usr/bin/python3.14" subj=system_u:system_r:kernel_generic_helper_t:s0 key=(null)
Aug 17 19:00:50 fedora kernel: audit: type=1327 audit(1786993250.924:585): proctitle=2F7573722F62696E2F707974686F6E33002D7350002F7573722F62696E2F6669726577616C6C2D6F66666C696E652D636D64002D2D656E61626C6564002D2D736572766963653D737368
Aug 17 19:00:51 fedora audit[4663]: AVC avc:  denied  { search } for  pid=4663 comm="firewall-offlin" name="pki" dev="dm-0" ino=1335735 scontext=system_u:system_r:kernel_generic_helper_t:s0 tcontext=system_u:object_r:cert_t:s0 tclass=dir permissive=1
Aug 17 19:00:51 fedora audit[4663]: AVC avc:  denied  { search } for  pid=4663 comm="firewall-offlin" name="tls" dev="dm-0" ino=1336514 scontext=system_u:system_r:kernel_generic_helper_t:s0 tcontext=system_u:object_r:cert_t:s0 tclass=dir permissive=1
Aug 17 19:00:51 fedora audit[4663]: AVC avc:  denied  { read } for  pid=4663 comm="firewall-offlin" name="openssl.cnf" dev="dm-0" ino=1336517 scontext=system_u:system_r:kernel_generic_helper_t:s0 tcontext=system_u:object_r:cert_t:s0 tclass=file permissive=1
Aug 17 19:00:51 fedora audit[4663]: AVC avc:  denied  { open } for  pid=4663 comm="firewall-offlin" path="/etc/pki/tls/openssl.cnf" dev="dm-0" ino=1336517 scontext=system_u:system_r:kernel_generic_helper_t:s0 tcontext=system_u:object_r:cert_t:s0 tclass=file permissive=1
Aug 17 19:00:51 fedora audit[4663]: SYSCALL arch=c000003e syscall=257 success=yes exit=4 a0=ffffffffffffff9c a1=56076b85da60 a2=0 a3=0 items=1 ppid=3116 pid=4663 auid=4294967295 uid=0 gid=0 euid=0 suid=0 fsuid=0 egid=0 sgid=0 fsgid=0 tty=(none) ses=4294967295 comm="firewall-offlin" exe="/usr/bin/python3.14" subj=system_u:system_r:kernel_generic_helper_t:s0 key=(null)
Aug 17 19:00:51 fedora audit: CWD cwd="/"
Aug 17 19:00:51 fedora audit: PATH item=0 name="/etc/pki/tls/openssl.cnf" inode=1336517 dev=fc:00 mode=0100644 ouid=0 ogid=0 rdev=00:00 obj=system_u:object_r:cert_t:s0 nametype=NORMAL cap_fp=0 cap_fi=0 cap_fe=0 cap_fver=0 cap_frootid=0
Aug 17 19:00:51 fedora audit: PROCTITLE proctitle=2F7573722F62696E2F707974686F6E33002D7350002F7573722F62696E2F6669726577616C6C2D6F66666C696E652D636D64002D2D656E61626C6564002D2D736572766963653D737368
Aug 17 19:00:51 fedora audit[4663]: AVC avc:  denied  { getattr } for  pid=4663 comm="firewall-offlin" path="/etc/pki/tls/openssl.cnf" dev="dm-0" ino=1336517 scontext=system_u:system_r:kernel_generic_helper_t:s0 tcontext=system_u:object_r:cert_t:s0 tclass=file permissive=1
Aug 17 19:00:51 fedora audit[4663]: SYSCALL arch=c000003e syscall=5 success=yes exit=0 a0=4 a1=7ffd4bcccb30 a2=7fd56b5f4ec0 a3=7fd56b5f6ac0 items=0 ppid=3116 pid=4663 auid=4294967295 uid=0 gid=0 euid=0 suid=0 fsuid=0 egid=0 sgid=0 fsgid=0 tty=(none) ses=4294967295 comm="firewall-offlin" exe="/usr/bin/python3.14" subj=system_u:system_r:kernel_generic_helper_t:s0 key=(null)
Aug 17 19:00:51 fedora audit: PROCTITLE proctitle=2F7573722F62696E2F707974686F6E33002D7350002F7573722F62696E2F6669726577616C6C2D6F66666C696E652D636D64002D2D656E61626C6564002D2D736572766963653D737368
Aug 17 19:00:51 fedora audit[4663]: AVC avc:  denied  { search } for  pid=4663 comm="firewall-offlin" name="pki" dev="dm-0" ino=1335735 scontext=system_u:system_r:kernel_generic_helper_t:s0 tcontext=system_u:object_r:cert_t:s0 tclass=dir permissive=1
Aug 17 19:00:51 fedora audit[4663]: AVC avc:  denied  { search } for  pid=4663 comm="firewall-offlin" name="tls" dev="dm-0" ino=1336514 scontext=system_u:system_r:kernel_generic_helper_t:s0 tcontext=system_u:object_r:cert_t:s0 tclass=dir permissive=1
Aug 17 19:00:51 fedora audit[4663]: AVC avc:  denied  { getattr } for  pid=4663 comm="firewall-offlin" path="/etc/pki/tls/openssl.d" dev="dm-0" ino=1336812 scontext=system_u:system_r:kernel_generic_helper_t:s0 tcontext=system_u:object_r:cert_t:s0 tclass=dir permissive=1
Aug 17 19:00:51 fedora audit[4663]: SYSCALL arch=c000003e syscall=262 success=yes exit=0 a0=ffffff9c a1=56076c055560 a2=7ffd4bccce20 a3=0 items=1 ppid=3116 pid=4663 auid=4294967295 uid=0 gid=0 euid=0 suid=0 fsuid=0 egid=0 sgid=0 fsgid=0 tty=(none) ses=4294967295 comm="firewall-offlin" exe="/usr/bin/python3.14" subj=system_u:system_r:kernel_generic_helper_t:s0 key=(null)
Aug 17 19:00:51 fedora audit: CWD cwd="/"
Aug 17 19:00:51 fedora audit: PATH item=0 name="/etc/pki/tls/openssl.d" inode=1336812 dev=fc:00 mode=040755 ouid=0 ogid=0 rdev=00:00 obj=system_u:object_r:cert_t:s0 nametype=NORMAL cap_fp=0 cap_fi=0 cap_fe=0 cap_fver=0 cap_frootid=0
Aug 17 19:00:51 fedora audit: PROCTITLE proctitle=2F7573722F62696E2F707974686F6E33002D7350002F7573722F62696E2F6669726577616C6C2D6F66666C696E652D636D64002D2D656E61626C6564002D2D736572766963653D737368
Aug 17 19:00:51 fedora audit[4663]: AVC avc:  denied  { search } for  pid=4663 comm="firewall-offlin" name="pki" dev="dm-0" ino=1335735 scontext=system_u:system_r:kernel_generic_helper_t:s0 tcontext=system_u:object_r:cert_t:s0 tclass=dir permissive=1
Aug 17 19:00:51 fedora audit[4663]: AVC avc:  denied  { search } for  pid=4663 comm="firewall-offlin" name="tls" dev="dm-0" ino=1336514 scontext=system_u:system_r:kernel_generic_helper_t:s0 tcontext=system_u:object_r:cert_t:s0 tclass=dir permissive=1
Aug 17 19:00:51 fedora audit[4663]: AVC avc:  denied  { read } for  pid=4663 comm="firewall-offlin" name="openssl.d" dev="dm-0" ino=1336812 scontext=system_u:system_r:kernel_generic_helper_t:s0 tcontext=system_u:object_r:cert_t:s0 tclass=dir permissive=1
Aug 17 19:00:51 fedora audit[4663]: AVC avc:  denied  { read open } for  pid=4663 comm="firewall-offlin" path="/etc/pki/tls/openssl.d" dev="dm-0" ino=1336812 scontext=system_u:system_r:kernel_generic_helper_t:s0 tcontext=system_u:object_r:cert_t:s0 tclass=dir permissive=1
Aug 17 19:00:51 fedora audit[4663]: SYSCALL arch=c000003e syscall=257 success=yes exit=5 a0=ffffff9c a1=56076c055560 a2=90800 a3=0 items=1 ppid=3116 pid=4663 auid=4294967295 uid=0 gid=0 euid=0 suid=0 fsuid=0 egid=0 sgid=0 fsgid=0 tty=(none) ses=4294967295 comm="firewall-offlin" exe="/usr/bin/python3.14" subj=system_u:system_r:kernel_generic_helper_t:s0 key=(null)
Aug 17 19:00:51 fedora audit: CWD cwd="/"
Aug 17 19:00:51 fedora audit: PATH item=0 name="/etc/pki/tls/openssl.d" inode=1336812 dev=fc:00 mode=040755 ouid=0 ogid=0 rdev=00:00 obj=system_u:object_r:cert_t:s0 nametype=NORMAL cap_fp=0 cap_fi=0 cap_fe=0 cap_fver=0 cap_frootid=0
Aug 17 19:00:51 fedora audit: PROCTITLE proctitle=2F7573722F62696E2F707974686F6E33002D7350002F7573722F62696E2F6669726577616C6C2D6F66666C696E652D636D64002D2D656E61626C6564002D2D736572766963653D737368
Aug 17 19:00:51 fedora audit[4663]: AVC avc:  denied  { search } for  pid=4663 comm="firewall-offlin" name="pki" dev="dm-0" ino=1335735 scontext=system_u:system_r:kernel_generic_helper_t:s0 tcontext=system_u:object_r:cert_t:s0 tclass=dir permissive=1
Aug 17 19:00:51 fedora audit[4663]: AVC avc:  denied  { search } for  pid=4663 comm="firewall-offlin" name="tls" dev="dm-0" ino=1336514 scontext=system_u:system_r:kernel_generic_helper_t:s0 tcontext=system_u:object_r:cert_t:s0 tclass=dir permissive=1
Aug 17 19:00:51 fedora audit[4663]: AVC avc:  denied  { search } for  pid=4663 comm="firewall-offlin" name="openssl.d" dev="dm-0" ino=1336812 scontext=system_u:system_r:kernel_generic_helper_t:s0 tcontext=system_u:object_r:cert_t:s0 tclass=dir permissive=1
Aug 17 19:00:51 fedora audit[4663]: SYSCALL arch=c000003e syscall=257 success=yes exit=6 a0=ffffffffffffff9c a1=56076bd247f0 a2=0 a3=0 items=1 ppid=3116 pid=4663 auid=4294967295 uid=0 gid=0 euid=0 suid=0 fsuid=0 egid=0 sgid=0 fsgid=0 tty=(none) ses=4294967295 comm="firewall-offlin" exe="/usr/bin/python3.14" subj=system_u:system_r:kernel_generic_helper_t:s0 key=(null)
Aug 17 19:00:51 fedora audit: CWD cwd="/"
Aug 17 19:00:51 fedora audit: PATH item=0 name="/etc/pki/tls/openssl.d/pkcs11-provider.conf" inode=1336813 dev=fc:00 mode=0100644 ouid=0 ogid=0 rdev=00:00 obj=system_u:object_r:cert_t:s0 nametype=NORMAL cap_fp=0 cap_fi=0 cap_fe=0 cap_fver=0 cap_frootid=0
Aug 17 19:00:51 fedora audit: PROCTITLE proctitle=2F7573722F62696E2F707974686F6E33002D7350002F7573722F62696E2F6669726577616C6C2D6F66666C696E652D636D64002D2D656E61626C6564002D2D736572766963653D737368
Aug 17 19:00:51 fedora kernel: audit: type=1400 audit(1786993251.365:586): avc:  denied  { search } for  pid=4663 comm="firewall-offlin" name="pki" dev="dm-0" ino=1335735 scontext=system_u:system_r:kernel_generic_helper_t:s0 tcontext=system_u:object_r:cert_t:s0 tclass=dir permissive=1
Aug 17 19:00:51 fedora kernel: audit: type=1400 audit(1786993251.365:586): avc:  denied  { search } for  pid=4663 comm="firewall-offlin" name="tls" dev="dm-0" ino=1336514 scontext=system_u:system_r:kernel_generic_helper_t:s0 tcontext=system_u:object_r:cert_t:s0 tclass=dir permissive=1
Aug 17 19:00:51 fedora kernel: audit: type=1400 audit(1786993251.365:586): avc:  denied  { read } for  pid=4663 comm="firewall-offlin" name="openssl.cnf" dev="dm-0" ino=1336517 scontext=system_u:system_r:kernel_generic_helper_t:s0 tcontext=system_u:object_r:cert_t:s0 tclass=file permissive=1
Aug 17 19:00:51 fedora audit[4663]: AVC avc:  denied  { search } for  pid=4663 comm="firewall-offlin" name="firewalld" dev="dm-0" ino=1335471 scontext=system_u:system_r:kernel_generic_helper_t:s0 tcontext=system_u:object_r:firewalld_etc_rw_t:s0 tclass=dir permissive=1
Aug 17 19:00:51 fedora audit[4663]: AVC avc:  denied  { read } for  pid=4663 comm="firewall-offlin" name="firewalld.conf" dev="dm-0" ino=1335475 scontext=system_u:system_r:kernel_generic_helper_t:s0 tcontext=system_u:object_r:firewalld_etc_rw_t:s0 tclass=file permissive=1
Aug 17 19:00:51 fedora audit[4663]: AVC avc:  denied  { open } for  pid=4663 comm="firewall-offlin" path="/etc/firewalld/firewalld.conf" dev="dm-0" ino=1335475 scontext=system_u:system_r:kernel_generic_helper_t:s0 tcontext=system_u:object_r:firewalld_etc_rw_t:s0 tclass=file permissive=1
Aug 17 19:00:51 fedora audit[4663]: SYSCALL arch=c000003e syscall=257 success=yes exit=4 a0=ffffffffffffff9c a1=7fd56a07fc50 a2=80000 a3=0 items=1 ppid=3116 pid=4663 auid=4294967295 uid=0 gid=0 euid=0 suid=0 fsuid=0 egid=0 sgid=0 fsgid=0 tty=(none) ses=4294967295 comm="firewall-offlin" exe="/usr/bin/python3.14" subj=system_u:system_r:kernel_generic_helper_t:s0 key=(null)
Aug 17 19:00:51 fedora audit: CWD cwd="/"
Aug 17 19:00:51 fedora audit: PATH item=0 name="/etc/firewalld/firewalld.conf" inode=1335475 dev=fc:00 mode=0100600 ouid=0 ogid=0 rdev=00:00 obj=system_u:object_r:firewalld_etc_rw_t:s0 nametype=NORMAL cap_fp=0 cap_fi=0 cap_fe=0 cap_fver=0 cap_frootid=0
Aug 17 19:00:51 fedora audit: PROCTITLE proctitle=2F7573722F62696E2F707974686F6E33002D7350002F7573722F62696E2F6669726577616C6C2D6F66666C696E652D636D64002D2D656E61626C6564002D2D736572766963653D737368
Aug 17 19:00:51 fedora audit[4663]: AVC avc:  denied  { getattr } for  pid=4663 comm="firewall-offlin" path="/etc/firewalld/firewalld.conf" dev="dm-0" ino=1335475 scontext=system_u:system_r:kernel_generic_helper_t:s0 tcontext=system_u:object_r:firewalld_etc_rw_t:s0 tclass=file permissive=1
Aug 17 19:00:51 fedora audit[4663]: SYSCALL arch=c000003e syscall=5 success=yes exit=0 a0=4 a1=7fd568d48f60 a2=0 a3=0 items=0 ppid=3116 pid=4663 auid=4294967295 uid=0 gid=0 euid=0 suid=0 fsuid=0 egid=0 sgid=0 fsgid=0 tty=(none) ses=4294967295 comm="firewall-offlin" exe="/usr/bin/python3.14" subj=system_u:system_r:kernel_generic_helper_t:s0 key=(null)
Aug 17 19:00:51 fedora audit: PROCTITLE proctitle=2F7573722F62696E2F707974686F6E33002D7350002F7573722F62696E2F6669726577616C6C2D6F66666C696E652D636D64002D2D656E61626C6564002D2D736572766963653D737368
Aug 17 19:00:51 fedora audit[4663]: AVC avc:  denied  { getattr } for  pid=4663 comm="firewall-offlin" path="/etc/firewalld/ipsets" dev="dm-0" ino=1335479 scontext=system_u:system_r:kernel_generic_helper_t:s0 tcontext=system_u:object_r:firewalld_etc_rw_t:s0 tclass=dir permissive=1
Aug 17 19:00:51 fedora audit[4663]: SYSCALL arch=c000003e syscall=262 success=yes exit=0 a0=ffffff9c a1=7fd568dbd410 a2=7ffd4bcd2980 a3=0 items=0 ppid=3116 pid=4663 auid=4294967295 uid=0 gid=0 euid=0 suid=0 fsuid=0 egid=0 sgid=0 fsgid=0 tty=(none) ses=4294967295 comm="firewall-offlin" exe="/usr/bin/python3.14" subj=system_u:system_r:kernel_generic_helper_t:s0 key=(null)
Aug 17 19:00:51 fedora audit: PROCTITLE proctitle=2F7573722F62696E2F707974686F6E33002D7350002F7573722F62696E2F6669726577616C6C2D6F66666C696E652D636D64002D2D656E61626C6564002D2D736572766963653D737368
Aug 17 19:00:51 fedora audit[4663]: AVC avc:  denied  { read } for  pid=4663 comm="firewall-offlin" name="ipsets" dev="dm-0" ino=1335479 scontext=system_u:system_r:kernel_generic_helper_t:s0 tcontext=system_u:object_r:firewalld_etc_rw_t:s0 tclass=dir permissive=1
Aug 17 19:00:51 fedora audit[4663]: AVC avc:  denied  { read open } for  pid=4663 comm="firewall-offlin" path="/etc/firewalld/ipsets" dev="dm-0" ino=1335479 scontext=system_u:system_r:kernel_generic_helper_t:s0 tcontext=system_u:object_r:firewalld_etc_rw_t:s0 tclass=dir permissive=1
Aug 17 19:00:51 fedora audit[4663]: SYSCALL arch=c000003e syscall=257 success=yes exit=4 a0=ffffff9c a1=7fd568dbd410 a2=90800 a3=0 items=0 ppid=3116 pid=4663 auid=4294967295 uid=0 gid=0 euid=0 suid=0 fsuid=0 egid=0 sgid=0 fsgid=0 tty=(none) ses=4294967295 comm="firewall-offlin" exe="/usr/bin/python3.14" subj=system_u:system_r:kernel_generic_helper_t:s0 key=(null)
Aug 17 19:00:51 fedora audit: PROCTITLE proctitle=2F7573722F62696E2F707974686F6E33002D7350002F7573722F62696E2F6669726577616C6C2D6F66666C696E652D636D64002D2D656E61626C6564002D2D736572766963653D737368
Aug 17 19:00:51 fedora audit[4663]: AVC avc:  denied  { read } for  pid=4663 comm="firewall-offlin" name="icmptypes" dev="dm-0" ino=1335478 scontext=system_u:system_r:kernel_generic_helper_t:s0 tcontext=system_u:object_r:firewalld_etc_rw_t:s0 tclass=dir permissive=1
Aug 17 19:00:51 fedora audit[4663]: SYSCALL arch=c000003e syscall=257 success=yes exit=4 a0=ffffff9c a1=7fd568dbd410 a2=90800 a3=0 items=0 ppid=3116 pid=4663 auid=4294967295 uid=0 gid=0 euid=0 suid=0 fsuid=0 egid=0 sgid=0 fsgid=0 tty=(none) ses=4294967295 comm="firewall-offlin" exe="/usr/bin/python3.14" subj=system_u:system_r:kernel_generic_helper_t:s0 key=(null)
Aug 17 19:00:51 fedora audit: PROCTITLE proctitle=2F7573722F62696E2F707974686F6E33002D7350002F7573722F62696E2F6669726577616C6C2D6F66666C696E652D636D64002D2D656E61626C6564002D2D736572766963653D737368
Aug 17 19:00:51 fedora audit[4663]: AVC avc:  denied  { read } for  pid=4663 comm="firewall-offlin" name="helpers" dev="dm-0" ino=1335477 scontext=system_u:system_r:kernel_generic_helper_t:s0 tcontext=system_u:object_r:firewalld_etc_rw_t:s0 tclass=dir permissive=1
Aug 17 19:00:51 fedora audit[4663]: SYSCALL arch=c000003e syscall=257 success=yes exit=4 a0=ffffff9c a1=7fd568dbd410 a2=90800 a3=0 items=0 ppid=3116 pid=4663 auid=4294967295 uid=0 gid=0 euid=0 suid=0 fsuid=0 egid=0 sgid=0 fsgid=0 tty=(none) ses=4294967295 comm="firewall-offlin" exe="/usr/bin/python3.14" subj=system_u:system_r:kernel_generic_helper_t:s0 key=(null)
Aug 17 19:00:51 fedora audit: PROCTITLE proctitle=2F7573722F62696E2F707974686F6E33002D7350002F7573722F62696E2F6669726577616C6C2D6F66666C696E652D636D64002D2D656E61626C6564002D2D736572766963653D737368
Aug 17 19:00:51 fedora audit[4663]: AVC avc:  denied  { read } for  pid=4663 comm="firewall-offlin" name="services" dev="dm-0" ino=1335481 scontext=system_u:system_r:kernel_generic_helper_t:s0 tcontext=system_u:object_r:firewalld_etc_rw_t:s0 tclass=dir permissive=1
Aug 17 19:00:51 fedora audit[4663]: SYSCALL arch=c000003e syscall=257 success=yes exit=4 a0=ffffff9c a1=7fd5690e3c50 a2=90800 a3=0 items=0 ppid=3116 pid=4663 auid=4294967295 uid=0 gid=0 euid=0 suid=0 fsuid=0 egid=0 sgid=0 fsgid=0 tty=(none) ses=4294967295 comm="firewall-offlin" exe="/usr/bin/python3.14" subj=system_u:system_r:kernel_generic_helper_t:s0 key=(null)
Aug 17 19:00:51 fedora audit: PROCTITLE proctitle=2F7573722F62696E2F707974686F6E33002D7350002F7573722F62696E2F6669726577616C6C2D6F66666C696E652D636D64002D2D656E61626C6564002D2D736572766963653D737368
Aug 17 19:00:51 fedora audit[4663]: AVC avc:  denied  { read } for  pid=4663 comm="firewall-offlin" name="zones" dev="dm-0" ino=1335482 scontext=system_u:system_r:kernel_generic_helper_t:s0 tcontext=system_u:object_r:firewalld_etc_rw_t:s0 tclass=dir permissive=1
Aug 17 19:00:51 fedora audit[4663]: SYSCALL arch=c000003e syscall=257 success=yes exit=4 a0=ffffff9c a1=7fd5690e3c50 a2=90800 a3=0 items=0 ppid=3116 pid=4663 auid=4294967295 uid=0 gid=0 euid=0 suid=0 fsuid=0 egid=0 sgid=0 fsgid=0 tty=(none) ses=4294967295 comm="firewall-offlin" exe="/usr/bin/python3.14" subj=system_u:system_r:kernel_generic_helper_t:s0 key=(null)
Aug 17 19:00:51 fedora audit: PROCTITLE proctitle=2F7573722F62696E2F707974686F6E33002D7350002F7573722F62696E2F6669726577616C6C2D6F66666C696E652D636D64002D2D656E61626C6564002D2D736572766963653D737368
Aug 17 19:00:51 fedora audit[4663]: AVC avc:  denied  { read } for  pid=4663 comm="firewall-offlin" name="policies" dev="dm-0" ino=1335480 scontext=system_u:system_r:kernel_generic_helper_t:s0 tcontext=system_u:object_r:firewalld_etc_rw_t:s0 tclass=dir permissive=1
Aug 17 19:00:51 fedora audit[4663]: SYSCALL arch=c000003e syscall=257 success=yes exit=4 a0=ffffff9c a1=7fd5690e3c50 a2=90800 a3=0 items=0 ppid=3116 pid=4663 auid=4294967295 uid=0 gid=0 euid=0 suid=0 fsuid=0 egid=0 sgid=0 fsgid=0 tty=(none) ses=4294967295 comm="firewall-offlin" exe="/usr/bin/python3.14" subj=system_u:system_r:kernel_generic_helper_t:s0 key=(null)
Aug 17 19:00:51 fedora audit: PROCTITLE proctitle=2F7573722F62696E2F707974686F6E33002D7350002F7573722F62696E2F6669726577616C6C2D6F66666C696E652D636D64002D2D656E61626C6564002D2D736572766963653D737368
Aug 17 19:00:51 fedora audit[4664]: AVC avc:  denied  { execute } for  pid=4664 comm="firewall-offlin" name="bash" dev="dm-0" ino=1320693 scontext=system_u:system_r:kernel_generic_helper_t:s0 tcontext=system_u:object_r:shell_exec_t:s0 tclass=file permissive=1
Aug 17 19:00:51 fedora audit[4664]: AVC avc:  denied  { execute_no_trans } for  pid=4664 comm="firewall-offlin" path="/usr/bin/bash" dev="dm-0" ino=1320693 scontext=system_u:system_r:kernel_generic_helper_t:s0 tcontext=system_u:object_r:shell_exec_t:s0 tclass=file permissive=1
Aug 17 19:00:51 fedora audit[4664]: AVC avc:  denied  { map } for  pid=4664 comm="sh" path="/usr/bin/bash" dev="dm-0" ino=1320693 scontext=system_u:system_r:kernel_generic_helper_t:s0 tcontext=system_u:object_r:shell_exec_t:s0 tclass=file permissive=1
Aug 17 19:00:51 fedora audit[4664]: SYSCALL arch=c000003e syscall=59 success=yes exit=0 a0=7fd56b5bb0ba a1=7ffd4bcd26d0 a2=7ffd4bcd3338 a3=8 items=1 ppid=4663 pid=4664 auid=4294967295 uid=0 gid=0 euid=0 suid=0 fsuid=0 egid=0 sgid=0 fsgid=0 tty=(none) ses=4294967295 comm="sh" exe="/usr/bin/bash" subj=system_u:system_r:kernel_generic_helper_t:s0 key=(null)
Aug 17 19:00:51 fedora audit: EXECVE argc=4 a0="sh" a1="-c" a2="--" a3=73797374656D63746C20656E61626C65206669726577616C6C642E73657276696365
Aug 17 19:00:51 fedora audit: CWD cwd="/"
Aug 17 19:00:51 fedora audit: PATH item=0 name="/lib64/ld-linux-x86-64.so.2" inode=1470182 dev=fc:00 mode=0100755 ouid=0 ogid=0 rdev=00:00 obj=system_u:object_r:ld_so_t:s0 nametype=NORMAL cap_fp=0 cap_fi=0 cap_fe=0 cap_fver=0 cap_frootid=0
Aug 17 19:00:51 fedora audit: PROCTITLE proctitle=7368002D63002D2D0073797374656D63746C20656E61626C65206669726577616C6C642E73657276696365
Aug 17 19:00:51 fedora audit[4664]: AVC avc:  denied  { getattr } for  pid=4664 comm="sh" path="/usr/bin/systemctl" dev="dm-0" ino=1311033 scontext=system_u:system_r:kernel_generic_helper_t:s0 tcontext=system_u:object_r:systemd_systemctl_exec_t:s0 tclass=file permissive=1
Aug 17 19:00:51 fedora audit[4664]: SYSCALL arch=c000003e syscall=262 success=yes exit=0 a0=ffffff9c a1=562f8e70b2a0 a2=7fffdcb7e390 a3=0 items=0 ppid=4663 pid=4664 auid=4294967295 uid=0 gid=0 euid=0 suid=0 fsuid=0 egid=0 sgid=0 fsgid=0 tty=(none) ses=4294967295 comm="sh" exe="/usr/bin/bash" subj=system_u:system_r:kernel_generic_helper_t:s0 key=(null)
Aug 17 19:00:51 fedora audit: PROCTITLE proctitle=7368002D63002D2D0073797374656D63746C20656E61626C65206669726577616C6C642E73657276696365
Aug 17 19:00:51 fedora audit[4664]: AVC avc:  denied  { execute } for  pid=4664 comm="sh" name="systemctl" dev="dm-0" ino=1311033 scontext=system_u:system_r:kernel_generic_helper_t:s0 tcontext=system_u:object_r:systemd_systemctl_exec_t:s0 tclass=file permissive=1
Aug 17 19:00:51 fedora audit[4664]: SYSCALL arch=c000003e syscall=21 success=yes exit=0 a0=562f8e70b2a0 a1=1 a2=0 a3=0 items=0 ppid=4663 pid=4664 auid=4294967295 uid=0 gid=0 euid=0 suid=0 fsuid=0 egid=0 sgid=0 fsgid=0 tty=(none) ses=4294967295 comm="sh" exe="/usr/bin/bash" subj=system_u:system_r:kernel_generic_helper_t:s0 key=(null)
Aug 17 19:00:51 fedora audit: PROCTITLE proctitle=7368002D63002D2D0073797374656D63746C20656E61626C65206669726577616C6C642E73657276696365
Aug 17 19:00:51 fedora audit[4664]: AVC avc:  denied  { read } for  pid=4664 comm="sh" name="systemctl" dev="dm-0" ino=1311033 scontext=system_u:system_r:kernel_generic_helper_t:s0 tcontext=system_u:object_r:systemd_systemctl_exec_t:s0 tclass=file permissive=1
Aug 17 19:00:51 fedora audit[4664]: SYSCALL arch=c000003e syscall=21 success=yes exit=0 a0=562f8e70b2a0 a1=4 a2=0 a3=0 items=0 ppid=4663 pid=4664 auid=4294967295 uid=0 gid=0 euid=0 suid=0 fsuid=0 egid=0 sgid=0 fsgid=0 tty=(none) ses=4294967295 comm="sh" exe="/usr/bin/bash" subj=system_u:system_r:kernel_generic_helper_t:s0 key=(null)
Aug 17 19:00:51 fedora audit: PROCTITLE proctitle=7368002D63002D2D0073797374656D63746C20656E61626C65206669726577616C6C642E73657276696365
Aug 17 19:00:51 fedora audit[4664]: AVC avc:  denied  { open } for  pid=4664 comm="sh" path="/usr/bin/systemctl" dev="dm-0" ino=1311033 scontext=system_u:system_r:kernel_generic_helper_t:s0 tcontext=system_u:object_r:systemd_systemctl_exec_t:s0 tclass=file permissive=1
Aug 17 19:00:51 fedora audit[4664]: AVC avc:  denied  { execute_no_trans } for  pid=4664 comm="sh" path="/usr/bin/systemctl" dev="dm-0" ino=1311033 scontext=system_u:system_r:kernel_generic_helper_t:s0 tcontext=system_u:object_r:systemd_systemctl_exec_t:s0 tclass=file permissive=1
Aug 17 19:00:51 fedora audit[4664]: AVC avc:  denied  { map } for  pid=4664 comm="systemctl" path="/usr/bin/systemctl" dev="dm-0" ino=1311033 scontext=system_u:system_r:kernel_generic_helper_t:s0 tcontext=system_u:object_r:systemd_systemctl_exec_t:s0 tclass=file permissive=1
Aug 17 19:00:51 fedora audit[4664]: SYSCALL arch=c000003e syscall=59 success=yes exit=0 a0=562f8e70b2a0 a1=562f8e70c2c0 a2=562f8e70bb50 a3=4 items=1 ppid=4663 pid=4664 auid=4294967295 uid=0 gid=0 euid=0 suid=0 fsuid=0 egid=0 sgid=0 fsgid=0 tty=(none) ses=4294967295 comm="systemctl" exe="/usr/bin/systemctl" subj=system_u:system_r:kernel_generic_helper_t:s0 key=(null)
Aug 17 19:00:51 fedora audit: EXECVE argc=3 a0="systemctl" a1="enable" a2="firewalld.service"
Aug 17 19:00:51 fedora audit: CWD cwd="/"
Aug 17 19:00:51 fedora audit: PATH item=0 name="/lib64/ld-linux-x86-64.so.2" inode=1470182 dev=fc:00 mode=0100755 ouid=0 ogid=0 rdev=00:00 obj=system_u:object_r:ld_so_t:s0 nametype=NORMAL cap_fp=0 cap_fi=0 cap_fe=0 cap_fver=0 cap_frootid=0
Aug 17 19:00:51 fedora audit: PROCTITLE proctitle=7368002D63002D2D0073797374656D63746C20656E61626C65206669726577616C6C642E73657276696365
Aug 17 19:00:51 fedora audit[4664]: AVC avc:  denied  { search } for  pid=4664 comm="systemctl" name="transient" dev="tmpfs" ino=2236 scontext=system_u:system_r:kernel_generic_helper_t:s0 tcontext=system_u:object_r:systemd_unit_file_t:s0 tclass=dir permissive=1
Aug 17 19:00:51 fedora audit[4664]: SYSCALL arch=c000003e syscall=262 success=no exit=-2 a0=ffffff9c a1=5608f66f6750 a2=7fffcdc5c0e0 a3=100 items=0 ppid=4663 pid=4664 auid=4294967295 uid=0 gid=0 euid=0 suid=0 fsuid=0 egid=0 sgid=0 fsgid=0 tty=(none) ses=4294967295 comm="systemctl" exe="/usr/bin/systemctl" subj=system_u:system_r:kernel_generic_helper_t:s0 key=(null)
Aug 17 19:00:51 fedora audit: PROCTITLE proctitle=7368002D63002D2D0073797374656D63746C20656E61626C65206669726577616C6C642E73657276696365
Aug 17 19:00:51 fedora audit[4664]: AVC avc:  denied  { search } for  pid=4664 comm="systemctl" name="system" dev="dm-0" ino=1338782 scontext=system_u:system_r:kernel_generic_helper_t:s0 tcontext=system_u:object_r:systemd_unit_file_t:s0 tclass=dir permissive=1
Aug 17 19:00:51 fedora audit[4664]: SYSCALL arch=c000003e syscall=262 success=no exit=-2 a0=ffffff9c a1=5608f66f6750 a2=7fffcdc5c0e0 a3=100 items=0 ppid=4663 pid=4664 auid=4294967295 uid=0 gid=0 euid=0 suid=0 fsuid=0 egid=0 sgid=0 fsgid=0 tty=(none) ses=4294967295 comm="systemctl" exe="/usr/bin/systemctl" subj=system_u:system_r:kernel_generic_helper_t:s0 key=(null)
Aug 17 19:00:51 fedora audit: PROCTITLE proctitle=7368002D63002D2D0073797374656D63746C20656E61626C65206669726577616C6C642E73657276696365
Aug 17 19:00:51 fedora audit[4664]: AVC avc:  denied  { search } for  pid=4664 comm="systemctl" name="system" dev="tmpfs" ino=3 scontext=system_u:system_r:kernel_generic_helper_t:s0 tcontext=system_u:object_r:systemd_unit_file_t:s0 tclass=dir permissive=1
Aug 17 19:00:51 fedora audit[4664]: SYSCALL arch=c000003e syscall=262 success=no exit=-2 a0=ffffff9c a1=5608f66f6750 a2=7fffcdc5c0e0 a3=100 items=0 ppid=4663 pid=4664 auid=4294967295 uid=0 gid=0 euid=0 suid=0 fsuid=0 egid=0 sgid=0 fsgid=0 tty=(none) ses=4294967295 comm="systemctl" exe="/usr/bin/systemctl" subj=system_u:system_r:kernel_generic_helper_t:s0 key=(null)
Aug 17 19:00:51 fedora audit: PROCTITLE proctitle=7368002D63002D2D0073797374656D63746C20656E61626C65206669726577616C6C642E73657276696365
Aug 17 19:00:51 fedora audit[4664]: AVC avc:  denied  { search } for  pid=4664 comm="systemctl" name="system" dev="dm-0" ino=1204196 scontext=system_u:system_r:kernel_generic_helper_t:s0 tcontext=system_u:object_r:systemd_unit_file_t:s0 tclass=dir permissive=1
Aug 17 19:00:51 fedora audit[4664]: AVC avc:  denied  { getattr } for  pid=4664 comm="systemctl" path="/usr/lib/systemd/system/firewalld.service" dev="dm-0" ino=1469273 scontext=system_u:system_r:kernel_generic_helper_t:s0 tcontext=system_u:object_r:firewalld_unit_file_t:s0 tclass=file permissive=1
Aug 17 19:00:51 fedora audit[4664]: SYSCALL arch=c000003e syscall=262 success=yes exit=0 a0=ffffff9c a1=5608f66f6750 a2=7fffcdc5c0e0 a3=100 items=1 ppid=4663 pid=4664 auid=4294967295 uid=0 gid=0 euid=0 suid=0 fsuid=0 egid=0 sgid=0 fsgid=0 tty=(none) ses=4294967295 comm="systemctl" exe="/usr/bin/systemctl" subj=system_u:system_r:kernel_generic_helper_t:s0 key=(null)
Aug 17 19:00:51 fedora audit: CWD cwd="/"
Aug 17 19:00:51 fedora audit: PATH item=0 name="/usr/lib/systemd/system/firewalld.service" inode=1469273 dev=fc:00 mode=0100644 ouid=0 ogid=0 rdev=00:00 obj=system_u:object_r:firewalld_unit_file_t:s0 nametype=NORMAL cap_fp=0 cap_fi=0 cap_fe=0 cap_fver=0 cap_frootid=0
Aug 17 19:00:51 fedora audit: PROCTITLE proctitle=7368002D63002D2D0073797374656D63746C20656E61626C65206669726577616C6C642E73657276696365
Aug 17 19:00:51 fedora audit[4664]: AVC avc:  denied  { getattr } for  pid=4664 comm="systemctl" path="/run/systemd" dev="tmpfs" ino=2 scontext=system_u:system_r:kernel_generic_helper_t:s0 tcontext=system_u:object_r:init_var_run_t:s0 tclass=dir permissive=1
Aug 17 19:00:51 fedora audit[4664]: SYSCALL arch=c000003e syscall=5 success=yes exit=0 a0=4 a1=7fffcdc5be70 a2=0 a3=0 items=0 ppid=4663 pid=4664 auid=4294967295 uid=0 gid=0 euid=0 suid=0 fsuid=0 egid=0 sgid=0 fsgid=0 tty=(none) ses=4294967295 comm="systemctl" exe="/usr/bin/systemctl" subj=system_u:system_r:kernel_generic_helper_t:s0 key=(null)
Aug 17 19:00:51 fedora audit: PROCTITLE proctitle=7368002D63002D2D0073797374656D63746C20656E61626C65206669726577616C6C642E73657276696365
Aug 17 19:00:51 fedora audit[4664]: AVC avc:  denied  { getattr } for  pid=4664 comm="systemctl" path="/run/systemd/transient" dev="tmpfs" ino=2236 scontext=system_u:system_r:kernel_generic_helper_t:s0 tcontext=system_u:object_r:systemd_unit_file_t:s0 tclass=dir permissive=1
Aug 17 19:00:51 fedora audit[4664]: SYSCALL arch=c000003e syscall=5 success=yes exit=0 a0=6 a1=7fffcdc5be70 a2=0 a3=0 items=0 ppid=4663 pid=4664 auid=4294967295 uid=0 gid=0 euid=0 suid=0 fsuid=0 egid=0 sgid=0 fsgid=0 tty=(none) ses=4294967295 comm="systemctl" exe="/usr/bin/systemctl" subj=system_u:system_r:kernel_generic_helper_t:s0 key=(null)
Aug 17 19:00:51 fedora audit: PROCTITLE proctitle=7368002D63002D2D0073797374656D63746C20656E61626C65206669726577616C6C642E73657276696365
Aug 17 19:00:51 fedora audit[4664]: AVC avc:  denied  { search } for  pid=4664 comm="systemctl" name="transient" dev="tmpfs" ino=2236 scontext=system_u:system_r:kernel_generic_helper_t:s0 tcontext=system_u:object_r:systemd_unit_file_t:s0 tclass=dir permissive=1
Aug 17 19:00:51 fedora audit[4664]: SYSCALL arch=c000003e syscall=257 success=no exit=-2 a0=6 a1=5608f66f5290 a2=2a0000 a3=0 items=0 ppid=4663 pid=4664 auid=4294967295 uid=0 gid=0 euid=0 suid=0 fsuid=0 egid=0 sgid=0 fsgid=0 tty=(none) ses=4294967295 comm="systemctl" exe="/usr/bin/systemctl" subj=system_u:system_r:kernel_generic_helper_t:s0 key=(null)
Aug 17 19:00:51 fedora audit: PROCTITLE proctitle=7368002D63002D2D0073797374656D63746C20656E61626C65206669726577616C6C642E73657276696365
Aug 17 19:00:51 fedora audit[4664]: AVC avc:  denied  { search } for  pid=4664 comm="systemctl" name="system" dev="dm-0" ino=1338782 scontext=system_u:system_r:kernel_generic_helper_t:s0 tcontext=system_u:object_r:systemd_unit_file_t:s0 tclass=dir permissive=1
Aug 17 19:00:51 fedora audit[4664]: SYSCALL arch=c000003e syscall=257 success=no exit=-2 a0=6 a1=5608f66f5320 a2=2a0000 a3=0 items=0 ppid=4663 pid=4664 auid=4294967295 uid=0 gid=0 euid=0 suid=0 fsuid=0 egid=0 sgid=0 fsgid=0 tty=(none) ses=4294967295 comm="systemctl" exe="/usr/bin/systemctl" subj=system_u:system_r:kernel_generic_helper_t:s0 key=(null)
Aug 17 19:00:51 fedora audit: PROCTITLE proctitle=7368002D63002D2D0073797374656D63746C20656E61626C65206669726577616C6C642E73657276696365
Aug 17 19:00:51 fedora audit[4664]: AVC avc:  denied  { search } for  pid=4664 comm="systemctl" name="system" dev="tmpfs" ino=3 scontext=system_u:system_r:kernel_generic_helper_t:s0 tcontext=system_u:object_r:systemd_unit_file_t:s0 tclass=dir permissive=1
Aug 17 19:00:51 fedora audit[4664]: SYSCALL arch=c000003e syscall=257 success=no exit=-2 a0=6 a1=5608f66f52b0 a2=2a0000 a3=0 items=0 ppid=4663 pid=4664 auid=4294967295 uid=0 gid=0 euid=0 suid=0 fsuid=0 egid=0 sgid=0 fsgid=0 tty=(none) ses=4294967295 comm="systemctl" exe="/usr/bin/systemctl" subj=system_u:system_r:kernel_generic_helper_t:s0 key=(null)
Aug 17 19:00:51 fedora audit: PROCTITLE proctitle=7368002D63002D2D0073797374656D63746C20656E61626C65206669726577616C6C642E73657276696365
Aug 17 19:00:51 fedora audit[4664]: AVC avc:  denied  { search } for  pid=4664 comm="systemctl" name="system" dev="dm-0" ino=1204196 scontext=system_u:system_r:kernel_generic_helper_t:s0 tcontext=system_u:object_r:systemd_unit_file_t:s0 tclass=dir permissive=1
Aug 17 19:00:51 fedora audit[4664]: SYSCALL arch=c000003e syscall=257 success=no exit=-2 a0=4 a1=5608f66f5290 a2=2a0000 a3=0 items=0 ppid=4663 pid=4664 auid=4294967295 uid=0 gid=0 euid=0 suid=0 fsuid=0 egid=0 sgid=0 fsgid=0 tty=(none) ses=4294967295 comm="systemctl" exe="/usr/bin/systemctl" subj=system_u:system_r:kernel_generic_helper_t:s0 key=(null)
Aug 17 19:00:51 fedora audit: PROCTITLE proctitle=7368002D63002D2D0073797374656D63746C20656E61626C65206669726577616C6C642E73657276696365
Aug 17 19:00:51 fedora audit[4664]: AVC avc:  denied  { search } for  pid=4664 comm="systemctl" name="1" dev="proc" ino=30898 scontext=system_u:system_r:kernel_generic_helper_t:s0 tcontext=system_u:system_r:kernel_t:s0 tclass=dir permissive=1
Aug 17 19:00:51 fedora audit[4664]: AVC avc:  denied  { read } for  pid=4664 comm="systemctl" name="root" dev="proc" ino=29912 scontext=system_u:system_r:kernel_generic_helper_t:s0 tcontext=system_u:system_r:kernel_t:s0 tclass=lnk_file permissive=1
Aug 17 19:00:51 fedora audit[4664]: AVC avc:  denied  { read } for  pid=4664 comm="systemctl" scontext=system_u:system_r:kernel_generic_helper_t:s0 tcontext=system_u:system_r:kernel_t:s0 tclass=file permissive=1
Aug 17 19:00:51 fedora audit[4664]: SYSCALL arch=c000003e syscall=257 success=yes exit=3 a0=ffffffffffffff9c a1=7f177fbc6250 a2=280000 a3=0 items=1 ppid=4663 pid=4664 auid=4294967295 uid=0 gid=0 euid=0 suid=0 fsuid=0 egid=0 sgid=0 fsgid=0 tty=(none) ses=4294967295 comm="systemctl" exe="/usr/bin/systemctl" subj=system_u:system_r:kernel_generic_helper_t:s0 key=(null)
Aug 17 19:00:51 fedora audit: CWD cwd="/"
Aug 17 19:00:51 fedora audit: PATH item=0 name="/proc/1/root" inode=2 dev=00:24 mode=040755 ouid=0 ogid=0 rdev=00:00 obj=system_u:object_r:tmpfs_t:s0 nametype=NORMAL cap_fp=0 cap_fi=0 cap_fe=0 cap_fver=0 cap_frootid=0
Aug 17 19:00:51 fedora audit: PROCTITLE proctitle=7368002D63002D2D0073797374656D63746C20656E61626C65206669726577616C6C642E73657276696365
Aug 17 19:00:51 fedora audit[4664]: AVC avc:  denied  { search } for  pid=4664 comm="systemctl" name="transient" dev="tmpfs" ino=2236 scontext=system_u:system_r:kernel_generic_helper_t:s0 tcontext=system_u:object_r:systemd_unit_file_t:s0 tclass=dir permissive=1
Aug 17 19:00:51 fedora audit[4664]: SYSCALL arch=c000003e syscall=257 success=no exit=-2 a0=ffffffffffffff9c a1=5608f66f6750 a2=a0100 a3=0 items=0 ppid=4663 pid=4664 auid=4294967295 uid=0 gid=0 euid=0 suid=0 fsuid=0 egid=0 sgid=0 fsgid=0 tty=(none) ses=4294967295 comm="systemctl" exe="/usr/bin/systemctl" subj=system_u:system_r:kernel_generic_helper_t:s0 key=(null)
Aug 17 19:00:51 fedora audit: PROCTITLE proctitle=7368002D63002D2D0073797374656D63746C20656E61626C65206669726577616C6C642E73657276696365
Aug 17 19:00:51 fedora audit[4664]: AVC avc:  denied  { search } for  pid=4664 comm="systemctl" name="system" dev="dm-0" ino=1338782 scontext=system_u:system_r:kernel_generic_helper_t:s0 tcontext=system_u:object_r:systemd_unit_file_t:s0 tclass=dir permissive=1
Aug 17 19:00:51 fedora audit[4664]: SYSCALL arch=c000003e syscall=257 success=no exit=-2 a0=ffffffffffffff9c a1=5608f66f6750 a2=a0100 a3=0 items=0 ppid=4663 pid=4664 auid=4294967295 uid=0 gid=0 euid=0 suid=0 fsuid=0 egid=0 sgid=0 fsgid=0 tty=(none) ses=4294967295 comm="systemctl" exe="/usr/bin/systemctl" subj=system_u:system_r:kernel_generic_helper_t:s0 key=(null)
Aug 17 19:00:51 fedora audit: PROCTITLE proctitle=7368002D63002D2D0073797374656D63746C20656E61626C65206669726577616C6C642E73657276696365
Aug 17 19:00:51 fedora audit[4664]: AVC avc:  denied  { search } for  pid=4664 comm="systemctl" name="system" dev="tmpfs" ino=3 scontext=system_u:system_r:kernel_generic_helper_t:s0 tcontext=system_u:object_r:systemd_unit_file_t:s0 tclass=dir permissive=1
Aug 17 19:00:51 fedora audit[4664]: SYSCALL arch=c000003e syscall=257 success=no exit=-2 a0=ffffffffffffff9c a1=5608f66f6750 a2=a0100 a3=0 items=0 ppid=4663 pid=4664 auid=4294967295 uid=0 gid=0 euid=0 suid=0 fsuid=0 egid=0 sgid=0 fsgid=0 tty=(none) ses=4294967295 comm="systemctl" exe="/usr/bin/systemctl" subj=system_u:system_r:kernel_generic_helper_t:s0 key=(null)
Aug 17 19:00:51 fedora audit: PROCTITLE proctitle=7368002D63002D2D0073797374656D63746C20656E61626C65206669726577616C6C642E73657276696365
Aug 17 19:00:51 fedora audit[4664]: AVC avc:  denied  { search } for  pid=4664 comm="systemctl" name="generator" dev="tmpfs" ino=735 scontext=system_u:system_r:kernel_generic_helper_t:s0 tcontext=system_u:object_r:systemd_generator_unit_file_t:s0 tclass=dir permissive=1
Aug 17 19:00:51 fedora audit[4664]: SYSCALL arch=c000003e syscall=257 success=no exit=-2 a0=ffffffffffffff9c a1=5608f66f6750 a2=a0100 a3=0 items=0 ppid=4663 pid=4664 auid=4294967295 uid=0 gid=0 euid=0 suid=0 fsuid=0 egid=0 sgid=0 fsgid=0 tty=(none) ses=4294967295 comm="systemctl" exe="/usr/bin/systemctl" subj=system_u:system_r:kernel_generic_helper_t:s0 key=(null)
Aug 17 19:00:51 fedora audit: PROCTITLE proctitle=7368002D63002D2D0073797374656D63746C20656E61626C65206669726577616C6C642E73657276696365
Aug 17 19:00:51 fedora audit[4664]: AVC avc:  denied  { read } for  pid=4664 comm="systemctl" name="firewalld.service" dev="dm-0" ino=1469273 scontext=system_u:system_r:kernel_generic_helper_t:s0 tcontext=system_u:object_r:firewalld_unit_file_t:s0 tclass=file permissive=1
Aug 17 19:00:51 fedora audit[4664]: AVC avc:  denied  { open } for  pid=4664 comm="systemctl" path="/usr/lib/systemd/system/firewalld.service" dev="dm-0" ino=1469273 scontext=system_u:system_r:kernel_generic_helper_t:s0 tcontext=system_u:object_r:firewalld_unit_file_t:s0 tclass=file permissive=1
Aug 17 19:00:51 fedora audit[4664]: SYSCALL arch=c000003e syscall=257 success=yes exit=3 a0=ffffffffffffff9c a1=5608f66f6750 a2=a0100 a3=0 items=0 ppid=4663 pid=4664 auid=4294967295 uid=0 gid=0 euid=0 suid=0 fsuid=0 egid=0 sgid=0 fsgid=0 tty=(none) ses=4294967295 comm="systemctl" exe="/usr/bin/systemctl" subj=system_u:system_r:kernel_generic_helper_t:s0 key=(null)
Aug 17 19:00:51 fedora audit: PROCTITLE proctitle=7368002D63002D2D0073797374656D63746C20656E61626C65206669726577616C6C642E73657276696365
Aug 17 19:00:51 fedora audit[4664]: AVC avc:  denied  { ioctl } for  pid=4664 comm="systemctl" path="/usr/lib/systemd/system/firewalld.service" dev="dm-0" ino=1469273 ioctlcmd=0x542a scontext=system_u:system_r:kernel_generic_helper_t:s0 tcontext=system_u:object_r:firewalld_unit_file_t:s0 tclass=file permissive=1
Aug 17 19:00:51 fedora audit[4664]: SYSCALL arch=c000003e syscall=16 success=no exit=-25 a0=3 a1=802c542a a2=7fffcdc5be80 a3=0 items=0 ppid=4663 pid=4664 auid=4294967295 uid=0 gid=0 euid=0 suid=0 fsuid=0 egid=0 sgid=0 fsgid=0 tty=(none) ses=4294967295 comm="systemctl" exe="/usr/bin/systemctl" subj=system_u:system_r:kernel_generic_helper_t:s0 key=(null)
Aug 17 19:00:51 fedora audit: PROCTITLE proctitle=7368002D63002D2D0073797374656D63746C20656E61626C65206669726577616C6C642E73657276696365
Aug 17 19:00:51 fedora audit[4664]: AVC avc:  denied  { getattr } for  pid=4664 comm="systemctl" path="/run/systemd/generator" dev="tmpfs" ino=735 scontext=system_u:system_r:kernel_generic_helper_t:s0 tcontext=system_u:object_r:systemd_generator_unit_file_t:s0 tclass=dir permissive=1
Aug 17 19:00:51 fedora audit[4664]: SYSCALL arch=c000003e syscall=5 success=yes exit=0 a0=6 a1=7fffcdc5be90 a2=0 a3=0 items=0 ppid=4663 pid=4664 auid=4294967295 uid=0 gid=0 euid=0 suid=0 fsuid=0 egid=0 sgid=0 fsgid=0 tty=(none) ses=4294967295 comm="systemctl" exe="/usr/bin/systemctl" subj=system_u:system_r:kernel_generic_helper_t:s0 key=(null)
Aug 17 19:00:51 fedora audit: PROCTITLE proctitle=7368002D63002D2D0073797374656D63746C20656E61626C65206669726577616C6C642E73657276696365
Aug 17 19:00:51 fedora audit[4664]: AVC avc:  denied  { getattr } for  pid=4664 comm="systemctl" path="/etc/systemd/system/dbus-org.fedoraproject.FirewallD1.service" dev="dm-0" ino=1338785 scontext=system_u:system_r:kernel_generic_helper_t:s0 tcontext=system_u:object_r:systemd_unit_file_t:s0 tclass=lnk_file permissive=1
Aug 17 19:00:51 fedora audit[4664]: SYSCALL arch=c000003e syscall=5 success=yes exit=0 a0=4 a1=7fffcdc5c1c0 a2=0 a3=0 items=0 ppid=4663 pid=4664 auid=4294967295 uid=0 gid=0 euid=0 suid=0 fsuid=0 egid=0 sgid=0 fsgid=0 tty=(none) ses=4294967295 comm="systemctl" exe="/usr/bin/systemctl" subj=system_u:system_r:kernel_generic_helper_t:s0 key=(null)
Aug 17 19:00:51 fedora audit: PROCTITLE proctitle=7368002D63002D2D0073797374656D63746C20656E61626C65206669726577616C6C642E73657276696365
Aug 17 19:00:51 fedora audit[4664]: AVC avc:  denied  { read } for  pid=4664 comm="systemctl" name="dbus-org.fedoraproject.FirewallD1.service" dev="dm-0" ino=1338785 scontext=system_u:system_r:kernel_generic_helper_t:s0 tcontext=system_u:object_r:systemd_unit_file_t:s0 tclass=lnk_file permissive=1
Aug 17 19:00:51 fedora audit[4664]: SYSCALL arch=c000003e syscall=267 success=yes exit=41 a0=6 a1=5608f66f73d0 a2=5608f66f8290 a3=1000 items=0 ppid=4663 pid=4664 auid=4294967295 uid=0 gid=0 euid=0 suid=0 fsuid=0 egid=0 sgid=0 fsgid=0 tty=(none) ses=4294967295 comm="systemctl" exe="/usr/bin/systemctl" subj=system_u:system_r:kernel_generic_helper_t:s0 key=(null)
Aug 17 19:00:51 fedora audit: PROCTITLE proctitle=7368002D63002D2D0073797374656D63746C20656E61626C65206669726577616C6C642E73657276696365
Aug 17 19:00:51 fedora audit[4664]: AVC avc:  denied  { getattr } for  pid=4664 comm="systemctl" path="/usr/lib/systemd/system/multi-user.target" dev="dm-0" ino=1310900 scontext=system_u:system_r:kernel_generic_helper_t:s0 tcontext=system_u:object_r:systemd_unit_file_t:s0 tclass=file permissive=1
Aug 17 19:00:51 fedora audit[4664]: SYSCALL arch=c000003e syscall=262 success=yes exit=0 a0=ffffff9c a1=5608f66f8290 a2=7fffcdc5bf00 a3=100 items=0 ppid=4663 pid=4664 auid=4294967295 uid=0 gid=0 euid=0 suid=0 fsuid=0 egid=0 sgid=0 fsgid=0 tty=(none) ses=4294967295 comm="systemctl" exe="/usr/bin/systemctl" subj=system_u:system_r:kernel_generic_helper_t:s0 key=(null)
Aug 17 19:00:51 fedora audit: PROCTITLE proctitle=7368002D63002D2D0073797374656D63746C20656E61626C65206669726577616C6C642E73657276696365
Aug 17 19:00:51 fedora audit[4663]: AVC avc:  denied  { write } for  pid=4663 comm="firewall-offlin" name="zones" dev="dm-0" ino=1335482 scontext=system_u:system_r:kernel_generic_helper_t:s0 tcontext=system_u:object_r:firewalld_etc_rw_t:s0 tclass=dir permissive=1
Aug 17 19:00:51 fedora audit[4663]: AVC avc:  denied  { add_name } for  pid=4663 comm="firewall-offlin" name="bunny-default.xml" scontext=system_u:system_r:kernel_generic_helper_t:s0 tcontext=system_u:object_r:firewalld_etc_rw_t:s0 tclass=dir permissive=1
Aug 17 19:00:51 fedora audit[4663]: AVC avc:  denied  { create } for  pid=4663 comm="firewall-offlin" name="bunny-default.xml" scontext=system_u:system_r:kernel_generic_helper_t:s0 tcontext=system_u:object_r:firewalld_etc_rw_t:s0 tclass=file permissive=1
Aug 17 19:00:51 fedora audit[4663]: AVC avc:  denied  { write } for  pid=4663 comm="firewall-offlin" path="/etc/firewalld/zones/bunny-default.xml" dev="dm-0" ino=1339023 scontext=system_u:system_r:kernel_generic_helper_t:s0 tcontext=system_u:object_r:firewalld_etc_rw_t:s0 tclass=file permissive=1
Aug 17 19:00:51 fedora audit[4663]: SYSCALL arch=c000003e syscall=257 success=yes exit=4 a0=ffffffffffffff9c a1=7fd568da1720 a2=80241 a3=1b6 items=4 ppid=3116 pid=4663 auid=4294967295 uid=0 gid=0 euid=0 suid=0 fsuid=0 egid=0 sgid=0 fsgid=0 tty=(none) ses=4294967295 comm="firewall-offlin" exe="/usr/bin/python3.14" subj=system_u:system_r:kernel_generic_helper_t:s0 key=(null)
Aug 17 19:00:51 fedora audit: CWD cwd="/"
Aug 17 19:00:51 fedora audit: PATH item=0 name=(null) inode=1335482 dev=fc:00 mode=040750 ouid=0 ogid=0 rdev=00:00 obj=system_u:object_r:firewalld_etc_rw_t:s0 nametype=PARENT cap_fp=0 cap_fi=0 cap_fe=0 cap_fver=0 cap_frootid=0
Aug 17 19:00:51 fedora audit: PATH item=1 name=(null) nametype=CREATE cap_fp=0 cap_fi=0 cap_fe=0 cap_fver=0 cap_frootid=0
Aug 17 19:00:51 fedora audit: PATH item=2 name=(null) inode=1335482 dev=fc:00 mode=040750 ouid=0 ogid=0 rdev=00:00 obj=system_u:object_r:firewalld_etc_rw_t:s0 nametype=PARENT cap_fp=0 cap_fi=0 cap_fe=0 cap_fver=0 cap_frootid=0
Aug 17 19:00:51 fedora audit: PATH item=3 name=(null) inode=1339023 dev=fc:00 mode=0100644 ouid=0 ogid=0 rdev=00:00 obj=system_u:object_r:firewalld_etc_rw_t:s0 nametype=CREATE cap_fp=0 cap_fi=0 cap_fe=0 cap_fver=0 cap_frootid=0
Aug 17 19:00:51 fedora audit: PROCTITLE proctitle=2F7573722F62696E2F707974686F6E33002D7350002F7573722F62696E2F6669726577616C6C2D6F66666C696E652D636D64002D2D656E61626C6564002D2D736572766963653D737368
Aug 17 19:00:51 fedora audit[4663]: AVC avc:  denied  { write } for  pid=4663 comm="firewall-offlin" name="zones" dev="dm-0" ino=1335482 scontext=system_u:system_r:kernel_generic_helper_t:s0 tcontext=system_u:object_r:firewalld_etc_rw_t:s0 tclass=dir permissive=1
Aug 17 19:00:51 fedora audit[4663]: SYSCALL arch=c000003e syscall=257 success=yes exit=5 a0=ffffffffffffff9c a1=7fd568da1680 a2=80241 a3=1b6 items=4 ppid=3116 pid=4663 auid=4294967295 uid=0 gid=0 euid=0 suid=0 fsuid=0 egid=0 sgid=0 fsgid=0 tty=(none) ses=4294967295 comm="firewall-offlin" exe="/usr/bin/python3.14" subj=system_u:system_r:kernel_generic_helper_t:s0 key=(null)
Aug 17 19:00:51 fedora audit: CWD cwd="/"
Aug 17 19:00:51 fedora audit: PATH item=0 name=(null) inode=1335482 dev=fc:00 mode=040750 ouid=0 ogid=0 rdev=00:00 obj=system_u:object_r:firewalld_etc_rw_t:s0 nametype=PARENT cap_fp=0 cap_fi=0 cap_fe=0 cap_fver=0 cap_frootid=0
Aug 17 19:00:51 fedora audit: PATH item=1 name=(null) nametype=CREATE cap_fp=0 cap_fi=0 cap_fe=0 cap_fver=0 cap_frootid=0
Aug 17 19:00:51 fedora audit: PATH item=2 name=(null) inode=1335482 dev=fc:00 mode=040750 ouid=0 ogid=0 rdev=00:00 obj=system_u:object_r:firewalld_etc_rw_t:s0 nametype=PARENT cap_fp=0 cap_fi=0 cap_fe=0 cap_fver=0 cap_frootid=0
Aug 17 19:00:51 fedora audit: PATH item=3 name=(null) inode=1339024 dev=fc:00 mode=0100644 ouid=0 ogid=0 rdev=00:00 obj=system_u:object_r:firewalld_etc_rw_t:s0 nametype=CREATE cap_fp=0 cap_fi=0 cap_fe=0 cap_fver=0 cap_frootid=0
Aug 17 19:00:51 fedora audit: PROCTITLE proctitle=2F7573722F62696E2F707974686F6E33002D7350002F7573722F62696E2F6669726577616C6C2D6F66666C696E652D636D64002D2D656E61626C6564002D2D736572766963653D737368
Aug 17 19:00:51 fedora audit[4663]: AVC avc:  denied  { setattr } for  pid=4663 comm="firewall-offlin" name="bunny-default.xml.old" dev="dm-0" ino=1339024 scontext=system_u:system_r:kernel_generic_helper_t:s0 tcontext=system_u:object_r:firewalld_etc_rw_t:s0 tclass=file permissive=1
Aug 17 19:00:51 fedora audit[4663]: SYSCALL arch=c000003e syscall=280 success=yes exit=0 a0=ffffff9c a1=7fd568da1680 a2=7ffd4bcd29a0 a3=0 items=0 ppid=3116 pid=4663 auid=4294967295 uid=0 gid=0 euid=0 suid=0 fsuid=0 egid=0 sgid=0 fsgid=0 tty=(none) ses=4294967295 comm="firewall-offlin" exe="/usr/bin/python3.14" subj=system_u:system_r:kernel_generic_helper_t:s0 key=(null)
Aug 17 19:00:51 fedora audit: PROCTITLE proctitle=2F7573722F62696E2F707974686F6E33002D7350002F7573722F62696E2F6669726577616C6C2D6F66666C696E652D636D64002D2D656E61626C6564002D2D736572766963653D737368
Aug 17 19:00:51 fedora audit[4663]: AVC avc:  denied  { relabelfrom } for  pid=4663 comm="firewall-offlin" name="bunny-default.xml.old" dev="dm-0" ino=1339024 scontext=system_u:system_r:kernel_generic_helper_t:s0 tcontext=system_u:object_r:firewalld_etc_rw_t:s0 tclass=file permissive=1
Aug 17 19:00:51 fedora audit[4663]: AVC avc:  denied  { relabelto } for  pid=4663 comm="firewall-offlin" name="bunny-default.xml.old" dev="dm-0" ino=1339024 scontext=system_u:system_r:kernel_generic_helper_t:s0 tcontext=system_u:object_r:firewalld_etc_rw_t:s0 tclass=file permissive=1
Aug 17 19:00:51 fedora audit[4663]: SYSCALL arch=c000003e syscall=188 success=yes exit=0 a0=7fd568da1680 a1=7fd56894d950 a2=7fd568da1590 a3=28 items=0 ppid=3116 pid=4663 auid=4294967295 uid=0 gid=0 euid=0 suid=0 fsuid=0 egid=0 sgid=0 fsgid=0 tty=(none) ses=4294967295 comm="firewall-offlin" exe="/usr/bin/python3.14" subj=system_u:system_r:kernel_generic_helper_t:s0 key=(null)
Aug 17 19:00:51 fedora audit: PROCTITLE proctitle=2F7573722F62696E2F707974686F6E33002D7350002F7573722F62696E2F6669726577616C6C2D6F66666C696E652D636D64002D2D656E61626C6564002D2D736572766963653D737368
Aug 17 19:00:51 fedora dbus-daemon[3116]: INFO:program:Adding service 'ssh' to default zone.
Aug 17 19:00:51 fedora dbus-daemon[3116]: INFO:program:success
Aug 17 19:00:51 fedora dbus-daemon[3116]: DEBUG:program:Return code of /usr/bin/firewall-offline-cmd: 0
Aug 17 19:00:51 fedora dbus-daemon[3116]: INFO:anaconda.core.threads:Thread Done: AnaTaskThread-ConfigureFirewallTask-1 (139714023081664)
Aug 17 19:00:51 fedora dbus-daemon[1453]: INFO:anaconda.modules.boss.installation:Queue started: User creation (13/17)
Aug 17 19:00:51 fedora dbus-daemon[3092]: INFO:anaconda.core.threads:Running Thread: AnaTaskThread-CreateGroupsTask-1 (140071407716032)
Aug 17 19:00:51 fedora dbus-daemon[3092]: INFO:anaconda.modules.common.task.task:Create groups
Aug 17 19:00:51 fedora dbus-daemon[3092]: INFO:anaconda.core.threads:Thread Done: AnaTaskThread-CreateGroupsTask-1 (140071407716032)
Aug 17 19:00:51 fedora dbus-daemon[3092]: INFO:anaconda.core.threads:Running Thread: AnaTaskThread-CreateUsersTask-1 (140071407716032)
Aug 17 19:00:51 fedora dbus-daemon[3092]: INFO:anaconda.modules.common.task.task:Create users
Aug 17 19:00:51 fedora dbus-daemon[3092]: INFO:program:Running... useradd -R /mnt/sysroot -U -G wheel -d /home/alex -m -c Alex alex
Aug 17 19:00:51 fedora audit[4667]: AVC avc:  denied  { create } for  pid=4667 comm="useradd" scontext=system_u:system_r:kernel_t:s0 tcontext=system_u:system_r:kernel_t:s0 tclass=netlink_audit_socket permissive=1
Aug 17 19:00:51 fedora audit[4667]: SYSCALL arch=c000003e syscall=41 success=yes exit=3 a0=10 a1=80003 a2=9 a3=4 items=0 ppid=3092 pid=4667 auid=4294967295 uid=0 gid=0 euid=0 suid=0 fsuid=0 egid=0 sgid=0 fsgid=0 tty=(none) ses=4294967295 comm="useradd" exe="/usr/bin/useradd" subj=system_u:system_r:kernel_t:s0 key=(null)
Aug 17 19:00:51 fedora audit: PROCTITLE proctitle=75736572616464002D52002F6D6E742F737973726F6F74002D55002D4700776865656C002D64002F686F6D652F616C6578002D6D002D6300416C657800616C6578
Aug 17 19:00:51 fedora useradd[4667]: new group: name=alex, GID=1000
Aug 17 19:00:51 fedora useradd[4667]: new user: name=alex, UID=1000, GID=1000, home=/home/alex, shell=/bin/bash, from=none
Aug 17 19:00:51 fedora audit[4667]: AUDIT1116 pid=4667 uid=0 auid=4294967295 ses=4294967295 subj=system_u:system_r:kernel_t:s0 msg='op=add-group acct="alex" exe="/usr/bin/useradd" hostname=? addr=? terminal=? res=success'
Aug 17 19:00:51 fedora useradd[4667]: add 'alex' to group 'wheel'
Aug 17 19:00:51 fedora audit[4667]: AUDIT1114 pid=4667 uid=0 auid=4294967295 ses=4294967295 subj=system_u:system_r:kernel_t:s0 msg='op=add-user acct="alex" exe="/usr/bin/useradd" hostname=? addr=? terminal=? res=success'
Aug 17 19:00:51 fedora audit[4667]: AUDIT1102 pid=4667 uid=0 auid=4294967295 ses=4294967295 subj=system_u:system_r:kernel_t:s0 msg='op=add-user-to-group grp="wheel" acct="alex" exe="/usr/bin/useradd" hostname=? addr=? terminal=? res=success'
Aug 17 19:00:51 fedora audit[4667]: AUDIT1102 pid=4667 uid=0 auid=4294967295 ses=4294967295 subj=system_u:system_r:kernel_t:s0 msg='op=add-to-shadow-group grp="wheel" acct="alex" exe="/usr/bin/useradd" hostname=? addr=? terminal=? res=success'
Aug 17 19:00:51 fedora useradd[4667]: add 'alex' to shadow group 'wheel'
Aug 17 19:00:52 fedora audit[4667]: AUDIT1102 pid=4667 uid=0 auid=4294967295 ses=4294967295 subj=system_u:system_r:kernel_t:s0 msg='op=add-home-dir id=1000 exe="/usr/bin/useradd" hostname=? addr=? terminal=? res=success'
Aug 17 19:00:52 fedora dbus-daemon[3092]: DEBUG:program:Return code of useradd: 0
Aug 17 19:00:52 fedora dbus-daemon[3092]: INFO:program:Running in chroot '/mnt/sysroot'... restorecon -r /home/alex
Aug 17 19:00:52 fedora audit[4669]: AVC avc:  denied  { execute_no_trans } for  pid=4669 comm="AnaTaskThread-C" path="/usr/bin/setfiles" dev="dm-0" ino=1315038 scontext=system_u:system_r:kernel_t:s0 tcontext=system_u:object_r:setfiles_exec_t:s0 tclass=file permissive=1
Aug 17 19:00:52 fedora audit[4669]: SYSCALL arch=c000003e syscall=59 success=yes exit=0 a0=7f64ea8dc170 a1=7f64ea8dc150 a2=7f64ea8611a0 a3=7f64ea7fe430 items=1 ppid=3092 pid=4669 auid=4294967295 uid=0 gid=0 euid=0 suid=0 fsuid=0 egid=0 sgid=0 fsgid=0 tty=(none) ses=4294967295 comm="restorecon" exe="/usr/bin/setfiles" subj=system_u:system_r:kernel_t:s0 key=(null)
Aug 17 19:00:52 fedora audit: EXECVE argc=3 a0="restorecon" a1="-r" a2="/home/alex"
Aug 17 19:00:52 fedora audit: CWD cwd="/"
Aug 17 19:00:52 fedora audit: PATH item=0 name="/lib64/ld-linux-x86-64.so.2" inode=1470182 dev=fc:00 mode=0100755 ouid=0 ogid=0 rdev=00:00 obj=system_u:object_r:ld_so_t:s0 nametype=NORMAL cap_fp=0 cap_fi=0 cap_fe=0 cap_fver=0 cap_frootid=0
Aug 17 19:00:52 fedora audit: PROCTITLE proctitle=726573746F7265636F6E002D72002F686F6D652F616C6578
Aug 17 19:00:52 fedora dbus-daemon[3092]: DEBUG:program:Return code of restorecon: 0
Aug 17 19:00:52 fedora dbus-daemon[3092]: INFO:program:Running... chpasswd -e -R /mnt/sysroot
Aug 17 19:00:52 fedora audit[4670]: AVC avc:  denied  { compute_av } for  pid=4670 comm="chpasswd" scontext=system_u:system_r:kernel_t:s0 tcontext=system_u:object_r:security_t:s0 tclass=security permissive=1
Aug 17 19:00:52 fedora audit[4670]: SYSCALL arch=c000003e syscall=1 success=yes exit=64 a0=3 a1=55ecc591fdb0 a2=40 a3=0 items=0 ppid=3092 pid=4670 auid=4294967295 uid=0 gid=0 euid=0 suid=0 fsuid=0 egid=0 sgid=0 fsgid=0 tty=(none) ses=4294967295 comm="chpasswd" exe="/usr/bin/chpasswd" subj=system_u:system_r:kernel_t:s0 key=(null)
Aug 17 19:00:52 fedora audit: PROCTITLE proctitle=6368706173737764002D65002D52002F6D6E742F737973726F6F74
Aug 17 19:00:52 fedora audit[4670]: AVC avc:  denied  { create } for  pid=4670 comm="chpasswd" scontext=system_u:system_r:kernel_t:s0 tcontext=system_u:system_r:kernel_t:s0 tclass=netlink_audit_socket permissive=1
Aug 17 19:00:52 fedora audit[4670]: SYSCALL arch=c000003e syscall=41 success=yes exit=3 a0=10 a1=80003 a2=9 a3=3 items=0 ppid=3092 pid=4670 auid=4294967295 uid=0 gid=0 euid=0 suid=0 fsuid=0 egid=0 sgid=0 fsgid=0 tty=(none) ses=4294967295 comm="chpasswd" exe="/usr/bin/chpasswd" subj=system_u:system_r:kernel_t:s0 key=(null)
Aug 17 19:00:52 fedora audit: PROCTITLE proctitle=6368706173737764002D65002D52002F6D6E742F737973726F6F74
Aug 17 19:00:52 fedora audit[4670]: USER_AVC pid=4670 uid=0 auid=4294967295 ses=4294967295 subj=system_u:system_r:kernel_t:s0 msg='avc:  denied  { passwd } for  scontext=system_u:system_r:kernel_t:s0 tcontext=system_u:system_r:kernel_t:s0 tclass=passwd permissive=1 exe="/usr/bin/chpasswd" sauid=0 hostname=? addr=? terminal=?'
Aug 17 19:00:52 fedora dbus-daemon[3092]: INFO:program:Running... chage -R /mnt/sysroot -d  alex
Aug 17 19:00:52 fedora audit[4671]: USER_AVC pid=4671 uid=0 auid=4294967295 ses=4294967295 subj=system_u:system_r:kernel_t:s0 msg='avc:  denied  { rootok } for  scontext=system_u:system_r:kernel_t:s0 tcontext=system_u:system_r:kernel_t:s0 tclass=passwd permissive=1 exe="/usr/bin/chage" sauid=0 hostname=? addr=? terminal=?'
Aug 17 19:00:52 fedora audit[4671]: AUDIT1102 pid=4671 uid=0 auid=4294967295 ses=4294967295 subj=system_u:system_r:kernel_t:s0 msg='op=change-last-change-date id=1000 exe="/usr/bin/chage" hostname=? addr=? terminal=? res=success'
Aug 17 19:00:52 fedora chage[4671]: changed password expiry for alex
Aug 17 19:00:52 fedora dbus-daemon[3092]: DEBUG:program:Return code of chage: 0
Aug 17 19:00:52 fedora dbus-daemon[3092]: INFO:anaconda.core.threads:Thread Done: AnaTaskThread-CreateUsersTask-1 (140071407716032)
Aug 17 19:00:52 fedora dbus-daemon[3092]: INFO:anaconda.core.threads:Running Thread: AnaTaskThread-SetRootPasswordTask-1 (140071407716032)
Aug 17 19:00:52 fedora dbus-daemon[3092]: INFO:anaconda.modules.common.task.task:Configure root password
Aug 17 19:00:52 fedora dbus-daemon[3092]: INFO:anaconda.core.users:user account root setup with no password
Aug 17 19:00:52 fedora dbus-daemon[3092]: INFO:anaconda.core.users:user account root locked
Aug 17 19:00:52 fedora dbus-daemon[3092]: INFO:program:Running... chpasswd -e -R /mnt/sysroot
Aug 17 19:00:52 fedora audit[4673]: USER_AVC pid=4673 uid=0 auid=4294967295 ses=4294967295 subj=system_u:system_r:kernel_t:s0 msg='avc:  denied  { passwd } for  scontext=system_u:system_r:kernel_t:s0 tcontext=system_u:system_r:kernel_t:s0 tclass=passwd permissive=1 exe="/usr/bin/chpasswd" sauid=0 hostname=? addr=? terminal=?'
Aug 17 19:00:52 fedora dbus-daemon[3092]: INFO:program:Running... chage -R /mnt/sysroot -d  root
Aug 17 19:00:52 fedora audit[4674]: USER_AVC pid=4674 uid=0 auid=4294967295 ses=4294967295 subj=system_u:system_r:kernel_t:s0 msg='avc:  denied  { rootok } for  scontext=system_u:system_r:kernel_t:s0 tcontext=system_u:system_r:kernel_t:s0 tclass=passwd permissive=1 exe="/usr/bin/chage" sauid=0 hostname=? addr=? terminal=?'
Aug 17 19:00:52 fedora audit[4674]: AUDIT1102 pid=4674 uid=0 auid=4294967295 ses=4294967295 subj=system_u:system_r:kernel_t:s0 msg='op=change-last-change-date id=0 exe="/usr/bin/chage" hostname=? addr=? terminal=? res=success'
Aug 17 19:00:52 fedora chage[4674]: changed password expiry for root
Aug 17 19:00:52 fedora dbus-daemon[3092]: DEBUG:program:Return code of chage: 0
Aug 17 19:00:52 fedora dbus-daemon[3092]: INFO:anaconda.core.threads:Thread Done: AnaTaskThread-SetRootPasswordTask-1 (140071407716032)
Aug 17 19:00:52 fedora dbus-daemon[3092]: INFO:anaconda.core.threads:Running Thread: AnaTaskThread-SetSshKeysTask-1 (140071407716032)
Aug 17 19:00:52 fedora dbus-daemon[3092]: INFO:anaconda.modules.common.task.task:Set SSH keys
Aug 17 19:00:52 fedora dbus-daemon[3092]: INFO:anaconda.core.threads:Thread Done: AnaTaskThread-SetSshKeysTask-1 (140071407716032)
Aug 17 19:00:52 fedora dbus-daemon[3092]: INFO:anaconda.core.threads:Running Thread: AnaTaskThread-ConfigureRootPasswordSSHLoginTask-1 (140071407716032)
Aug 17 19:00:52 fedora dbus-daemon[3092]: INFO:anaconda.modules.common.task.task:Configure optional root password SSH login
Aug 17 19:00:52 fedora dbus-daemon[3092]: DEBUG:anaconda.modules.users.installation:Not adding an override allowing root login with password via SSH.
Aug 17 19:00:52 fedora dbus-daemon[3092]: INFO:anaconda.core.threads:Thread Done: AnaTaskThread-ConfigureRootPasswordSSHLoginTask-1 (140071407716032)
Aug 17 19:00:52 fedora dbus-daemon[1453]: INFO:anaconda.modules.boss.installation:Queue started: Anaconda addon configuration (14/17)
Aug 17 19:00:52 fedora dbus-daemon[1453]: INFO:anaconda.modules.boss.installation:Queue started: Initramfs generation (15/17)
Aug 17 19:00:52 fedora dbus-daemon[3118]: DEBUG:dasbus.connection:Publishing an object at /org/fedoraproject/Anaconda/Modules/Storage/Task/13.
Aug 17 19:00:52 fedora dbus-daemon[3118]: DEBUG:dasbus.connection:Publishing an object at /org/fedoraproject/Anaconda/Modules/Storage/Task/14.
Aug 17 19:00:52 fedora dbus-daemon[3118]: INFO:anaconda.core.threads:Running Thread: AnaTaskThread-RecreateInitrdsTask-1 (140138752816832)
Aug 17 19:00:52 fedora dbus-daemon[3118]: INFO:anaconda.modules.common.task.task:Recreate the initrds
Aug 17 19:00:52 fedora dbus-daemon[3118]: DEBUG:anaconda.modules.storage.bootloader.installation:Don't regenerate initramfs on rpm-ostree systems.
Aug 17 19:00:52 fedora dbus-daemon[3118]: INFO:anaconda.core.threads:Thread Done: AnaTaskThread-RecreateInitrdsTask-1 (140138752816832)
Aug 17 19:00:52 fedora dbus-daemon[3118]: INFO:anaconda.core.threads:Running Thread: AnaTaskThread-FixBTRFSBootloaderTask-1 (140138752816832)
Aug 17 19:00:52 fedora dbus-daemon[3118]: INFO:anaconda.modules.common.task.task:Fix the bootloader on BTRFS
Aug 17 19:00:52 fedora dbus-daemon[3118]: DEBUG:anaconda.modules.storage.bootloader.installation:Only live payloads require this fix.
Aug 17 19:00:52 fedora dbus-daemon[3118]: INFO:anaconda.core.threads:Thread Done: AnaTaskThread-FixBTRFSBootloaderTask-1 (140138752816832)
Aug 17 19:00:52 fedora dbus-daemon[3096]: INFO:anaconda.core.threads:Running Thread: AnaTaskThread-ConfigureFIPSTask-1 (139777105979072)
Aug 17 19:00:52 fedora dbus-daemon[3096]: INFO:anaconda.modules.common.task.task:Configure FIPS
Aug 17 19:00:52 fedora dbus-daemon[3096]: DEBUG:anaconda.modules.security.installation:FIPS is not enabled. Skipping.
Aug 17 19:00:52 fedora dbus-daemon[3096]: INFO:anaconda.core.threads:Thread Done: AnaTaskThread-ConfigureFIPSTask-1 (139777105979072)
Aug 17 19:00:52 fedora dbus-daemon[3096]: INFO:anaconda.core.threads:Running Thread: AnaTaskThread-RealmJoinTask-1 (139777105979072)
Aug 17 19:00:52 fedora dbus-daemon[3096]: INFO:anaconda.modules.common.task.task:Join a realm
Aug 17 19:00:52 fedora dbus-daemon[3096]: DEBUG:anaconda.modules.security.installation:No realm has been discovered, so not joining any realm.
Aug 17 19:00:52 fedora dbus-daemon[3096]: INFO:anaconda.core.threads:Thread Done: AnaTaskThread-RealmJoinTask-1 (139777105979072)
Aug 17 19:00:52 fedora dbus-daemon[3118]: INFO:anaconda.core.threads:Running Thread: AnaTaskThread-FixZIPLBootloaderTask-1 (140138752816832)
Aug 17 19:00:52 fedora dbus-daemon[3118]: INFO:anaconda.modules.common.task.task:Rerun zipl
Aug 17 19:00:52 fedora dbus-daemon[3118]: DEBUG:anaconda.modules.storage.bootloader.installation:ZIPL can be run only on s390x.
Aug 17 19:00:52 fedora dbus-daemon[3118]: INFO:anaconda.core.threads:Thread Done: AnaTaskThread-FixZIPLBootloaderTask-1 (140138752816832)
Aug 17 19:00:52 fedora dbus-daemon[1453]: INFO:anaconda.modules.boss.installation:Queue started: Write configs and kickstarts (16/17)
Aug 17 19:00:52 fedora dbus-daemon[1453]: INFO:anaconda.modules.boss.boss:Generating kickstart data...
Aug 17 19:00:52 fedora dbus-daemon[3089]: DEBUG:anaconda.modules.common.base.base:Generating kickstart...
Aug 17 19:00:52 fedora dbus-daemon[3096]: DEBUG:anaconda.modules.common.base.base:Generating kickstart...
Aug 17 19:00:52 fedora dbus-daemon[3094]: DEBUG:anaconda.modules.common.base.base:Generating kickstart...
Aug 17 19:00:52 fedora dbus-daemon[3094]: DEBUG:anaconda.modules.runtime.scripts.scripts:Setup_kickstart
Aug 17 19:00:52 fedora dbus-daemon[3092]: DEBUG:anaconda.modules.common.base.base:Generating kickstart...
Aug 17 19:00:52 fedora dbus-daemon[3103]: DEBUG:anaconda.modules.common.base.base:Generating kickstart...
Aug 17 19:00:52 fedora dbus-daemon[3118]: DEBUG:anaconda.modules.common.base.base:Generating kickstart...
Aug 17 19:00:52 fedora dbus-daemon[3118]: INFO:anaconda.modules.storage.partitioning.base:Omitting kickstart data for: existing 80 GiB disk vda (4) with non-existent gpt disklabel
Aug 17 19:00:52 fedora dbus-daemon[3118]: INFO:anaconda.modules.storage.partitioning.base:Omitting kickstart data for: non-existent 76.98 GiB luks/dm-crypt luks-vda3 (71) with non-existent ext4 filesystem mounted at /
Aug 17 19:00:52 fedora dbus-daemon[3106]: DEBUG:anaconda.modules.common.base.base:Generating kickstart...
Aug 17 19:00:52 fedora dbus-daemon[3112]: DEBUG:anaconda.modules.common.base.base:Generating kickstart...
Aug 17 19:00:52 fedora dbus-daemon[3116]: DEBUG:anaconda.modules.common.base.base:Generating kickstart...
Aug 17 19:00:52 fedora dbus-daemon[3116]: DEBUG:anaconda.modules.network.network:using original kickstart data to generate kickstart
Aug 17 19:00:52 fedora dbus-daemon[1453]: INFO:anaconda.modules.boss.installation:Queue started: Post installation scripts (17/17)
Aug 17 19:00:52 fedora dbus-daemon[3094]: INFO:anaconda.core.threads:Running Thread: AnaTaskThread-RunScriptsTask-2 (140617258313408)
Aug 17 19:00:52 fedora dbus-daemon[3094]: INFO:anaconda.modules.common.task.task:Run scripts
Aug 17 19:00:52 fedora dbus-daemon[3094]: INFO:anaconda.core.threads:Thread Done: AnaTaskThread-RunScriptsTask-2 (140617258313408)
Aug 17 19:00:52 fedora dbus-daemon[1453]: INFO:anaconda.modules.boss.installation:Copying input kickstart file.
Aug 17 19:00:52 fedora dbus-daemon[1453]: INFO:anaconda.modules.boss.installation:Copying logs from the installation environment.
Aug 17 19:00:52 fedora dbus-daemon[1453]: INFO:anaconda.modules.boss.installation:Copying file: /tmp/packaging.log -> /var/log/anaconda/packaging.log
Aug 17 19:00:52 fedora dbus-daemon[1453]: INFO:anaconda.modules.boss.installation:Copying file: /tmp/storage.log -> /var/log/anaconda/storage.log
Aug 17 19:00:52 fedora dbus-daemon[1453]: INFO:program:Running... journalctl -b
Aug 17 19:00:52 fedora dbus-daemon[1453]: DEBUG:program:Return code of journalctl: 0
Aug 17 19:00:52 fedora dbus-daemon[1453]: INFO:anaconda.modules.boss.installation:Copying file: /tmp/journal.log -> /var/log/anaconda/journal.log
Aug 17 19:00:52 fedora dbus-daemon[1453]: INFO:anaconda.modules.boss.installation:Restoring SELinux contexts.
Aug 17 19:00:52 fedora dbus-daemon[1453]: INFO:program:Running in chroot '/mnt/sysroot'... restorecon -ir /boot /dev /etc /lib64 /root /usr/lib /usr/lib64 /var/cache/yum /var/home /var/lib /var/lock /var/log /var/media /var/mnt /var/opt /var/roothome /var/run /var/spool /var/srv
Aug 17 19:00:53 fedora dbus-daemon[1453]: DEBUG:program:Return code of restorecon: 0
Aug 17 19:00:53 fedora dbus-daemon[1453]: DEBUG:anaconda.modules.boss.installation:Task completed: Configuration queue (2/46) (4.1 s)
Aug 17 19:00:53 fedora dbus-daemon[1453]: INFO:anaconda.modules.boss.installation:All tasks in the installation queue are done. Installation successfully finished.
Aug 17 19:00:53 fedora dbus-daemon[1453]: INFO:anaconda.core.threads:Thread Done: AnaTaskThread-RunInstallationTask-1 (140428786529984)
Aug 17 19:00:53 fedora audit[4685]: AVC avc:  denied  { execute_no_trans } for  pid=4685 comm="bunny-installer" path="/usr/bin/systemd-run" dev="overlay" ino=6318 scontext=system_u:system_r:kernel_t:s0 tcontext=system_u:object_r:unlabeled_t:s0 tclass=file permissive=1
Aug 17 19:00:53 fedora audit[4685]: SYSCALL arch=c000003e syscall=59 success=yes exit=0 a0=7f53cfc6aef0 a1=7f53cfcf8210 a2=7ffeacd8fd00 a3=8 items=1 ppid=1372 pid=4685 auid=4294967295 uid=0 gid=0 euid=0 suid=0 fsuid=0 egid=0 sgid=0 fsgid=0 tty=(none) ses=4294967295 comm="systemd-run" exe="/usr/bin/systemd-run" subj=system_u:system_r:kernel_t:s0 key=(null)
Aug 17 19:00:53 fedora audit: BPRM_FCAPS fver=0 fp=0 fi=0 fe=0 old_pp=000001fbfffeff7f old_pi=0000000000200100 old_pe=000001fbfffeff7f old_pa=0 pp=000001fbfffeff7f pi=0000000000200100 pe=000001fbfffeff7f pa=0 frootid=0
Aug 17 19:00:53 fedora audit: EXECVE argc=8 a0="systemd-run" a1="--wait" a2="--pipe" a3="--collect" a4="--quiet" a5="bash" a6="-c" a7=756D61736B20303232202626206D6B646972202D70202D6D2030373535202F7661722F6D6E742F737973726F6F742F65746320262620636174203E202F7661722F6D6E742F737973726F6F742F6574632F6C6F63616C652E636F6E662026262063686D6F642030363434202F7661722F6D6E742F737973726F6F742F6574632F6C6F63616C652E636F6E66
Aug 17 19:00:53 fedora audit: CWD cwd="/"
Aug 17 19:00:53 fedora audit: PATH item=0 name="/lib64/ld-linux-x86-64.so.2" inode=113098 dev=00:24 mode=0100755 ouid=0 ogid=0 rdev=00:00 obj=system_u:object_r:unlabeled_t:s0 nametype=NORMAL cap_fp=0 cap_fi=0 cap_fe=0 cap_fver=0 cap_frootid=0
Aug 17 19:00:53 fedora audit: PROCTITLE proctitle=73797374656D642D72756E002D2D77616974002D2D70697065002D2D636F6C6C656374002D2D71756965740062617368002D6300756D61736B20303232202626206D6B646972202D70202D6D2030373535202F7661722F6D6E742F737973726F6F742F65746320262620636174203E202F7661722F6D6E742F737973726F6F74
Aug 17 19:00:53 fedora audit[1]: AVC avc:  denied  { setfscreate } for  pid=1 comm="systemd" scontext=system_u:system_r:kernel_t:s0 tcontext=system_u:system_r:kernel_t:s0 tclass=process permissive=1
Aug 17 19:00:53 fedora systemd[1]: Started run-p4685-i9534.service - [systemd-run] /usr/bin/bash -c "umask 022 && mkdir -p -m 0755 /var/mnt/sysroot/etc && cat > /var/mnt/sysroot/etc/locale.conf && chmod 0644 /var/mnt/sysroot/etc/locale.conf".
Aug 17 19:00:53 fedora audit[1]: SERVICE_START pid=1 uid=0 auid=4294967295 ses=4294967295 subj=system_u:system_r:kernel_t:s0 msg='unit=run-p4685-i9534 comm="systemd" exe="/usr/lib/systemd/systemd" hostname=? addr=? terminal=? res=success'
Aug 17 19:00:53 fedora audit[4686]: AVC avc:  denied  { search } for  pid=4686 comm="(bash)" name="pressure" dev="proc" ino=4026532058 scontext=system_u:system_r:kernel_t:s0 tcontext=system_u:object_r:proc_psi_t:s0 tclass=dir permissive=1
Aug 17 19:00:53 fedora audit[4686]: AVC avc:  denied  { read } for  pid=4686 comm="(bash)" name="cpu" dev="proc" ino=4026532061 scontext=system_u:system_r:kernel_t:s0 tcontext=system_u:object_r:proc_psi_t:s0 tclass=file permissive=1
Aug 17 19:00:53 fedora audit[4686]: AVC avc:  denied  { open } for  pid=4686 comm="(bash)" path="/proc/pressure/cpu" dev="proc" ino=4026532061 scontext=system_u:system_r:kernel_t:s0 tcontext=system_u:object_r:proc_psi_t:s0 tclass=file permissive=1
Aug 17 19:00:53 fedora audit[4686]: SYSCALL arch=c000003e syscall=257 success=yes exit=3 a0=ffffffffffffff9c a1=55abaab49e68 a2=80100 a3=0 items=1 ppid=1 pid=4686 auid=4294967295 uid=0 gid=0 euid=0 suid=0 fsuid=0 egid=0 sgid=0 fsgid=0 tty=(none) ses=4294967295 comm="(bash)" exe="/usr/lib/systemd/systemd-executor" subj=system_u:system_r:kernel_t:s0 key=(null)
Aug 17 19:00:53 fedora audit: CWD cwd="/"
Aug 17 19:00:53 fedora audit: PATH item=0 name="/proc/pressure/cpu" inode=4026532061 dev=00:19 mode=0100666 ouid=0 ogid=0 rdev=00:00 obj=system_u:object_r:proc_psi_t:s0 nametype=NORMAL cap_fp=0 cap_fi=0 cap_fe=0 cap_fver=0 cap_frootid=0
Aug 17 19:00:53 fedora audit: PROCTITLE proctitle="(bash)"
Aug 17 19:00:53 fedora audit[4686]: AVC avc:  denied  { getattr } for  pid=4686 comm="(bash)" path="/proc/pressure/cpu" dev="proc" ino=4026532061 scontext=system_u:system_r:kernel_t:s0 tcontext=system_u:object_r:proc_psi_t:s0 tclass=file permissive=1
Aug 17 19:00:53 fedora audit[4686]: SYSCALL arch=c000003e syscall=5 success=yes exit=0 a0=3 a1=7fff4ff860f0 a2=0 a3=0 items=0 ppid=1 pid=4686 auid=4294967295 uid=0 gid=0 euid=0 suid=0 fsuid=0 egid=0 sgid=0 fsgid=0 tty=(none) ses=4294967295 comm="(bash)" exe="/usr/lib/systemd/systemd-executor" subj=system_u:system_r:kernel_t:s0 key=(null)
Aug 17 19:00:53 fedora audit: PROCTITLE proctitle="(bash)"
Aug 17 19:00:53 fedora audit[4686]: AVC avc:  denied  { setrlimit } for  pid=4686 comm="(bash)" scontext=system_u:system_r:kernel_t:s0 tcontext=system_u:system_r:kernel_t:s0 tclass=process permissive=1
Aug 17 19:00:53 fedora audit[4686]: SYSCALL arch=c000003e syscall=302 success=yes exit=0 a0=0 a1=7 a2=55abe303d580 a3=0 items=0 ppid=1 pid=4686 auid=4294967295 uid=0 gid=0 euid=0 suid=0 fsuid=0 egid=0 sgid=0 fsgid=0 tty=(none) ses=4294967295 comm="(bash)" exe="/usr/lib/systemd/systemd-executor" subj=system_u:system_r:kernel_t:s0 key=(null)
Aug 17 19:00:53 fedora audit: PROCTITLE proctitle="(bash)"
Aug 17 19:00:53 fedora systemd[1]: run-p4685-i9534.service: Deactivated successfully.
Aug 17 19:00:53 fedora audit[1]: SERVICE_STOP pid=1 uid=0 auid=4294967295 ses=4294967295 subj=system_u:system_r:kernel_t:s0 msg='unit=run-p4685-i9534 comm="systemd" exe="/usr/lib/systemd/systemd" hostname=? addr=? terminal=? res=success'
Aug 17 19:00:53 fedora audit[1]: SERVICE_START pid=1 uid=0 auid=4294967295 ses=4294967295 subj=system_u:system_r:kernel_t:s0 msg='unit=run-p4692-i9538 comm="systemd" exe="/usr/lib/systemd/systemd" hostname=? addr=? terminal=? res=success'
Aug 17 19:00:53 fedora systemd[1]: Started run-p4692-i9538.service - [systemd-run] /usr/bin/bash -c "cat /var/mnt/sysroot/etc/locale.conf".
Aug 17 19:00:53 fedora systemd[1]: run-p4692-i9538.service: Deactivated successfully.
Aug 17 19:00:53 fedora audit[1]: SERVICE_STOP pid=1 uid=0 auid=4294967295 ses=4294967295 subj=system_u:system_r:kernel_t:s0 msg='unit=run-p4692-i9538 comm="systemd" exe="/usr/lib/systemd/systemd" hostname=? addr=? terminal=? res=success'
Aug 17 19:00:53 fedora systemd[1]: Started run-p4697-i13376.service - [systemd-run] /usr/bin/bash -c "cat /var/mnt/sysroot/etc/vconsole.conf".
Aug 17 19:00:53 fedora audit[1]: SERVICE_START pid=1 uid=0 auid=4294967295 ses=4294967295 subj=system_u:system_r:kernel_t:s0 msg='unit=run-p4697-i13376 comm="systemd" exe="/usr/lib/systemd/systemd" hostname=? addr=? terminal=? res=success'
Aug 17 19:00:53 fedora systemd[1]: run-p4697-i13376.service: Deactivated successfully.
Aug 17 19:00:53 fedora audit[1]: SERVICE_STOP pid=1 uid=0 auid=4294967295 ses=4294967295 subj=system_u:system_r:kernel_t:s0 msg='unit=run-p4697-i13376 comm="systemd" exe="/usr/lib/systemd/systemd" hostname=? addr=? terminal=? res=success'
Aug 17 19:00:53 fedora audit[1]: SERVICE_START pid=1 uid=0 auid=4294967295 ses=4294967295 subj=system_u:system_r:kernel_t:s0 msg='unit=run-p4702-i13377 comm="systemd" exe="/usr/lib/systemd/systemd" hostname=? addr=? terminal=? res=success'
Aug 17 19:00:53 fedora systemd[1]: Started run-p4702-i13377.service - [systemd-run] /usr/bin/bash -c "umask 022 && mkdir -p -m 0755 /var/mnt/sysroot/etc && cat > /var/mnt/sysroot/etc/hostname && chmod 0644 /var/mnt/sysroot/etc/hostname".
Aug 17 19:00:53 fedora audit[1]: SERVICE_STOP pid=1 uid=0 auid=4294967295 ses=4294967295 subj=system_u:system_r:kernel_t:s0 msg='unit=run-p4702-i13377 comm="systemd" exe="/usr/lib/systemd/systemd" hostname=? addr=? terminal=? res=success'
Aug 17 19:00:53 fedora systemd[1]: run-p4702-i13377.service: Deactivated successfully.
Aug 17 19:00:53 fedora systemd[1]: Started run-p4709-i9543.service - [systemd-run] /usr/bin/bash -c "cat /var/mnt/sysroot/etc/hostname".
Aug 17 19:00:53 fedora audit[1]: SERVICE_START pid=1 uid=0 auid=4294967295 ses=4294967295 subj=system_u:system_r:kernel_t:s0 msg='unit=run-p4709-i9543 comm="systemd" exe="/usr/lib/systemd/systemd" hostname=? addr=? terminal=? res=success'
Aug 17 19:00:53 fedora systemd[1]: run-p4709-i9543.service: Deactivated successfully.
Aug 17 19:00:53 fedora audit[1]: SERVICE_STOP pid=1 uid=0 auid=4294967295 ses=4294967295 subj=system_u:system_r:kernel_t:s0 msg='unit=run-p4709-i9543 comm="systemd" exe="/usr/lib/systemd/systemd" hostname=? addr=? terminal=? res=success'
Aug 17 19:00:53 fedora audit[1]: SERVICE_START pid=1 uid=0 auid=4294967295 ses=4294967295 subj=system_u:system_r:kernel_t:s0 msg='unit=run-p4714-i13378 comm="systemd" exe="/usr/lib/systemd/systemd" hostname=? addr=? terminal=? res=success'
Aug 17 19:00:53 fedora systemd[1]: Started run-p4714-i13378.service - [systemd-run] /usr/bin/bash -c "umask 022 && mkdir -p -m 0755 /var/mnt/sysroot/var/lib/AccountsService/users && cat > /var/mnt/sysroot/var/lib/AccountsService/users/alex && chmod 0600 /var/mnt/sysroot/var/lib/AccountsService/users/alex".
Aug 17 19:00:53 fedora systemd[1]: run-p4714-i13378.service: Deactivated successfully.
Aug 17 19:00:53 fedora audit[1]: SERVICE_STOP pid=1 uid=0 auid=4294967295 ses=4294967295 subj=system_u:system_r:kernel_t:s0 msg='unit=run-p4714-i13378 comm="systemd" exe="/usr/lib/systemd/systemd" hostname=? addr=? terminal=? res=success'
Aug 17 19:00:53 fedora audit[1]: SERVICE_START pid=1 uid=0 auid=4294967295 ses=4294967295 subj=system_u:system_r:kernel_t:s0 msg='unit=run-p4721-i1272 comm="systemd" exe="/usr/lib/systemd/systemd" hostname=? addr=? terminal=? res=success'
Aug 17 19:00:53 fedora systemd[1]: Started run-p4721-i1272.service - [systemd-run] /usr/bin/bash -c "cat /var/mnt/sysroot/var/lib/AccountsService/users/alex".
Aug 17 19:00:53 fedora systemd[1]: run-p4721-i1272.service: Deactivated successfully.
Aug 17 19:00:53 fedora audit[1]: SERVICE_STOP pid=1 uid=0 auid=4294967295 ses=4294967295 subj=system_u:system_r:kernel_t:s0 msg='unit=run-p4721-i1272 comm="systemd" exe="/usr/lib/systemd/systemd" hostname=? addr=? terminal=? res=success'
Aug 17 19:00:53 fedora audit[1]: SERVICE_START pid=1 uid=0 auid=4294967295 ses=4294967295 subj=system_u:system_r:kernel_t:s0 msg='unit=run-p4726-i13380 comm="systemd" exe="/usr/lib/systemd/systemd" hostname=? addr=? terminal=? res=success'
Aug 17 19:00:53 fedora systemd[1]: Started run-p4726-i13380.service - [systemd-run] /usr/bin/bash -c "umask 022 && mkdir -p -m 0755 /var/mnt/sysroot/var/lib/bunny-setup && cat > /var/mnt/sysroot/var/lib/bunny-setup/choices.json && chmod 0644 /var/mnt/sysroot/var/lib/bunny-setup/choices.json".
Aug 17 19:00:53 fedora systemd[1]: run-p4726-i13380.service: Deactivated successfully.
Aug 17 19:00:53 fedora audit[1]: SERVICE_STOP pid=1 uid=0 auid=4294967295 ses=4294967295 subj=system_u:system_r:kernel_t:s0 msg='unit=run-p4726-i13380 comm="systemd" exe="/usr/lib/systemd/systemd" hostname=? addr=? terminal=? res=success'
Aug 17 19:00:54 fedora systemd[1]: Started run-p4733-i1275.service - [systemd-run] /usr/bin/bash -c "cat /var/mnt/sysroot/var/lib/bunny-setup/choices.json".
Aug 17 19:00:54 fedora audit[1]: SERVICE_START pid=1 uid=0 auid=4294967295 ses=4294967295 subj=system_u:system_r:kernel_t:s0 msg='unit=run-p4733-i1275 comm="systemd" exe="/usr/lib/systemd/systemd" hostname=? addr=? terminal=? res=success'
Aug 17 19:00:54 fedora systemd[1]: run-p4733-i1275.service: Deactivated successfully.
Aug 17 19:00:54 fedora audit[1]: SERVICE_STOP pid=1 uid=0 auid=4294967295 ses=4294967295 subj=system_u:system_r:kernel_t:s0 msg='unit=run-p4733-i1275 comm="systemd" exe="/usr/lib/systemd/systemd" hostname=? addr=? terminal=? res=success'
Aug 17 19:00:54 fedora systemd[1]: Started run-p4738-i1276.service - [systemd-run] /usr/bin/bash -c "mkdir -p /var/mnt/sysroot/var/log/anaconda && journalctl --no-pager -b > /var/mnt/sysroot/var/log/anaconda/bunny-install-journal.log && chmod 0600 /var/mnt/sysroot/var/log/anaconda/bunny-install-journal.log".
Aug 17 19:00:54 fedora audit[1]: SERVICE_START pid=1 uid=0 auid=4294967295 ses=4294967295 subj=system_u:system_r:kernel_t:s0 msg='unit=run-p4738-i1276 comm="systemd" exe="/usr/lib/systemd/systemd" hostname=? addr=? terminal=? res=success'
